timestamp,run_id,index,utilization.gpu,utilization.memory,memory.used,memory.total,power.draw,temperature.gpu
2026-08-25T23:55:26.970341+00:00,20260825T235526Z_heavy_c2048_a9ff2b,0,[N/A],[N/A],31423,40960,168.14,49
2026-08-25T23:55:26.970341+00:00,20260825T235526Z_heavy_c2048_a9ff2b,1,[N/A],[N/A],213,40960,33.85,27
2026-08-25T23:55:26.970341+00:00,20260825T235526Z_heavy_c2048_a9ff2b,2,[N/A],[N/A],213,40960,34.49,27
2026-08-25T23:55:28.051347+00:00,20260825T235526Z_heavy_c2048_a9ff2b,0,[N/A],[N/A],31423,40960,189.67,50
2026-08-25T23:55:28.051347+00:00,20260825T235526Z_heavy_c2048_a9ff2b,1,[N/A],[N/A],213,40960,33.83,27
2026-08-25T23:55:28.051347+00:00,20260825T235526Z_heavy_c2048_a9ff2b,2,[N/A],[N/A],213,40960,34.59,27
2026-08-25T23:55:29.119729+00:00,20260825T235526Z_heavy_c2048_a9ff2b,0,[N/A],[N/A],31423,40960,246.16,50
2026-08-25T23:55:29.119729+00:00,20260825T235526Z_heavy_c2048_a9ff2b,1,[N/A],[N/A],213,40960,33.92,27
2026-08-25T23:55:29.119729+00:00,20260825T235526Z_heavy_c2048_a9ff2b,2,[N/A],[N/A],213,40960,34.56,27
2026-08-25T23:55:30.226069+00:00,20260825T235526Z_heavy_c2048_a9ff2b,0,[N/A],[N/A],31423,40960,143.97,50
2026-08-25T23:55:30.226069+00:00,20260825T235526Z_heavy_c2048_a9ff2b,1,[N/A],[N/A],213,40960,33.85,27
2026-08-25T23:55:30.226069+00:00,20260825T235526Z_heavy_c2048_a9ff2b,2,[N/A],[N/A],213,40960,34.49,27
2026-08-25T23:55:31.286807+00:00,20260825T235526Z_heavy_c2048_a9ff2b,0,[N/A],[N/A],31423,40960,146.68,49
2026-08-25T23:55:31.286807+00:00,20260825T235526Z_heavy_c2048_a9ff2b,1,[N/A],[N/A],213,40960,33.85,27
2026-08-25T23:55:31.286807+00:00,20260825T235526Z_heavy_c2048_a9ff2b,2,[N/A],[N/A],213,40960,34.59,27
2026-08-25T23:55:32.385259+00:00,20260825T235526Z_heavy_c2048_a9ff2b,0,[N/A],[N/A],31423,40960,164.33,50
2026-08-25T23:55:32.385259+00:00,20260825T235526Z_heavy_c2048_a9ff2b,1,[N/A],[N/A],213,40960,33.85,27
2026-08-25T23:55:32.385259+00:00,20260825T235526Z_heavy_c2048_a9ff2b,2,[N/A],[N/A],213,40960,34.59,27
2026-08-25T23:55:33.476048+00:00,20260825T235526Z_heavy_c2048_a9ff2b,0,[N/A],[N/A],31423,40960,133.42,49
2026-08-25T23:55:33.476048+00:00,20260825T235526Z_heavy_c2048_a9ff2b,1,[N/A],[N/A],213,40960,33.85,27
2026-08-25T23:55:33.476048+00:00,20260825T235526Z_heavy_c2048_a9ff2b,2,[N/A],[N/A],213,40960,34.49,27
2026-08-25T23:55:34.565982+00:00,20260825T235526Z_heavy_c2048_a9ff2b,0,[N/A],[N/A],31423,40960,148.59,49
2026-08-25T23:55:34.565982+00:00,20260825T235526Z_heavy_c2048_a9ff2b,1,[N/A],[N/A],213,40960,34.24,27
2026-08-25T23:55:34.565982+00:00,20260825T235526Z_heavy_c2048_a9ff2b,2,[N/A],[N/A],213,40960,34.59,27
2026-08-25T23:55:35.637055+00:00,20260825T235526Z_heavy_c2048_a9ff2b,0,[N/A],[N/A],31423,40960,168.19,49
2026-08-25T23:55:35.637055+00:00,20260825T235526Z_heavy_c2048_a9ff2b,1,[N/A],[N/A],213,40960,33.85,27
2026-08-25T23:55:35.637055+00:00,20260825T235526Z_heavy_c2048_a9ff2b,2,[N/A],[N/A],213,40960,34.50,27
2026-08-25T23:55:36.753056+00:00,20260825T235526Z_heavy_c2048_a9ff2b,0,[N/A],[N/A],31423,40960,143.84,49
2026-08-25T23:55:36.753056+00:00,20260825T235526Z_heavy_c2048_a9ff2b,1,[N/A],[N/A],213,40960,33.85,27
2026-08-25T23:55:36.753056+00:00,20260825T235526Z_heavy_c2048_a9ff2b,2,[N/A],[N/A],213,40960,34.49,27
2026-08-25T23:55:37.852904+00:00,20260825T235526Z_heavy_c2048_a9ff2b,0,[N/A],[N/A],31423,40960,170.42,50
2026-08-25T23:55:37.852904+00:00,20260825T235526Z_heavy_c2048_a9ff2b,1,[N/A],[N/A],213,40960,33.85,27
2026-08-25T23:55:37.852904+00:00,20260825T235526Z_heavy_c2048_a9ff2b,2,[N/A],[N/A],213,40960,34.59,27
2026-08-25T23:55:38.950049+00:00,20260825T235526Z_heavy_c2048_a9ff2b,0,[N/A],[N/A],31423,40960,120.77,49
2026-08-25T23:55:38.950049+00:00,20260825T235526Z_heavy_c2048_a9ff2b,1,[N/A],[N/A],213,40960,33.86,26
2026-08-25T23:55:38.950049+00:00,20260825T235526Z_heavy_c2048_a9ff2b,2,[N/A],[N/A],213,40960,34.49,27
2026-08-25T23:55:40.049059+00:00,20260825T235526Z_heavy_c2048_a9ff2b,0,[N/A],[N/A],31647,40960,179.92,50
2026-08-25T23:55:40.049059+00:00,20260825T235526Z_heavy_c2048_a9ff2b,1,[N/A],[N/A],213,40960,33.95,27
2026-08-25T23:55:40.049059+00:00,20260825T235526Z_heavy_c2048_a9ff2b,2,[N/A],[N/A],213,40960,34.47,27
2026-08-25T23:55:41.146174+00:00,20260825T235526Z_heavy_c2048_a9ff2b,0,[N/A],[N/A],31759,40960,239.30,53
2026-08-25T23:55:41.146174+00:00,20260825T235526Z_heavy_c2048_a9ff2b,1,[N/A],[N/A],213,40960,33.83,27
2026-08-25T23:55:41.146174+00:00,20260825T235526Z_heavy_c2048_a9ff2b,2,[N/A],[N/A],213,40960,34.56,27
2026-08-25T23:55:42.223040+00:00,20260825T235526Z_heavy_c2048_a9ff2b,0,[N/A],[N/A],31759,40960,269.55,54
2026-08-25T23:55:42.223040+00:00,20260825T235526Z_heavy_c2048_a9ff2b,1,[N/A],[N/A],213,40960,33.91,27
2026-08-25T23:55:42.223040+00:00,20260825T235526Z_heavy_c2048_a9ff2b,2,[N/A],[N/A],213,40960,34.59,27
2026-08-25T23:55:43.288646+00:00,20260825T235526Z_heavy_c2048_a9ff2b,0,[N/A],[N/A],31759,40960,245.56,54
2026-08-25T23:55:43.288646+00:00,20260825T235526Z_heavy_c2048_a9ff2b,1,[N/A],[N/A],213,40960,33.91,27
2026-08-25T23:55:43.288646+00:00,20260825T235526Z_heavy_c2048_a9ff2b,2,[N/A],[N/A],213,40960,34.56,27
2026-08-25T23:55:44.385060+00:00,20260825T235526Z_heavy_c2048_a9ff2b,0,[N/A],[N/A],31759,40960,284.52,55
2026-08-25T23:55:44.385060+00:00,20260825T235526Z_heavy_c2048_a9ff2b,1,[N/A],[N/A],213,40960,33.91,27
2026-08-25T23:55:44.385060+00:00,20260825T235526Z_heavy_c2048_a9ff2b,2,[N/A],[N/A],213,40960,34.56,27
2026-08-25T23:55:45.494276+00:00,20260825T235526Z_heavy_c2048_a9ff2b,0,[N/A],[N/A],31759,40960,280.26,55
2026-08-25T23:55:45.494276+00:00,20260825T235526Z_heavy_c2048_a9ff2b,1,[N/A],[N/A],213,40960,33.92,27
2026-08-25T23:55:45.494276+00:00,20260825T235526Z_heavy_c2048_a9ff2b,2,[N/A],[N/A],213,40960,34.56,27
2026-08-25T23:55:46.576043+00:00,20260825T235526Z_heavy_c2048_a9ff2b,0,[N/A],[N/A],31759,40960,263.93,55
2026-08-25T23:55:46.576043+00:00,20260825T235526Z_heavy_c2048_a9ff2b,1,[N/A],[N/A],213,40960,34.02,27
2026-08-25T23:55:46.576043+00:00,20260825T235526Z_heavy_c2048_a9ff2b,2,[N/A],[N/A],213,40960,34.56,27
2026-08-25T23:55:47.668099+00:00,20260825T235526Z_heavy_c2048_a9ff2b,0,[N/A],[N/A],31759,40960,207.80,55
2026-08-25T23:55:47.668099+00:00,20260825T235526Z_heavy_c2048_a9ff2b,1,[N/A],[N/A],213,40960,33.93,27
2026-08-25T23:55:47.668099+00:00,20260825T235526Z_heavy_c2048_a9ff2b,2,[N/A],[N/A],213,40960,34.59,27
2026-08-25T23:55:48.770065+00:00,20260825T235526Z_heavy_c2048_a9ff2b,0,[N/A],[N/A],31759,40960,145.56,54
2026-08-25T23:55:48.770065+00:00,20260825T235526Z_heavy_c2048_a9ff2b,1,[N/A],[N/A],213,40960,33.85,27
2026-08-25T23:55:48.770065+00:00,20260825T235526Z_heavy_c2048_a9ff2b,2,[N/A],[N/A],213,40960,34.59,27
2026-08-25T23:55:49.856250+00:00,20260825T235526Z_heavy_c2048_a9ff2b,0,[N/A],[N/A],31759,40960,163.15,53
2026-08-25T23:55:49.856250+00:00,20260825T235526Z_heavy_c2048_a9ff2b,1,[N/A],[N/A],213,40960,33.76,27
2026-08-25T23:55:49.856250+00:00,20260825T235526Z_heavy_c2048_a9ff2b,2,[N/A],[N/A],213,40960,34.59,27
2026-08-25T23:55:50.961051+00:00,20260825T235526Z_heavy_c2048_a9ff2b,0,[N/A],[N/A],31759,40960,139.52,53
2026-08-25T23:55:50.961051+00:00,20260825T235526Z_heavy_c2048_a9ff2b,1,[N/A],[N/A],213,40960,33.95,27
2026-08-25T23:55:50.961051+00:00,20260825T235526Z_heavy_c2048_a9ff2b,2,[N/A],[N/A],213,40960,34.61,27
2026-08-25T23:55:52.028046+00:00,20260825T235526Z_heavy_c2048_a9ff2b,0,[N/A],[N/A],32095,40960,269.55,55
2026-08-25T23:55:52.028046+00:00,20260825T235526Z_heavy_c2048_a9ff2b,1,[N/A],[N/A],213,40960,33.81,26
2026-08-25T23:55:52.028046+00:00,20260825T235526Z_heavy_c2048_a9ff2b,2,[N/A],[N/A],213,40960,34.47,27
2026-08-25T23:55:53.102482+00:00,20260825T235526Z_heavy_c2048_a9ff2b,0,[N/A],[N/A],32095,40960,268.78,56
2026-08-25T23:55:53.102482+00:00,20260825T235526Z_heavy_c2048_a9ff2b,1,[N/A],[N/A],213,40960,33.84,27
2026-08-25T23:55:53.102482+00:00,20260825T235526Z_heavy_c2048_a9ff2b,2,[N/A],[N/A],213,40960,34.56,27
2026-08-25T23:55:54.200042+00:00,20260825T235526Z_heavy_c2048_a9ff2b,0,[N/A],[N/A],32095,40960,225.55,56
2026-08-25T23:55:54.200042+00:00,20260825T235526Z_heavy_c2048_a9ff2b,1,[N/A],[N/A],213,40960,33.93,26
2026-08-25T23:55:54.200042+00:00,20260825T235526Z_heavy_c2048_a9ff2b,2,[N/A],[N/A],213,40960,34.68,27
2026-08-25T23:55:55.297059+00:00,20260825T235526Z_heavy_c2048_a9ff2b,0,[N/A],[N/A],32095,40960,284.34,56
2026-08-25T23:55:55.297059+00:00,20260825T235526Z_heavy_c2048_a9ff2b,1,[N/A],[N/A],213,40960,33.93,27
2026-08-25T23:55:55.297059+00:00,20260825T235526Z_heavy_c2048_a9ff2b,2,[N/A],[N/A],213,40960,34.68,27
2026-08-25T23:55:56.384031+00:00,20260825T235526Z_heavy_c2048_a9ff2b,0,[N/A],[N/A],32095,40960,179.49,57
2026-08-25T23:55:56.384031+00:00,20260825T235526Z_heavy_c2048_a9ff2b,1,[N/A],[N/A],213,40960,33.83,26
2026-08-25T23:55:56.384031+00:00,20260825T235526Z_heavy_c2048_a9ff2b,2,[N/A],[N/A],213,40960,34.67,27
2026-08-25T23:55:57.484049+00:00,20260825T235526Z_heavy_c2048_a9ff2b,0,[N/A],[N/A],32095,40960,242.02,57
2026-08-25T23:55:57.484049+00:00,20260825T235526Z_heavy_c2048_a9ff2b,1,[N/A],[N/A],213,40960,33.93,26
2026-08-25T23:55:57.484049+00:00,20260825T235526Z_heavy_c2048_a9ff2b,2,[N/A],[N/A],213,40960,34.68,27
2026-08-25T23:55:58.556287+00:00,20260825T235526Z_heavy_c2048_a9ff2b,0,[N/A],[N/A],32095,40960,208.31,57
2026-08-25T23:55:58.556287+00:00,20260825T235526Z_heavy_c2048_a9ff2b,1,[N/A],[N/A],213,40960,33.93,27
2026-08-25T23:55:58.556287+00:00,20260825T235526Z_heavy_c2048_a9ff2b,2,[N/A],[N/A],213,40960,34.56,27
2026-08-25T23:55:59.623525+00:00,20260825T235526Z_heavy_c2048_a9ff2b,0,[N/A],[N/A],32095,40960,196.01,56
2026-08-25T23:55:59.623525+00:00,20260825T235526Z_heavy_c2048_a9ff2b,1,[N/A],[N/A],213,40960,33.83,26
2026-08-25T23:55:59.623525+00:00,20260825T235526Z_heavy_c2048_a9ff2b,2,[N/A],[N/A],213,40960,34.60,27
2026-08-25T23:56:00.693058+00:00,20260825T235526Z_heavy_c2048_a9ff2b,0,[N/A],[N/A],32095,40960,156.74,55
2026-08-25T23:56:00.693058+00:00,20260825T235526Z_heavy_c2048_a9ff2b,1,[N/A],[N/A],213,40960,33.95,26
2026-08-25T23:56:00.693058+00:00,20260825T235526Z_heavy_c2048_a9ff2b,2,[N/A],[N/A],213,40960,34.59,27
2026-08-25T23:56:01.757549+00:00,20260825T235526Z_heavy_c2048_a9ff2b,0,[N/A],[N/A],32095,40960,147.97,54
2026-08-25T23:56:01.757549+00:00,20260825T235526Z_heavy_c2048_a9ff2b,1,[N/A],[N/A],213,40960,33.85,26
2026-08-25T23:56:01.757549+00:00,20260825T235526Z_heavy_c2048_a9ff2b,2,[N/A],[N/A],213,40960,34.49,27
2026-08-25T23:56:02.856141+00:00,20260825T235526Z_heavy_c2048_a9ff2b,0,[N/A],[N/A],32095,40960,156.93,54
2026-08-25T23:56:02.856141+00:00,20260825T235526Z_heavy_c2048_a9ff2b,1,[N/A],[N/A],213,40960,33.95,26
2026-08-25T23:56:02.856141+00:00,20260825T235526Z_heavy_c2048_a9ff2b,2,[N/A],[N/A],213,40960,34.59,27
2026-08-25T23:56:03.943207+00:00,20260825T235526Z_heavy_c2048_a9ff2b,0,[N/A],[N/A],32095,40960,164.38,55
2026-08-25T23:56:03.943207+00:00,20260825T235526Z_heavy_c2048_a9ff2b,1,[N/A],[N/A],213,40960,33.85,26
2026-08-25T23:56:03.943207+00:00,20260825T235526Z_heavy_c2048_a9ff2b,2,[N/A],[N/A],213,40960,34.70,27
2026-08-25T23:56:05.043369+00:00,20260825T235526Z_heavy_c2048_a9ff2b,0,[N/A],[N/A],32095,40960,176.20,54
2026-08-25T23:56:05.043369+00:00,20260825T235526Z_heavy_c2048_a9ff2b,1,[N/A],[N/A],213,40960,33.84,27
2026-08-25T23:56:05.043369+00:00,20260825T235526Z_heavy_c2048_a9ff2b,2,[N/A],[N/A],213,40960,34.59,27
2026-08-25T23:56:06.143170+00:00,20260825T235526Z_heavy_c2048_a9ff2b,0,[N/A],[N/A],32095,40960,151.01,55
2026-08-25T23:56:06.143170+00:00,20260825T235526Z_heavy_c2048_a9ff2b,1,[N/A],[N/A],213,40960,33.76,26
2026-08-25T23:56:06.143170+00:00,20260825T235526Z_heavy_c2048_a9ff2b,2,[N/A],[N/A],213,40960,34.70,27
2026-08-25T23:56:07.232216+00:00,20260825T235526Z_heavy_c2048_a9ff2b,0,[N/A],[N/A],32095,40960,170.16,55
2026-08-25T23:56:07.232216+00:00,20260825T235526Z_heavy_c2048_a9ff2b,1,[N/A],[N/A],213,40960,33.95,26
2026-08-25T23:56:07.232216+00:00,20260825T235526Z_heavy_c2048_a9ff2b,2,[N/A],[N/A],213,40960,35.01,27
2026-08-25T23:56:08.317800+00:00,20260825T235526Z_heavy_c2048_a9ff2b,0,[N/A],[N/A],32431,40960,217.94,57
2026-08-25T23:56:08.317800+00:00,20260825T235526Z_heavy_c2048_a9ff2b,1,[N/A],[N/A],213,40960,34.02,27
2026-08-25T23:56:08.317800+00:00,20260825T235526Z_heavy_c2048_a9ff2b,2,[N/A],[N/A],213,40960,34.56,27
2026-08-25T23:56:09.414064+00:00,20260825T235526Z_heavy_c2048_a9ff2b,0,[N/A],[N/A],32431,40960,279.07,58
2026-08-25T23:56:09.414064+00:00,20260825T235526Z_heavy_c2048_a9ff2b,1,[N/A],[N/A],213,40960,33.93,26
2026-08-25T23:56:09.414064+00:00,20260825T235526Z_heavy_c2048_a9ff2b,2,[N/A],[N/A],213,40960,34.56,27
2026-08-25T23:56:10.496696+00:00,20260825T235526Z_heavy_c2048_a9ff2b,0,[N/A],[N/A],32431,40960,213.33,58
2026-08-25T23:56:10.496696+00:00,20260825T235526Z_heavy_c2048_a9ff2b,1,[N/A],[N/A],213,40960,34.12,27
2026-08-25T23:56:10.496696+00:00,20260825T235526Z_heavy_c2048_a9ff2b,2,[N/A],[N/A],213,40960,34.58,27
2026-08-25T23:56:11.597272+00:00,20260825T235526Z_heavy_c2048_a9ff2b,0,[N/A],[N/A],32431,40960,243.05,58
2026-08-25T23:56:11.597272+00:00,20260825T235526Z_heavy_c2048_a9ff2b,1,[N/A],[N/A],213,40960,33.91,27
2026-08-25T23:56:11.597272+00:00,20260825T235526Z_heavy_c2048_a9ff2b,2,[N/A],[N/A],213,40960,34.56,27
2026-08-25T23:56:12.690044+00:00,20260825T235526Z_heavy_c2048_a9ff2b,0,[N/A],[N/A],32431,40960,264.38,59
2026-08-25T23:56:12.690044+00:00,20260825T235526Z_heavy_c2048_a9ff2b,1,[N/A],[N/A],213,40960,33.83,27
2026-08-25T23:56:12.690044+00:00,20260825T235526Z_heavy_c2048_a9ff2b,2,[N/A],[N/A],213,40960,34.56,27
2026-08-25T23:56:13.770497+00:00,20260825T235526Z_heavy_c2048_a9ff2b,0,[N/A],[N/A],32431,40960,234.67,58
2026-08-25T23:56:13.770497+00:00,20260825T235526Z_heavy_c2048_a9ff2b,1,[N/A],[N/A],213,40960,33.93,26
2026-08-25T23:56:13.770497+00:00,20260825T235526Z_heavy_c2048_a9ff2b,2,[N/A],[N/A],213,40960,34.54,27
2026-08-25T23:56:14.856509+00:00,20260825T235526Z_heavy_c2048_a9ff2b,0,[N/A],[N/A],32431,40960,253.78,59
2026-08-25T23:56:14.856509+00:00,20260825T235526Z_heavy_c2048_a9ff2b,1,[N/A],[N/A],213,40960,34.12,26
2026-08-25T23:56:14.856509+00:00,20260825T235526Z_heavy_c2048_a9ff2b,2,[N/A],[N/A],213,40960,34.47,27
2026-08-25T23:56:15.929294+00:00,20260825T235526Z_heavy_c2048_a9ff2b,0,[N/A],[N/A],32431,40960,256.90,60
2026-08-25T23:56:15.929294+00:00,20260825T235526Z_heavy_c2048_a9ff2b,1,[N/A],[N/A],213,40960,34.20,27
2026-08-25T23:56:15.929294+00:00,20260825T235526Z_heavy_c2048_a9ff2b,2,[N/A],[N/A],213,40960,34.56,27
2026-08-25T23:56:17.023493+00:00,20260825T235526Z_heavy_c2048_a9ff2b,0,[N/A],[N/A],32431,40960,257.65,60
2026-08-25T23:56:17.023493+00:00,20260825T235526Z_heavy_c2048_a9ff2b,1,[N/A],[N/A],213,40960,34.03,26
2026-08-25T23:56:17.023493+00:00,20260825T235526Z_heavy_c2048_a9ff2b,2,[N/A],[N/A],213,40960,34.47,27
2026-08-25T23:56:18.116056+00:00,20260825T235526Z_heavy_c2048_a9ff2b,0,[N/A],[N/A],32431,40960,142.85,58
2026-08-25T23:56:18.116056+00:00,20260825T235526Z_heavy_c2048_a9ff2b,1,[N/A],[N/A],213,40960,34.05,27
2026-08-25T23:56:18.116056+00:00,20260825T235526Z_heavy_c2048_a9ff2b,2,[N/A],[N/A],213,40960,34.47,27
2026-08-25T23:56:19.196952+00:00,20260825T235526Z_heavy_c2048_a9ff2b,0,[N/A],[N/A],32431,40960,219.17,59
2026-08-25T23:56:19.196952+00:00,20260825T235526Z_heavy_c2048_a9ff2b,1,[N/A],[N/A],213,40960,34.04,27
2026-08-25T23:56:19.196952+00:00,20260825T235526Z_heavy_c2048_a9ff2b,2,[N/A],[N/A],213,40960,34.49,27
2026-08-25T23:56:20.262673+00:00,20260825T235526Z_heavy_c2048_a9ff2b,0,[N/A],[N/A],32431,40960,184.89,58
2026-08-25T23:56:20.262673+00:00,20260825T235526Z_heavy_c2048_a9ff2b,1,[N/A],[N/A],213,40960,33.93,26
2026-08-25T23:56:20.262673+00:00,20260825T235526Z_heavy_c2048_a9ff2b,2,[N/A],[N/A],213,40960,34.49,27
2026-08-25T23:56:21.339226+00:00,20260825T235526Z_heavy_c2048_a9ff2b,0,[N/A],[N/A],32431,40960,191.59,58
2026-08-25T23:56:21.339226+00:00,20260825T235526Z_heavy_c2048_a9ff2b,1,[N/A],[N/A],213,40960,33.93,26
2026-08-25T23:56:21.339226+00:00,20260825T235526Z_heavy_c2048_a9ff2b,2,[N/A],[N/A],213,40960,34.47,27
2026-08-25T23:56:22.418414+00:00,20260825T235526Z_heavy_c2048_a9ff2b,0,[N/A],[N/A],32431,40960,66.02,54
2026-08-25T23:56:22.418414+00:00,20260825T235526Z_heavy_c2048_a9ff2b,1,[N/A],[N/A],213,40960,33.88,26
2026-08-25T23:56:22.418414+00:00,20260825T235526Z_heavy_c2048_a9ff2b,2,[N/A],[N/A],213,40960,34.61,27
2026-08-25T23:56:23.523081+00:00,20260825T235526Z_heavy_c2048_a9ff2b,0,[N/A],[N/A],32431,40960,143.79,58
2026-08-25T23:56:23.523081+00:00,20260825T235526Z_heavy_c2048_a9ff2b,1,[N/A],[N/A],213,40960,33.93,26
2026-08-25T23:56:23.523081+00:00,20260825T235526Z_heavy_c2048_a9ff2b,2,[N/A],[N/A],213,40960,34.47,27
2026-08-25T23:56:24.608747+00:00,20260825T235526Z_heavy_c2048_a9ff2b,0,[N/A],[N/A],32767,40960,238.92,59
2026-08-25T23:56:24.608747+00:00,20260825T235526Z_heavy_c2048_a9ff2b,1,[N/A],[N/A],213,40960,34.01,26
2026-08-25T23:56:24.608747+00:00,20260825T235526Z_heavy_c2048_a9ff2b,2,[N/A],[N/A],213,40960,34.47,27
2026-08-25T23:56:25.687603+00:00,20260825T235526Z_heavy_c2048_a9ff2b,0,[N/A],[N/A],32767,40960,267.53,60
2026-08-25T23:56:25.687603+00:00,20260825T235526Z_heavy_c2048_a9ff2b,1,[N/A],[N/A],213,40960,34.01,26
2026-08-25T23:56:25.687603+00:00,20260825T235526Z_heavy_c2048_a9ff2b,2,[N/A],[N/A],213,40960,34.47,27
2026-08-25T23:56:26.778735+00:00,20260825T235526Z_heavy_c2048_a9ff2b,0,[N/A],[N/A],32767,40960,234.12,60
2026-08-25T23:56:26.778735+00:00,20260825T235526Z_heavy_c2048_a9ff2b,1,[N/A],[N/A],213,40960,33.93,27
2026-08-25T23:56:26.778735+00:00,20260825T235526Z_heavy_c2048_a9ff2b,2,[N/A],[N/A],213,40960,34.57,27
2026-08-25T23:56:27.852316+00:00,20260825T235526Z_heavy_c2048_a9ff2b,0,[N/A],[N/A],32767,40960,236.49,61
2026-08-25T23:56:27.852316+00:00,20260825T235526Z_heavy_c2048_a9ff2b,1,[N/A],[N/A],213,40960,33.93,26
2026-08-25T23:56:27.852316+00:00,20260825T235526Z_heavy_c2048_a9ff2b,2,[N/A],[N/A],213,40960,34.56,27
2026-08-25T23:56:28.950064+00:00,20260825T235526Z_heavy_c2048_a9ff2b,0,[N/A],[N/A],32767,40960,243.24,61
2026-08-25T23:56:28.950064+00:00,20260825T235526Z_heavy_c2048_a9ff2b,1,[N/A],[N/A],213,40960,33.92,26
2026-08-25T23:56:28.950064+00:00,20260825T235526Z_heavy_c2048_a9ff2b,2,[N/A],[N/A],213,40960,34.47,27
2026-08-25T23:56:30.044352+00:00,20260825T235526Z_heavy_c2048_a9ff2b,0,[N/A],[N/A],32767,40960,240.80,61
2026-08-25T23:56:30.044352+00:00,20260825T235526Z_heavy_c2048_a9ff2b,1,[N/A],[N/A],213,40960,33.92,26
2026-08-25T23:56:30.044352+00:00,20260825T235526Z_heavy_c2048_a9ff2b,2,[N/A],[N/A],213,40960,34.56,27
2026-08-25T23:56:31.141038+00:00,20260825T235526Z_heavy_c2048_a9ff2b,0,[N/A],[N/A],32767,40960,263.07,61
2026-08-25T23:56:31.141038+00:00,20260825T235526Z_heavy_c2048_a9ff2b,1,[N/A],[N/A],213,40960,33.81,26
2026-08-25T23:56:31.141038+00:00,20260825T235526Z_heavy_c2048_a9ff2b,2,[N/A],[N/A],213,40960,34.67,27
2026-08-25T23:56:32.240040+00:00,20260825T235526Z_heavy_c2048_a9ff2b,0,[N/A],[N/A],32767,40960,235.67,61
2026-08-25T23:56:32.240040+00:00,20260825T235526Z_heavy_c2048_a9ff2b,1,[N/A],[N/A],213,40960,33.83,26
2026-08-25T23:56:32.240040+00:00,20260825T235526Z_heavy_c2048_a9ff2b,2,[N/A],[N/A],213,40960,34.56,27
2026-08-25T23:56:33.334322+00:00,20260825T235526Z_heavy_c2048_a9ff2b,0,[N/A],[N/A],32767,40960,141.92,60
2026-08-25T23:56:33.334322+00:00,20260825T235526Z_heavy_c2048_a9ff2b,1,[N/A],[N/A],213,40960,33.93,26
2026-08-25T23:56:33.334322+00:00,20260825T235526Z_heavy_c2048_a9ff2b,2,[N/A],[N/A],213,40960,34.59,27
2026-08-25T23:56:34.419977+00:00,20260825T235526Z_heavy_c2048_a9ff2b,0,[N/A],[N/A],32767,40960,219.60,59
2026-08-25T23:56:34.419977+00:00,20260825T235526Z_heavy_c2048_a9ff2b,1,[N/A],[N/A],213,40960,33.74,26
2026-08-25T23:56:34.419977+00:00,20260825T235526Z_heavy_c2048_a9ff2b,2,[N/A],[N/A],213,40960,34.56,27
2026-08-25T23:56:35.502051+00:00,20260825T235526Z_heavy_c2048_a9ff2b,0,[N/A],[N/A],32767,40960,181.12,59
2026-08-25T23:56:35.502051+00:00,20260825T235526Z_heavy_c2048_a9ff2b,1,[N/A],[N/A],213,40960,33.85,26
2026-08-25T23:56:35.502051+00:00,20260825T235526Z_heavy_c2048_a9ff2b,2,[N/A],[N/A],213,40960,34.49,27
2026-08-25T23:56:36.587063+00:00,20260825T235526Z_heavy_c2048_a9ff2b,0,[N/A],[N/A],32767,40960,194.27,59
2026-08-25T23:56:36.587063+00:00,20260825T235526Z_heavy_c2048_a9ff2b,1,[N/A],[N/A],213,40960,33.76,26
2026-08-25T23:56:36.587063+00:00,20260825T235526Z_heavy_c2048_a9ff2b,2,[N/A],[N/A],213,40960,34.59,27
2026-08-25T23:56:37.658316+00:00,20260825T235526Z_heavy_c2048_a9ff2b,0,[N/A],[N/A],32767,40960,184.59,59
2026-08-25T23:56:37.658316+00:00,20260825T235526Z_heavy_c2048_a9ff2b,1,[N/A],[N/A],213,40960,33.94,26
2026-08-25T23:56:37.658316+00:00,20260825T235526Z_heavy_c2048_a9ff2b,2,[N/A],[N/A],213,40960,34.50,27
2026-08-25T23:56:38.730666+00:00,20260825T235526Z_heavy_c2048_a9ff2b,0,[N/A],[N/A],32767,40960,151.00,59
2026-08-25T23:56:38.730666+00:00,20260825T235526Z_heavy_c2048_a9ff2b,1,[N/A],[N/A],213,40960,34.12,26
2026-08-25T23:56:38.730666+00:00,20260825T235526Z_heavy_c2048_a9ff2b,2,[N/A],[N/A],213,40960,34.49,27
2026-08-25T23:56:39.841065+00:00,20260825T235526Z_heavy_c2048_a9ff2b,0,[N/A],[N/A],32767,40960,218.15,59
2026-08-25T23:56:39.841065+00:00,20260825T235526Z_heavy_c2048_a9ff2b,1,[N/A],[N/A],213,40960,33.93,26
2026-08-25T23:56:39.841065+00:00,20260825T235526Z_heavy_c2048_a9ff2b,2,[N/A],[N/A],213,40960,34.47,27
2026-08-25T23:56:40.909861+00:00,20260825T235526Z_heavy_c2048_a9ff2b,0,[N/A],[N/A],26375,40960,290.45,61
2026-08-25T23:56:40.909861+00:00,20260825T235526Z_heavy_c2048_a9ff2b,1,[N/A],[N/A],213,40960,33.83,26
2026-08-25T23:56:40.909861+00:00,20260825T235526Z_heavy_c2048_a9ff2b,2,[N/A],[N/A],213,40960,34.54,27
2026-08-25T23:56:42.022055+00:00,20260825T235526Z_heavy_c2048_a9ff2b,0,[N/A],[N/A],26375,40960,262.06,61
2026-08-25T23:56:42.022055+00:00,20260825T235526Z_heavy_c2048_a9ff2b,1,[N/A],[N/A],213,40960,33.93,26
2026-08-25T23:56:42.022055+00:00,20260825T235526Z_heavy_c2048_a9ff2b,2,[N/A],[N/A],213,40960,34.56,27
2026-08-25T23:56:43.104859+00:00,20260825T235526Z_heavy_c2048_a9ff2b,0,[N/A],[N/A],26375,40960,254.08,61
2026-08-25T23:56:43.104859+00:00,20260825T235526Z_heavy_c2048_a9ff2b,1,[N/A],[N/A],213,40960,33.81,26
2026-08-25T23:56:43.104859+00:00,20260825T235526Z_heavy_c2048_a9ff2b,2,[N/A],[N/A],213,40960,34.66,27
2026-08-25T23:56:44.196397+00:00,20260825T235526Z_heavy_c2048_a9ff2b,0,[N/A],[N/A],26375,40960,235.87,62
2026-08-25T23:56:44.196397+00:00,20260825T235526Z_heavy_c2048_a9ff2b,1,[N/A],[N/A],213,40960,34.20,26
2026-08-25T23:56:44.196397+00:00,20260825T235526Z_heavy_c2048_a9ff2b,2,[N/A],[N/A],213,40960,34.56,27
2026-08-25T23:56:45.314051+00:00,20260825T235526Z_heavy_c2048_a9ff2b,0,[N/A],[N/A],26375,40960,232.53,62
2026-08-25T23:56:45.314051+00:00,20260825T235526Z_heavy_c2048_a9ff2b,1,[N/A],[N/A],213,40960,33.83,26
2026-08-25T23:56:45.314051+00:00,20260825T235526Z_heavy_c2048_a9ff2b,2,[N/A],[N/A],213,40960,34.77,27
2026-08-25T23:56:46.414056+00:00,20260825T235526Z_heavy_c2048_a9ff2b,0,[N/A],[N/A],26375,40960,247.64,62
2026-08-25T23:56:46.414056+00:00,20260825T235526Z_heavy_c2048_a9ff2b,1,[N/A],[N/A],213,40960,33.83,26
2026-08-25T23:56:46.414056+00:00,20260825T235526Z_heavy_c2048_a9ff2b,2,[N/A],[N/A],213,40960,34.56,27
2026-08-25T23:56:47.506917+00:00,20260825T235526Z_heavy_c2048_a9ff2b,0,[N/A],[N/A],26375,40960,208.11,62
2026-08-25T23:56:47.506917+00:00,20260825T235526Z_heavy_c2048_a9ff2b,1,[N/A],[N/A],213,40960,33.83,26
2026-08-25T23:56:47.506917+00:00,20260825T235526Z_heavy_c2048_a9ff2b,2,[N/A],[N/A],213,40960,34.47,27
2026-08-25T23:56:48.595772+00:00,20260825T235526Z_heavy_c2048_a9ff2b,0,[N/A],[N/A],26375,40960,219.24,63
2026-08-25T23:56:48.595772+00:00,20260825T235526Z_heavy_c2048_a9ff2b,1,[N/A],[N/A],213,40960,33.83,26
2026-08-25T23:56:48.595772+00:00,20260825T235526Z_heavy_c2048_a9ff2b,2,[N/A],[N/A],213,40960,34.56,27
2026-08-25T23:56:49.681058+00:00,20260825T235526Z_heavy_c2048_a9ff2b,0,[N/A],[N/A],26375,40960,256.12,63
2026-08-25T23:56:49.681058+00:00,20260825T235526Z_heavy_c2048_a9ff2b,1,[N/A],[N/A],213,40960,33.83,26
2026-08-25T23:56:49.681058+00:00,20260825T235526Z_heavy_c2048_a9ff2b,2,[N/A],[N/A],213,40960,34.48,27
2026-08-25T23:56:50.759484+00:00,20260825T235526Z_heavy_c2048_a9ff2b,0,[N/A],[N/A],26381,40960,160.90,61
2026-08-25T23:56:50.759484+00:00,20260825T235526Z_heavy_c2048_a9ff2b,1,[N/A],[N/A],213,40960,33.85,26
2026-08-25T23:56:50.759484+00:00,20260825T235526Z_heavy_c2048_a9ff2b,2,[N/A],[N/A],213,40960,34.70,27
2026-08-25T23:56:51.841186+00:00,20260825T235526Z_heavy_c2048_a9ff2b,0,[N/A],[N/A],26717,40960,248.41,63
2026-08-25T23:56:51.841186+00:00,20260825T235526Z_heavy_c2048_a9ff2b,1,[N/A],[N/A],213,40960,33.83,26
2026-08-25T23:56:51.841186+00:00,20260825T235526Z_heavy_c2048_a9ff2b,2,[N/A],[N/A],213,40960,34.79,27
2026-08-25T23:56:52.918048+00:00,20260825T235526Z_heavy_c2048_a9ff2b,0,[N/A],[N/A],26717,40960,241.03,63
2026-08-25T23:56:52.918048+00:00,20260825T235526Z_heavy_c2048_a9ff2b,1,[N/A],[N/A],213,40960,33.92,26
2026-08-25T23:56:52.918048+00:00,20260825T235526Z_heavy_c2048_a9ff2b,2,[N/A],[N/A],213,40960,34.56,27
2026-08-25T23:56:53.992449+00:00,20260825T235526Z_heavy_c2048_a9ff2b,0,[N/A],[N/A],26717,40960,239.81,63
2026-08-25T23:56:53.992449+00:00,20260825T235526Z_heavy_c2048_a9ff2b,1,[N/A],[N/A],213,40960,34.03,26
2026-08-25T23:56:53.992449+00:00,20260825T235526Z_heavy_c2048_a9ff2b,2,[N/A],[N/A],213,40960,34.58,27
2026-08-25T23:56:55.099046+00:00,20260825T235526Z_heavy_c2048_a9ff2b,0,[N/A],[N/A],26717,40960,267.36,64
2026-08-25T23:56:55.099046+00:00,20260825T235526Z_heavy_c2048_a9ff2b,1,[N/A],[N/A],213,40960,33.91,26
2026-08-25T23:56:55.099046+00:00,20260825T235526Z_heavy_c2048_a9ff2b,2,[N/A],[N/A],213,40960,34.47,27
2026-08-25T23:56:56.200712+00:00,20260825T235526Z_heavy_c2048_a9ff2b,0,[N/A],[N/A],26717,40960,198.81,63
2026-08-25T23:56:56.200712+00:00,20260825T235526Z_heavy_c2048_a9ff2b,1,[N/A],[N/A],213,40960,33.91,26
2026-08-25T23:56:56.200712+00:00,20260825T235526Z_heavy_c2048_a9ff2b,2,[N/A],[N/A],213,40960,34.56,27
2026-08-25T23:56:57.274893+00:00,20260825T235526Z_heavy_c2048_a9ff2b,0,[N/A],[N/A],26717,40960,128.68,62
2026-08-25T23:56:57.274893+00:00,20260825T235526Z_heavy_c2048_a9ff2b,1,[N/A],[N/A],213,40960,33.95,26
2026-08-25T23:56:57.274893+00:00,20260825T235526Z_heavy_c2048_a9ff2b,2,[N/A],[N/A],213,40960,34.69,27
2026-08-25T23:56:58.354084+00:00,20260825T235526Z_heavy_c2048_a9ff2b,0,[N/A],[N/A],26717,40960,211.81,62
2026-08-25T23:56:58.354084+00:00,20260825T235526Z_heavy_c2048_a9ff2b,1,[N/A],[N/A],213,40960,33.83,26
2026-08-25T23:56:58.354084+00:00,20260825T235526Z_heavy_c2048_a9ff2b,2,[N/A],[N/A],213,40960,34.70,27
2026-08-25T23:56:59.449568+00:00,20260825T235526Z_heavy_c2048_a9ff2b,0,[N/A],[N/A],26717,40960,185.77,61
2026-08-25T23:56:59.449568+00:00,20260825T235526Z_heavy_c2048_a9ff2b,1,[N/A],[N/A],213,40960,34.03,26
2026-08-25T23:56:59.449568+00:00,20260825T235526Z_heavy_c2048_a9ff2b,2,[N/A],[N/A],213,40960,34.59,27
2026-08-25T23:57:00.525061+00:00,20260825T235526Z_heavy_c2048_a9ff2b,0,[N/A],[N/A],26717,40960,183.73,61
2026-08-25T23:57:00.525061+00:00,20260825T235526Z_heavy_c2048_a9ff2b,1,[N/A],[N/A],213,40960,33.93,26
2026-08-25T23:57:00.525061+00:00,20260825T235526Z_heavy_c2048_a9ff2b,2,[N/A],[N/A],213,40960,34.59,27
2026-08-25T23:57:01.630557+00:00,20260825T235526Z_heavy_c2048_a9ff2b,0,[N/A],[N/A],26717,40960,135.54,61
2026-08-25T23:57:01.630557+00:00,20260825T235526Z_heavy_c2048_a9ff2b,1,[N/A],[N/A],213,40960,33.85,26
2026-08-25T23:57:01.630557+00:00,20260825T235526Z_heavy_c2048_a9ff2b,2,[N/A],[N/A],213,40960,34.59,27
2026-08-25T23:57:02.727881+00:00,20260825T235526Z_heavy_c2048_a9ff2b,0,[N/A],[N/A],26717,40960,143.20,61
2026-08-25T23:57:02.727881+00:00,20260825T235526Z_heavy_c2048_a9ff2b,1,[N/A],[N/A],213,40960,33.83,26
2026-08-25T23:57:02.727881+00:00,20260825T235526Z_heavy_c2048_a9ff2b,2,[N/A],[N/A],213,40960,34.56,27
2026-08-25T23:57:03.821257+00:00,20260825T235526Z_heavy_c2048_a9ff2b,0,[N/A],[N/A],26717,40960,181.82,61
2026-08-25T23:57:03.821257+00:00,20260825T235526Z_heavy_c2048_a9ff2b,1,[N/A],[N/A],213,40960,34.24,26
2026-08-25T23:57:03.821257+00:00,20260825T235526Z_heavy_c2048_a9ff2b,2,[N/A],[N/A],213,40960,34.59,27
2026-08-25T23:57:04.931977+00:00,20260825T235526Z_heavy_c2048_a9ff2b,0,[N/A],[N/A],26717,40960,200.35,61
2026-08-25T23:57:04.931977+00:00,20260825T235526Z_heavy_c2048_a9ff2b,1,[N/A],[N/A],213,40960,33.94,26
2026-08-25T23:57:04.931977+00:00,20260825T235526Z_heavy_c2048_a9ff2b,2,[N/A],[N/A],213,40960,34.58,27
2026-08-25T23:57:06.034178+00:00,20260825T235526Z_heavy_c2048_a9ff2b,0,[N/A],[N/A],27053,40960,266.06,62
2026-08-25T23:57:06.034178+00:00,20260825T235526Z_heavy_c2048_a9ff2b,1,[N/A],[N/A],213,40960,33.91,26
2026-08-25T23:57:06.034178+00:00,20260825T235526Z_heavy_c2048_a9ff2b,2,[N/A],[N/A],213,40960,34.57,27
2026-08-25T23:57:07.125050+00:00,20260825T235526Z_heavy_c2048_a9ff2b,0,[N/A],[N/A],27053,40960,245.75,63
2026-08-25T23:57:07.125050+00:00,20260825T235526Z_heavy_c2048_a9ff2b,1,[N/A],[N/A],213,40960,33.92,26
2026-08-25T23:57:07.125050+00:00,20260825T235526Z_heavy_c2048_a9ff2b,2,[N/A],[N/A],213,40960,34.77,27
2026-08-25T23:57:08.197865+00:00,20260825T235526Z_heavy_c2048_a9ff2b,0,[N/A],[N/A],27053,40960,214.87,63
2026-08-25T23:57:08.197865+00:00,20260825T235526Z_heavy_c2048_a9ff2b,1,[N/A],[N/A],213,40960,33.93,26
2026-08-25T23:57:08.197865+00:00,20260825T235526Z_heavy_c2048_a9ff2b,2,[N/A],[N/A],213,40960,34.59,27
2026-08-25T23:57:09.287303+00:00,20260825T235526Z_heavy_c2048_a9ff2b,0,[N/A],[N/A],27053,40960,238.35,63
2026-08-25T23:57:09.287303+00:00,20260825T235526Z_heavy_c2048_a9ff2b,1,[N/A],[N/A],213,40960,33.92,26
2026-08-25T23:57:09.287303+00:00,20260825T235526Z_heavy_c2048_a9ff2b,2,[N/A],[N/A],213,40960,34.67,27
2026-08-25T23:57:10.401050+00:00,20260825T235526Z_heavy_c2048_a9ff2b,0,[N/A],[N/A],27053,40960,224.50,64
2026-08-25T23:57:10.401050+00:00,20260825T235526Z_heavy_c2048_a9ff2b,1,[N/A],[N/A],213,40960,33.92,26
2026-08-25T23:57:10.401050+00:00,20260825T235526Z_heavy_c2048_a9ff2b,2,[N/A],[N/A],213,40960,34.97,27
2026-08-25T23:57:11.492967+00:00,20260825T235526Z_heavy_c2048_a9ff2b,0,[N/A],[N/A],27053,40960,269.09,63
2026-08-25T23:57:11.492967+00:00,20260825T235526Z_heavy_c2048_a9ff2b,1,[N/A],[N/A],213,40960,33.92,26
2026-08-25T23:57:11.492967+00:00,20260825T235526Z_heavy_c2048_a9ff2b,2,[N/A],[N/A],213,40960,34.57,27
2026-08-25T23:57:12.587062+00:00,20260825T235526Z_heavy_c2048_a9ff2b,0,[N/A],[N/A],27053,40960,253.47,64
2026-08-25T23:57:12.587062+00:00,20260825T235526Z_heavy_c2048_a9ff2b,1,[N/A],[N/A],213,40960,33.83,26
2026-08-25T23:57:12.587062+00:00,20260825T235526Z_heavy_c2048_a9ff2b,2,[N/A],[N/A],213,40960,34.56,27
2026-08-25T23:57:13.676781+00:00,20260825T235526Z_heavy_c2048_a9ff2b,0,[N/A],[N/A],27053,40960,257.00,64
2026-08-25T23:57:13.676781+00:00,20260825T235526Z_heavy_c2048_a9ff2b,1,[N/A],[N/A],213,40960,33.81,26
2026-08-25T23:57:13.676781+00:00,20260825T235526Z_heavy_c2048_a9ff2b,2,[N/A],[N/A],213,40960,34.56,27
2026-08-25T23:57:14.766336+00:00,20260825T235526Z_heavy_c2048_a9ff2b,0,[N/A],[N/A],27053,40960,212.73,64
2026-08-25T23:57:14.766336+00:00,20260825T235526Z_heavy_c2048_a9ff2b,1,[N/A],[N/A],213,40960,33.92,26
2026-08-25T23:57:14.766336+00:00,20260825T235526Z_heavy_c2048_a9ff2b,2,[N/A],[N/A],213,40960,34.49,27
2026-08-25T23:57:15.853355+00:00,20260825T235526Z_heavy_c2048_a9ff2b,0,[N/A],[N/A],27053,40960,125.44,63
2026-08-25T23:57:15.853355+00:00,20260825T235526Z_heavy_c2048_a9ff2b,1,[N/A],[N/A],213,40960,33.94,26
2026-08-25T23:57:15.853355+00:00,20260825T235526Z_heavy_c2048_a9ff2b,2,[N/A],[N/A],213,40960,34.67,27
2026-08-25T23:57:16.941958+00:00,20260825T235526Z_heavy_c2048_a9ff2b,0,[N/A],[N/A],27053,40960,198.75,62
2026-08-25T23:57:16.941958+00:00,20260825T235526Z_heavy_c2048_a9ff2b,1,[N/A],[N/A],213,40960,33.85,26
2026-08-25T23:57:16.941958+00:00,20260825T235526Z_heavy_c2048_a9ff2b,2,[N/A],[N/A],213,40960,34.89,27
2026-08-25T23:57:18.019781+00:00,20260825T235526Z_heavy_c2048_a9ff2b,0,[N/A],[N/A],27389,40960,276.27,64
2026-08-25T23:57:18.019781+00:00,20260825T235526Z_heavy_c2048_a9ff2b,1,[N/A],[N/A],213,40960,33.91,26
2026-08-25T23:57:18.019781+00:00,20260825T235526Z_heavy_c2048_a9ff2b,2,[N/A],[N/A],213,40960,34.56,27
2026-08-25T23:57:19.147070+00:00,20260825T235526Z_heavy_c2048_a9ff2b,0,[N/A],[N/A],27389,40960,306.74,64
2026-08-25T23:57:19.147070+00:00,20260825T235526Z_heavy_c2048_a9ff2b,1,[N/A],[N/A],213,40960,33.81,26
2026-08-25T23:57:19.147070+00:00,20260825T235526Z_heavy_c2048_a9ff2b,2,[N/A],[N/A],213,40960,34.85,27
2026-08-25T23:57:20.229342+00:00,20260825T235526Z_heavy_c2048_a9ff2b,0,[N/A],[N/A],27389,40960,232.65,64
2026-08-25T23:57:20.229342+00:00,20260825T235526Z_heavy_c2048_a9ff2b,1,[N/A],[N/A],213,40960,33.92,26
2026-08-25T23:57:20.229342+00:00,20260825T235526Z_heavy_c2048_a9ff2b,2,[N/A],[N/A],213,40960,34.56,27
2026-08-25T23:57:21.329801+00:00,20260825T235526Z_heavy_c2048_a9ff2b,0,[N/A],[N/A],27389,40960,230.76,64
2026-08-25T23:57:21.329801+00:00,20260825T235526Z_heavy_c2048_a9ff2b,1,[N/A],[N/A],213,40960,33.91,26
2026-08-25T23:57:21.329801+00:00,20260825T235526Z_heavy_c2048_a9ff2b,2,[N/A],[N/A],213,40960,34.47,27
2026-08-25T23:57:22.406068+00:00,20260825T235526Z_heavy_c2048_a9ff2b,0,[N/A],[N/A],27389,40960,247.02,64
2026-08-25T23:57:22.406068+00:00,20260825T235526Z_heavy_c2048_a9ff2b,1,[N/A],[N/A],213,40960,33.94,26
2026-08-25T23:57:22.406068+00:00,20260825T235526Z_heavy_c2048_a9ff2b,2,[N/A],[N/A],213,40960,34.47,27
2026-08-25T23:57:23.498032+00:00,20260825T235526Z_heavy_c2048_a9ff2b,0,[N/A],[N/A],27389,40960,218.71,64
2026-08-25T23:57:23.498032+00:00,20260825T235526Z_heavy_c2048_a9ff2b,1,[N/A],[N/A],213,40960,34.03,26
2026-08-25T23:57:23.498032+00:00,20260825T235526Z_heavy_c2048_a9ff2b,2,[N/A],[N/A],213,40960,34.56,27
2026-08-25T23:57:24.598043+00:00,20260825T235526Z_heavy_c2048_a9ff2b,0,[N/A],[N/A],27389,40960,285.92,65
2026-08-25T23:57:24.598043+00:00,20260825T235526Z_heavy_c2048_a9ff2b,1,[N/A],[N/A],213,40960,33.91,26
2026-08-25T23:57:24.598043+00:00,20260825T235526Z_heavy_c2048_a9ff2b,2,[N/A],[N/A],213,40960,34.56,27
2026-08-25T23:57:25.681885+00:00,20260825T235526Z_heavy_c2048_a9ff2b,0,[N/A],[N/A],27389,40960,218.30,65
2026-08-25T23:57:25.681885+00:00,20260825T235526Z_heavy_c2048_a9ff2b,1,[N/A],[N/A],213,40960,33.93,26
2026-08-25T23:57:25.681885+00:00,20260825T235526Z_heavy_c2048_a9ff2b,2,[N/A],[N/A],213,40960,34.55,27
2026-08-25T23:57:26.769258+00:00,20260825T235526Z_heavy_c2048_a9ff2b,0,[N/A],[N/A],27389,40960,240.42,65
2026-08-25T23:57:26.769258+00:00,20260825T235526Z_heavy_c2048_a9ff2b,1,[N/A],[N/A],213,40960,34.12,26
2026-08-25T23:57:26.769258+00:00,20260825T235526Z_heavy_c2048_a9ff2b,2,[N/A],[N/A],213,40960,34.58,27
2026-08-25T23:57:27.862065+00:00,20260825T235526Z_heavy_c2048_a9ff2b,0,[N/A],[N/A],27391,40960,212.70,64
2026-08-25T23:57:27.862065+00:00,20260825T235526Z_heavy_c2048_a9ff2b,1,[N/A],[N/A],213,40960,34.03,26
2026-08-25T23:57:27.862065+00:00,20260825T235526Z_heavy_c2048_a9ff2b,2,[N/A],[N/A],213,40960,34.67,27
2026-08-25T23:57:28.949058+00:00,20260825T235526Z_heavy_c2048_a9ff2b,0,[N/A],[N/A],27391,40960,124.11,63
2026-08-25T23:57:28.949058+00:00,20260825T235526Z_heavy_c2048_a9ff2b,1,[N/A],[N/A],213,40960,34.21,26
2026-08-25T23:57:28.949058+00:00,20260825T235526Z_heavy_c2048_a9ff2b,2,[N/A],[N/A],213,40960,34.50,27
2026-08-25T23:57:30.034408+00:00,20260825T235526Z_heavy_c2048_a9ff2b,0,[N/A],[N/A],27391,40960,181.55,63
2026-08-25T23:57:30.034408+00:00,20260825T235526Z_heavy_c2048_a9ff2b,1,[N/A],[N/A],213,40960,33.93,26
2026-08-25T23:57:30.034408+00:00,20260825T235526Z_heavy_c2048_a9ff2b,2,[N/A],[N/A],213,40960,34.57,27
2026-08-25T23:57:31.120202+00:00,20260825T235526Z_heavy_c2048_a9ff2b,0,[N/A],[N/A],27391,40960,220.85,62
2026-08-25T23:57:31.120202+00:00,20260825T235526Z_heavy_c2048_a9ff2b,1,[N/A],[N/A],213,40960,33.95,26
2026-08-25T23:57:31.120202+00:00,20260825T235526Z_heavy_c2048_a9ff2b,2,[N/A],[N/A],213,40960,34.56,27
2026-08-25T23:57:32.199053+00:00,20260825T235526Z_heavy_c2048_a9ff2b,0,[N/A],[N/A],27391,40960,207.95,63
2026-08-25T23:57:32.199053+00:00,20260825T235526Z_heavy_c2048_a9ff2b,1,[N/A],[N/A],213,40960,34.04,26
2026-08-25T23:57:32.199053+00:00,20260825T235526Z_heavy_c2048_a9ff2b,2,[N/A],[N/A],213,40960,34.79,27
2026-08-25T23:57:33.286871+00:00,20260825T235526Z_heavy_c2048_a9ff2b,0,[N/A],[N/A],27727,40960,269.09,65
2026-08-25T23:57:33.286871+00:00,20260825T235526Z_heavy_c2048_a9ff2b,1,[N/A],[N/A],213,40960,34.03,26
2026-08-25T23:57:33.286871+00:00,20260825T235526Z_heavy_c2048_a9ff2b,2,[N/A],[N/A],213,40960,34.56,27
2026-08-25T23:57:34.361328+00:00,20260825T235526Z_heavy_c2048_a9ff2b,0,[N/A],[N/A],27727,40960,200.24,64
2026-08-25T23:57:34.361328+00:00,20260825T235526Z_heavy_c2048_a9ff2b,1,[N/A],[N/A],213,40960,33.92,26
2026-08-25T23:57:34.361328+00:00,20260825T235526Z_heavy_c2048_a9ff2b,2,[N/A],[N/A],213,40960,34.56,27
2026-08-25T23:57:35.442556+00:00,20260825T235526Z_heavy_c2048_a9ff2b,0,[N/A],[N/A],27727,40960,215.74,65
2026-08-25T23:57:35.442556+00:00,20260825T235526Z_heavy_c2048_a9ff2b,1,[N/A],[N/A],213,40960,34.01,26
2026-08-25T23:57:35.442556+00:00,20260825T235526Z_heavy_c2048_a9ff2b,2,[N/A],[N/A],213,40960,34.66,27
2026-08-25T23:57:36.516044+00:00,20260825T235526Z_heavy_c2048_a9ff2b,0,[N/A],[N/A],27727,40960,280.07,65
2026-08-25T23:57:36.516044+00:00,20260825T235526Z_heavy_c2048_a9ff2b,1,[N/A],[N/A],213,40960,33.91,26
2026-08-25T23:57:36.516044+00:00,20260825T235526Z_heavy_c2048_a9ff2b,2,[N/A],[N/A],213,40960,34.77,27
2026-08-25T23:57:37.600796+00:00,20260825T235526Z_heavy_c2048_a9ff2b,0,[N/A],[N/A],27727,40960,254.67,65
2026-08-25T23:57:37.600796+00:00,20260825T235526Z_heavy_c2048_a9ff2b,1,[N/A],[N/A],213,40960,33.83,26
2026-08-25T23:57:37.600796+00:00,20260825T235526Z_heavy_c2048_a9ff2b,2,[N/A],[N/A],213,40960,34.56,27
2026-08-25T23:57:38.730439+00:00,20260825T235526Z_heavy_c2048_a9ff2b,0,[N/A],[N/A],27727,40960,224.22,65
2026-08-25T23:57:38.730439+00:00,20260825T235526Z_heavy_c2048_a9ff2b,1,[N/A],[N/A],213,40960,33.93,26
2026-08-25T23:57:38.730439+00:00,20260825T235526Z_heavy_c2048_a9ff2b,2,[N/A],[N/A],213,40960,34.87,27
2026-08-25T23:57:39.810957+00:00,20260825T235526Z_heavy_c2048_a9ff2b,0,[N/A],[N/A],27727,40960,228.13,66
2026-08-25T23:57:39.810957+00:00,20260825T235526Z_heavy_c2048_a9ff2b,1,[N/A],[N/A],213,40960,33.81,26
2026-08-25T23:57:39.810957+00:00,20260825T235526Z_heavy_c2048_a9ff2b,2,[N/A],[N/A],213,40960,34.55,27
2026-08-25T23:57:40.886237+00:00,20260825T235526Z_heavy_c2048_a9ff2b,0,[N/A],[N/A],27727,40960,177.24,63
2026-08-25T23:57:40.886237+00:00,20260825T235526Z_heavy_c2048_a9ff2b,1,[N/A],[N/A],213,40960,33.83,26
2026-08-25T23:57:40.886237+00:00,20260825T235526Z_heavy_c2048_a9ff2b,2,[N/A],[N/A],213,40960,34.47,27
2026-08-25T23:57:41.993196+00:00,20260825T235526Z_heavy_c2048_a9ff2b,0,[N/A],[N/A],27727,40960,182.68,64
2026-08-25T23:57:41.993196+00:00,20260825T235526Z_heavy_c2048_a9ff2b,1,[N/A],[N/A],213,40960,33.93,26
2026-08-25T23:57:41.993196+00:00,20260825T235526Z_heavy_c2048_a9ff2b,2,[N/A],[N/A],213,40960,34.59,27
2026-08-25T23:57:43.071097+00:00,20260825T235526Z_heavy_c2048_a9ff2b,0,[N/A],[N/A],27727,40960,184.29,62
2026-08-25T23:57:43.071097+00:00,20260825T235526Z_heavy_c2048_a9ff2b,1,[N/A],[N/A],213,40960,33.83,26
2026-08-25T23:57:43.071097+00:00,20260825T235526Z_heavy_c2048_a9ff2b,2,[N/A],[N/A],213,40960,34.72,27
2026-08-25T23:57:44.151040+00:00,20260825T235526Z_heavy_c2048_a9ff2b,0,[N/A],[N/A],27727,40960,215.58,64
2026-08-25T23:57:44.151040+00:00,20260825T235526Z_heavy_c2048_a9ff2b,1,[N/A],[N/A],213,40960,34.03,26
2026-08-25T23:57:44.151040+00:00,20260825T235526Z_heavy_c2048_a9ff2b,2,[N/A],[N/A],213,40960,34.59,27
2026-08-25T23:57:45.223069+00:00,20260825T235526Z_heavy_c2048_a9ff2b,0,[N/A],[N/A],28063,40960,221.17,65
2026-08-25T23:57:45.223069+00:00,20260825T235526Z_heavy_c2048_a9ff2b,1,[N/A],[N/A],213,40960,33.81,26
2026-08-25T23:57:45.223069+00:00,20260825T235526Z_heavy_c2048_a9ff2b,2,[N/A],[N/A],213,40960,34.56,27
2026-08-25T23:57:46.313380+00:00,20260825T235526Z_heavy_c2048_a9ff2b,0,[N/A],[N/A],28063,40960,217.85,65
2026-08-25T23:57:46.313380+00:00,20260825T235526Z_heavy_c2048_a9ff2b,1,[N/A],[N/A],213,40960,33.83,26
2026-08-25T23:57:46.313380+00:00,20260825T235526Z_heavy_c2048_a9ff2b,2,[N/A],[N/A],213,40960,34.56,27
2026-08-25T23:57:47.387546+00:00,20260825T235526Z_heavy_c2048_a9ff2b,0,[N/A],[N/A],28063,40960,233.65,65
2026-08-25T23:57:47.387546+00:00,20260825T235526Z_heavy_c2048_a9ff2b,1,[N/A],[N/A],213,40960,33.93,26
2026-08-25T23:57:47.387546+00:00,20260825T235526Z_heavy_c2048_a9ff2b,2,[N/A],[N/A],213,40960,34.56,27
2026-08-25T23:57:48.486043+00:00,20260825T235526Z_heavy_c2048_a9ff2b,0,[N/A],[N/A],28063,40960,278.92,66
2026-08-25T23:57:48.486043+00:00,20260825T235526Z_heavy_c2048_a9ff2b,1,[N/A],[N/A],213,40960,33.83,26
2026-08-25T23:57:48.486043+00:00,20260825T235526Z_heavy_c2048_a9ff2b,2,[N/A],[N/A],213,40960,34.56,27
2026-08-25T23:57:49.592201+00:00,20260825T235526Z_heavy_c2048_a9ff2b,0,[N/A],[N/A],28063,40960,251.15,66
2026-08-25T23:57:49.592201+00:00,20260825T235526Z_heavy_c2048_a9ff2b,1,[N/A],[N/A],213,40960,33.92,26
2026-08-25T23:57:49.592201+00:00,20260825T235526Z_heavy_c2048_a9ff2b,2,[N/A],[N/A],213,40960,34.56,27
2026-08-25T23:57:50.690135+00:00,20260825T235526Z_heavy_c2048_a9ff2b,0,[N/A],[N/A],28063,40960,245.75,66
2026-08-25T23:57:50.690135+00:00,20260825T235526Z_heavy_c2048_a9ff2b,1,[N/A],[N/A],213,40960,33.92,26
2026-08-25T23:57:50.690135+00:00,20260825T235526Z_heavy_c2048_a9ff2b,2,[N/A],[N/A],213,40960,34.56,27
2026-08-25T23:57:51.797722+00:00,20260825T235526Z_heavy_c2048_a9ff2b,0,[N/A],[N/A],28063,40960,262.58,66
2026-08-25T23:57:51.797722+00:00,20260825T235526Z_heavy_c2048_a9ff2b,1,[N/A],[N/A],213,40960,33.83,26
2026-08-25T23:57:51.797722+00:00,20260825T235526Z_heavy_c2048_a9ff2b,2,[N/A],[N/A],213,40960,34.67,27
2026-08-25T23:57:52.896544+00:00,20260825T235526Z_heavy_c2048_a9ff2b,0,[N/A],[N/A],28063,40960,255.53,64
2026-08-25T23:57:52.896544+00:00,20260825T235526Z_heavy_c2048_a9ff2b,1,[N/A],[N/A],213,40960,33.85,26
2026-08-25T23:57:52.896544+00:00,20260825T235526Z_heavy_c2048_a9ff2b,2,[N/A],[N/A],213,40960,34.59,27
2026-08-25T23:57:53.989111+00:00,20260825T235526Z_heavy_c2048_a9ff2b,0,[N/A],[N/A],28063,40960,132.68,64
2026-08-25T23:57:53.989111+00:00,20260825T235526Z_heavy_c2048_a9ff2b,1,[N/A],[N/A],213,40960,33.83,26
2026-08-25T23:57:53.989111+00:00,20260825T235526Z_heavy_c2048_a9ff2b,2,[N/A],[N/A],213,40960,34.59,27
2026-08-25T23:57:55.075487+00:00,20260825T235526Z_heavy_c2048_a9ff2b,0,[N/A],[N/A],28063,40960,153.93,64
2026-08-25T23:57:55.075487+00:00,20260825T235526Z_heavy_c2048_a9ff2b,1,[N/A],[N/A],213,40960,33.73,26
2026-08-25T23:57:55.075487+00:00,20260825T235526Z_heavy_c2048_a9ff2b,2,[N/A],[N/A],213,40960,34.59,27
2026-08-25T23:57:56.157042+00:00,20260825T235526Z_heavy_c2048_a9ff2b,0,[N/A],[N/A],28063,40960,167.56,63
2026-08-25T23:57:56.157042+00:00,20260825T235526Z_heavy_c2048_a9ff2b,1,[N/A],[N/A],213,40960,33.93,26
2026-08-25T23:57:56.157042+00:00,20260825T235526Z_heavy_c2048_a9ff2b,2,[N/A],[N/A],213,40960,34.59,27
2026-08-25T23:57:57.261073+00:00,20260825T235526Z_heavy_c2048_a9ff2b,0,[N/A],[N/A],28063,40960,231.20,64
2026-08-25T23:57:57.261073+00:00,20260825T235526Z_heavy_c2048_a9ff2b,1,[N/A],[N/A],213,40960,33.95,26
2026-08-25T23:57:57.261073+00:00,20260825T235526Z_heavy_c2048_a9ff2b,2,[N/A],[N/A],213,40960,34.58,27
2026-08-25T23:57:58.348061+00:00,20260825T235526Z_heavy_c2048_a9ff2b,0,[N/A],[N/A],28063,40960,172.69,63
2026-08-25T23:57:58.348061+00:00,20260825T235526Z_heavy_c2048_a9ff2b,1,[N/A],[N/A],213,40960,33.84,26
2026-08-25T23:57:58.348061+00:00,20260825T235526Z_heavy_c2048_a9ff2b,2,[N/A],[N/A],213,40960,34.59,27
2026-08-25T23:57:59.433859+00:00,20260825T235526Z_heavy_c2048_a9ff2b,0,[N/A],[N/A],28063,40960,165.79,63
2026-08-25T23:57:59.433859+00:00,20260825T235526Z_heavy_c2048_a9ff2b,1,[N/A],[N/A],213,40960,33.83,26
2026-08-25T23:57:59.433859+00:00,20260825T235526Z_heavy_c2048_a9ff2b,2,[N/A],[N/A],213,40960,34.66,27
2026-08-25T23:58:00.513522+00:00,20260825T235526Z_heavy_c2048_a9ff2b,0,[N/A],[N/A],28399,40960,230.54,65
2026-08-25T23:58:00.513522+00:00,20260825T235526Z_heavy_c2048_a9ff2b,1,[N/A],[N/A],213,40960,33.81,26
2026-08-25T23:58:00.513522+00:00,20260825T235526Z_heavy_c2048_a9ff2b,2,[N/A],[N/A],213,40960,34.46,27
2026-08-25T23:58:01.614628+00:00,20260825T235526Z_heavy_c2048_a9ff2b,0,[N/A],[N/A],28399,40960,245.42,65
2026-08-25T23:58:01.614628+00:00,20260825T235526Z_heavy_c2048_a9ff2b,1,[N/A],[N/A],213,40960,33.81,26
2026-08-25T23:58:01.614628+00:00,20260825T235526Z_heavy_c2048_a9ff2b,2,[N/A],[N/A],213,40960,34.46,27
2026-08-25T23:58:02.687950+00:00,20260825T235526Z_heavy_c2048_a9ff2b,0,[N/A],[N/A],28399,40960,240.48,65
2026-08-25T23:58:02.687950+00:00,20260825T235526Z_heavy_c2048_a9ff2b,1,[N/A],[N/A],213,40960,33.99,26
2026-08-25T23:58:02.687950+00:00,20260825T235526Z_heavy_c2048_a9ff2b,2,[N/A],[N/A],213,40960,34.57,27
2026-08-25T23:58:03.774866+00:00,20260825T235526Z_heavy_c2048_a9ff2b,0,[N/A],[N/A],28399,40960,221.66,65
2026-08-25T23:58:03.774866+00:00,20260825T235526Z_heavy_c2048_a9ff2b,1,[N/A],[N/A],213,40960,33.83,26
2026-08-25T23:58:03.774866+00:00,20260825T235526Z_heavy_c2048_a9ff2b,2,[N/A],[N/A],213,40960,34.56,27
2026-08-25T23:58:04.879272+00:00,20260825T235526Z_heavy_c2048_a9ff2b,0,[N/A],[N/A],28399,40960,272.59,65
2026-08-25T23:58:04.879272+00:00,20260825T235526Z_heavy_c2048_a9ff2b,1,[N/A],[N/A],213,40960,33.91,26
2026-08-25T23:58:04.879272+00:00,20260825T235526Z_heavy_c2048_a9ff2b,2,[N/A],[N/A],213,40960,34.56,27
2026-08-25T23:58:05.973048+00:00,20260825T235526Z_heavy_c2048_a9ff2b,0,[N/A],[N/A],28399,40960,267.44,66
2026-08-25T23:58:05.973048+00:00,20260825T235526Z_heavy_c2048_a9ff2b,1,[N/A],[N/A],213,40960,33.81,26
2026-08-25T23:58:05.973048+00:00,20260825T235526Z_heavy_c2048_a9ff2b,2,[N/A],[N/A],213,40960,34.65,27
2026-08-25T23:58:07.060478+00:00,20260825T235526Z_heavy_c2048_a9ff2b,0,[N/A],[N/A],28399,40960,250.67,66
2026-08-25T23:58:07.060478+00:00,20260825T235526Z_heavy_c2048_a9ff2b,1,[N/A],[N/A],213,40960,33.81,26
2026-08-25T23:58:07.060478+00:00,20260825T235526Z_heavy_c2048_a9ff2b,2,[N/A],[N/A],213,40960,34.65,27
2026-08-25T23:58:08.153353+00:00,20260825T235526Z_heavy_c2048_a9ff2b,0,[N/A],[N/A],28399,40960,203.40,66
2026-08-25T23:58:08.153353+00:00,20260825T235526Z_heavy_c2048_a9ff2b,1,[N/A],[N/A],213,40960,33.74,26
2026-08-25T23:58:08.153353+00:00,20260825T235526Z_heavy_c2048_a9ff2b,2,[N/A],[N/A],213,40960,34.56,27
2026-08-25T23:58:09.258930+00:00,20260825T235526Z_heavy_c2048_a9ff2b,0,[N/A],[N/A],28399,40960,262.29,66
2026-08-25T23:58:09.258930+00:00,20260825T235526Z_heavy_c2048_a9ff2b,1,[N/A],[N/A],213,40960,33.81,26
2026-08-25T23:58:09.258930+00:00,20260825T235526Z_heavy_c2048_a9ff2b,2,[N/A],[N/A],213,40960,34.55,27
2026-08-25T23:58:10.343065+00:00,20260825T235526Z_heavy_c2048_a9ff2b,0,[N/A],[N/A],28399,40960,163.94,64
2026-08-25T23:58:10.343065+00:00,20260825T235526Z_heavy_c2048_a9ff2b,1,[N/A],[N/A],213,40960,33.95,26
2026-08-25T23:58:10.343065+00:00,20260825T235526Z_heavy_c2048_a9ff2b,2,[N/A],[N/A],213,40960,34.58,27
2026-08-25T23:58:11.448484+00:00,20260825T235526Z_heavy_c2048_a9ff2b,0,[N/A],[N/A],28399,40960,148.59,63
2026-08-25T23:58:11.448484+00:00,20260825T235526Z_heavy_c2048_a9ff2b,1,[N/A],[N/A],213,40960,33.95,26
2026-08-25T23:58:11.448484+00:00,20260825T235526Z_heavy_c2048_a9ff2b,2,[N/A],[N/A],213,40960,34.59,27
2026-08-25T23:58:12.532319+00:00,20260825T235526Z_heavy_c2048_a9ff2b,0,[N/A],[N/A],28399,40960,188.12,63
2026-08-25T23:58:12.532319+00:00,20260825T235526Z_heavy_c2048_a9ff2b,1,[N/A],[N/A],213,40960,33.83,26
2026-08-25T23:58:12.532319+00:00,20260825T235526Z_heavy_c2048_a9ff2b,2,[N/A],[N/A],213,40960,34.60,27
2026-08-25T23:58:13.625043+00:00,20260825T235526Z_heavy_c2048_a9ff2b,0,[N/A],[N/A],28399,40960,158.90,63
2026-08-25T23:58:13.625043+00:00,20260825T235526Z_heavy_c2048_a9ff2b,1,[N/A],[N/A],213,40960,33.85,26
2026-08-25T23:58:13.625043+00:00,20260825T235526Z_heavy_c2048_a9ff2b,2,[N/A],[N/A],213,40960,34.49,27
2026-08-25T23:58:14.711166+00:00,20260825T235526Z_heavy_c2048_a9ff2b,0,[N/A],[N/A],28399,40960,165.40,63
2026-08-25T23:58:14.711166+00:00,20260825T235526Z_heavy_c2048_a9ff2b,1,[N/A],[N/A],213,40960,33.95,26
2026-08-25T23:58:14.711166+00:00,20260825T235526Z_heavy_c2048_a9ff2b,2,[N/A],[N/A],213,40960,34.59,27
2026-08-25T23:58:15.812994+00:00,20260825T235526Z_heavy_c2048_a9ff2b,0,[N/A],[N/A],28399,40960,160.84,63
2026-08-25T23:58:15.812994+00:00,20260825T235526Z_heavy_c2048_a9ff2b,1,[N/A],[N/A],213,40960,33.83,26
2026-08-25T23:58:15.812994+00:00,20260825T235526Z_heavy_c2048_a9ff2b,2,[N/A],[N/A],213,40960,34.67,27
2026-08-25T23:58:16.898050+00:00,20260825T235526Z_heavy_c2048_a9ff2b,0,[N/A],[N/A],28399,40960,189.78,63
2026-08-25T23:58:16.898050+00:00,20260825T235526Z_heavy_c2048_a9ff2b,1,[N/A],[N/A],213,40960,33.83,26
2026-08-25T23:58:16.898050+00:00,20260825T235526Z_heavy_c2048_a9ff2b,2,[N/A],[N/A],213,40960,34.70,27
2026-08-25T23:58:18.012044+00:00,20260825T235526Z_heavy_c2048_a9ff2b,0,[N/A],[N/A],28399,40960,203.92,63
2026-08-25T23:58:18.012044+00:00,20260825T235526Z_heavy_c2048_a9ff2b,1,[N/A],[N/A],213,40960,34.03,26
2026-08-25T23:58:18.012044+00:00,20260825T235526Z_heavy_c2048_a9ff2b,2,[N/A],[N/A],213,40960,34.67,27
2026-08-25T23:58:19.101510+00:00,20260825T235526Z_heavy_c2048_a9ff2b,0,[N/A],[N/A],28399,40960,194.14,63
2026-08-25T23:58:19.101510+00:00,20260825T235526Z_heavy_c2048_a9ff2b,1,[N/A],[N/A],213,40960,33.83,26
2026-08-25T23:58:19.101510+00:00,20260825T235526Z_heavy_c2048_a9ff2b,2,[N/A],[N/A],213,40960,34.59,27
2026-08-25T23:58:20.208410+00:00,20260825T235526Z_heavy_c2048_a9ff2b,0,[N/A],[N/A],28735,40960,260.89,65
2026-08-25T23:58:20.208410+00:00,20260825T235526Z_heavy_c2048_a9ff2b,1,[N/A],[N/A],213,40960,33.83,26
2026-08-25T23:58:20.208410+00:00,20260825T235526Z_heavy_c2048_a9ff2b,2,[N/A],[N/A],213,40960,34.77,27
2026-08-25T23:58:21.297815+00:00,20260825T235526Z_heavy_c2048_a9ff2b,0,[N/A],[N/A],28735,40960,255.74,65
2026-08-25T23:58:21.297815+00:00,20260825T235526Z_heavy_c2048_a9ff2b,1,[N/A],[N/A],213,40960,33.83,26
2026-08-25T23:58:21.297815+00:00,20260825T235526Z_heavy_c2048_a9ff2b,2,[N/A],[N/A],213,40960,34.77,27
2026-08-25T23:58:22.414039+00:00,20260825T235526Z_heavy_c2048_a9ff2b,0,[N/A],[N/A],28735,40960,302.16,66
2026-08-25T23:58:22.414039+00:00,20260825T235526Z_heavy_c2048_a9ff2b,1,[N/A],[N/A],213,40960,34.01,26
2026-08-25T23:58:22.414039+00:00,20260825T235526Z_heavy_c2048_a9ff2b,2,[N/A],[N/A],213,40960,34.47,27
2026-08-25T23:58:23.490166+00:00,20260825T235526Z_heavy_c2048_a9ff2b,0,[N/A],[N/A],28735,40960,201.47,65
2026-08-25T23:58:23.490166+00:00,20260825T235526Z_heavy_c2048_a9ff2b,1,[N/A],[N/A],213,40960,33.81,26
2026-08-25T23:58:23.490166+00:00,20260825T235526Z_heavy_c2048_a9ff2b,2,[N/A],[N/A],213,40960,34.47,27
2026-08-25T23:58:24.583605+00:00,20260825T235526Z_heavy_c2048_a9ff2b,0,[N/A],[N/A],28735,40960,245.97,66
2026-08-25T23:58:24.583605+00:00,20260825T235526Z_heavy_c2048_a9ff2b,1,[N/A],[N/A],213,40960,33.93,26
2026-08-25T23:58:24.583605+00:00,20260825T235526Z_heavy_c2048_a9ff2b,2,[N/A],[N/A],213,40960,34.55,27
2026-08-25T23:58:25.683994+00:00,20260825T235526Z_heavy_c2048_a9ff2b,0,[N/A],[N/A],28735,40960,242.65,66
2026-08-25T23:58:25.683994+00:00,20260825T235526Z_heavy_c2048_a9ff2b,1,[N/A],[N/A],213,40960,33.91,26
2026-08-25T23:58:25.683994+00:00,20260825T235526Z_heavy_c2048_a9ff2b,2,[N/A],[N/A],213,40960,34.55,27
2026-08-25T23:58:26.779378+00:00,20260825T235526Z_heavy_c2048_a9ff2b,0,[N/A],[N/A],28735,40960,282.19,66
2026-08-25T23:58:26.779378+00:00,20260825T235526Z_heavy_c2048_a9ff2b,1,[N/A],[N/A],213,40960,33.81,26
2026-08-25T23:58:26.779378+00:00,20260825T235526Z_heavy_c2048_a9ff2b,2,[N/A],[N/A],213,40960,34.47,27
2026-08-25T23:58:27.849069+00:00,20260825T235526Z_heavy_c2048_a9ff2b,0,[N/A],[N/A],28735,40960,273.76,66
2026-08-25T23:58:27.849069+00:00,20260825T235526Z_heavy_c2048_a9ff2b,1,[N/A],[N/A],213,40960,33.81,26
2026-08-25T23:58:27.849069+00:00,20260825T235526Z_heavy_c2048_a9ff2b,2,[N/A],[N/A],213,40960,34.56,27
2026-08-25T23:58:28.945047+00:00,20260825T235526Z_heavy_c2048_a9ff2b,0,[N/A],[N/A],28735,40960,211.36,66
2026-08-25T23:58:28.945047+00:00,20260825T235526Z_heavy_c2048_a9ff2b,1,[N/A],[N/A],213,40960,33.92,26
2026-08-25T23:58:28.945047+00:00,20260825T235526Z_heavy_c2048_a9ff2b,2,[N/A],[N/A],213,40960,34.47,27
2026-08-25T23:58:30.052263+00:00,20260825T235526Z_heavy_c2048_a9ff2b,0,[N/A],[N/A],28735,40960,214.45,64
2026-08-25T23:58:30.052263+00:00,20260825T235526Z_heavy_c2048_a9ff2b,1,[N/A],[N/A],213,40960,33.95,26
2026-08-25T23:58:30.052263+00:00,20260825T235526Z_heavy_c2048_a9ff2b,2,[N/A],[N/A],213,40960,34.37,27
2026-08-25T23:58:31.138038+00:00,20260825T235526Z_heavy_c2048_a9ff2b,0,[N/A],[N/A],28959,40960,128.64,64
2026-08-25T23:58:31.138038+00:00,20260825T235526Z_heavy_c2048_a9ff2b,1,[N/A],[N/A],213,40960,34.01,26
2026-08-25T23:58:31.138038+00:00,20260825T235526Z_heavy_c2048_a9ff2b,2,[N/A],[N/A],213,40960,34.48,27
2026-08-25T23:58:32.229341+00:00,20260825T235526Z_heavy_c2048_a9ff2b,0,[N/A],[N/A],29071,40960,233.64,66
2026-08-25T23:58:32.229341+00:00,20260825T235526Z_heavy_c2048_a9ff2b,1,[N/A],[N/A],213,40960,34.02,26
2026-08-25T23:58:32.229341+00:00,20260825T235526Z_heavy_c2048_a9ff2b,2,[N/A],[N/A],213,40960,34.56,27
2026-08-25T23:58:33.324186+00:00,20260825T235526Z_heavy_c2048_a9ff2b,0,[N/A],[N/A],29071,40960,261.08,66
2026-08-25T23:58:33.324186+00:00,20260825T235526Z_heavy_c2048_a9ff2b,1,[N/A],[N/A],213,40960,33.91,26
2026-08-25T23:58:33.324186+00:00,20260825T235526Z_heavy_c2048_a9ff2b,2,[N/A],[N/A],213,40960,34.45,27
2026-08-25T23:58:34.417040+00:00,20260825T235526Z_heavy_c2048_a9ff2b,0,[N/A],[N/A],29071,40960,270.24,66
2026-08-25T23:58:34.417040+00:00,20260825T235526Z_heavy_c2048_a9ff2b,1,[N/A],[N/A],213,40960,33.83,26
2026-08-25T23:58:34.417040+00:00,20260825T235526Z_heavy_c2048_a9ff2b,2,[N/A],[N/A],213,40960,34.45,27
2026-08-25T23:58:35.499034+00:00,20260825T235526Z_heavy_c2048_a9ff2b,0,[N/A],[N/A],29071,40960,229.62,66
2026-08-25T23:58:35.499034+00:00,20260825T235526Z_heavy_c2048_a9ff2b,1,[N/A],[N/A],213,40960,33.83,26
2026-08-25T23:58:35.499034+00:00,20260825T235526Z_heavy_c2048_a9ff2b,2,[N/A],[N/A],213,40960,34.56,27
2026-08-25T23:58:36.618534+00:00,20260825T235526Z_heavy_c2048_a9ff2b,0,[N/A],[N/A],29071,40960,257.59,66
2026-08-25T23:58:36.618534+00:00,20260825T235526Z_heavy_c2048_a9ff2b,1,[N/A],[N/A],213,40960,33.91,26
2026-08-25T23:58:36.618534+00:00,20260825T235526Z_heavy_c2048_a9ff2b,2,[N/A],[N/A],213,40960,34.55,27
2026-08-25T23:58:37.700521+00:00,20260825T235526Z_heavy_c2048_a9ff2b,0,[N/A],[N/A],29071,40960,249.01,66
2026-08-25T23:58:37.700521+00:00,20260825T235526Z_heavy_c2048_a9ff2b,1,[N/A],[N/A],213,40960,34.03,26
2026-08-25T23:58:37.700521+00:00,20260825T235526Z_heavy_c2048_a9ff2b,2,[N/A],[N/A],213,40960,34.37,27
2026-08-25T23:58:38.787043+00:00,20260825T235526Z_heavy_c2048_a9ff2b,0,[N/A],[N/A],29071,40960,203.59,66
2026-08-25T23:58:38.787043+00:00,20260825T235526Z_heavy_c2048_a9ff2b,1,[N/A],[N/A],213,40960,34.01,26
2026-08-25T23:58:38.787043+00:00,20260825T235526Z_heavy_c2048_a9ff2b,2,[N/A],[N/A],213,40960,34.47,27
2026-08-25T23:58:39.868781+00:00,20260825T235526Z_heavy_c2048_a9ff2b,0,[N/A],[N/A],29071,40960,185.93,66
2026-08-25T23:58:39.868781+00:00,20260825T235526Z_heavy_c2048_a9ff2b,1,[N/A],[N/A],213,40960,34.05,26
2026-08-25T23:58:39.868781+00:00,20260825T235526Z_heavy_c2048_a9ff2b,2,[N/A],[N/A],213,40960,34.49,27
2026-08-25T23:58:40.950060+00:00,20260825T235526Z_heavy_c2048_a9ff2b,0,[N/A],[N/A],29071,40960,210.40,65
2026-08-25T23:58:40.950060+00:00,20260825T235526Z_heavy_c2048_a9ff2b,1,[N/A],[N/A],213,40960,33.65,26
2026-08-25T23:58:40.950060+00:00,20260825T235526Z_heavy_c2048_a9ff2b,2,[N/A],[N/A],213,40960,34.59,27
2026-08-25T23:58:42.020994+00:00,20260825T235526Z_heavy_c2048_a9ff2b,0,[N/A],[N/A],29071,40960,160.60,64
2026-08-25T23:58:42.020994+00:00,20260825T235526Z_heavy_c2048_a9ff2b,1,[N/A],[N/A],213,40960,33.83,26
2026-08-25T23:58:42.020994+00:00,20260825T235526Z_heavy_c2048_a9ff2b,2,[N/A],[N/A],213,40960,34.59,27
2026-08-25T23:58:43.114058+00:00,20260825T235526Z_heavy_c2048_a9ff2b,0,[N/A],[N/A],29407,40960,222.15,66
2026-08-25T23:58:43.114058+00:00,20260825T235526Z_heavy_c2048_a9ff2b,1,[N/A],[N/A],213,40960,33.92,26
2026-08-25T23:58:43.114058+00:00,20260825T235526Z_heavy_c2048_a9ff2b,2,[N/A],[N/A],213,40960,34.67,27
2026-08-25T23:58:44.204634+00:00,20260825T235526Z_heavy_c2048_a9ff2b,0,[N/A],[N/A],29407,40960,217.26,66
2026-08-25T23:58:44.204634+00:00,20260825T235526Z_heavy_c2048_a9ff2b,1,[N/A],[N/A],213,40960,34.10,26
2026-08-25T23:58:44.204634+00:00,20260825T235526Z_heavy_c2048_a9ff2b,2,[N/A],[N/A],213,40960,34.56,27
2026-08-25T23:58:45.289273+00:00,20260825T235526Z_heavy_c2048_a9ff2b,0,[N/A],[N/A],29407,40960,246.35,66
2026-08-25T23:58:45.289273+00:00,20260825T235526Z_heavy_c2048_a9ff2b,1,[N/A],[N/A],213,40960,33.91,26
2026-08-25T23:58:45.289273+00:00,20260825T235526Z_heavy_c2048_a9ff2b,2,[N/A],[N/A],213,40960,34.45,27
2026-08-25T23:58:46.395053+00:00,20260825T235526Z_heavy_c2048_a9ff2b,0,[N/A],[N/A],29407,40960,250.47,66
2026-08-25T23:58:46.395053+00:00,20260825T235526Z_heavy_c2048_a9ff2b,1,[N/A],[N/A],213,40960,33.92,26
2026-08-25T23:58:46.395053+00:00,20260825T235526Z_heavy_c2048_a9ff2b,2,[N/A],[N/A],213,40960,34.49,27
2026-08-25T23:58:47.488043+00:00,20260825T235526Z_heavy_c2048_a9ff2b,0,[N/A],[N/A],29407,40960,212.95,66
2026-08-25T23:58:47.488043+00:00,20260825T235526Z_heavy_c2048_a9ff2b,1,[N/A],[N/A],213,40960,33.83,26
2026-08-25T23:58:47.488043+00:00,20260825T235526Z_heavy_c2048_a9ff2b,2,[N/A],[N/A],213,40960,34.56,27
2026-08-25T23:58:48.553040+00:00,20260825T235526Z_heavy_c2048_a9ff2b,0,[N/A],[N/A],29407,40960,267.44,67
2026-08-25T23:58:48.553040+00:00,20260825T235526Z_heavy_c2048_a9ff2b,1,[N/A],[N/A],213,40960,33.81,26
2026-08-25T23:58:48.553040+00:00,20260825T235526Z_heavy_c2048_a9ff2b,2,[N/A],[N/A],213,40960,34.45,27
2026-08-25T23:58:49.661915+00:00,20260825T235526Z_heavy_c2048_a9ff2b,0,[N/A],[N/A],29407,40960,223.53,66
2026-08-25T23:58:49.661915+00:00,20260825T235526Z_heavy_c2048_a9ff2b,1,[N/A],[N/A],213,40960,33.82,26
2026-08-25T23:58:49.661915+00:00,20260825T235526Z_heavy_c2048_a9ff2b,2,[N/A],[N/A],213,40960,34.56,27
2026-08-25T23:58:50.758260+00:00,20260825T235526Z_heavy_c2048_a9ff2b,0,[N/A],[N/A],29407,40960,224.60,67
2026-08-25T23:58:50.758260+00:00,20260825T235526Z_heavy_c2048_a9ff2b,1,[N/A],[N/A],213,40960,33.81,26
2026-08-25T23:58:50.758260+00:00,20260825T235526Z_heavy_c2048_a9ff2b,2,[N/A],[N/A],213,40960,34.56,27
2026-08-25T23:58:51.842229+00:00,20260825T235526Z_heavy_c2048_a9ff2b,0,[N/A],[N/A],29407,40960,200.72,65
2026-08-25T23:58:51.842229+00:00,20260825T235526Z_heavy_c2048_a9ff2b,1,[N/A],[N/A],213,40960,33.95,26
2026-08-25T23:58:51.842229+00:00,20260825T235526Z_heavy_c2048_a9ff2b,2,[N/A],[N/A],213,40960,34.57,27
2026-08-25T23:58:52.938199+00:00,20260825T235526Z_heavy_c2048_a9ff2b,0,[N/A],[N/A],29407,40960,192.22,64
2026-08-25T23:58:52.938199+00:00,20260825T235526Z_heavy_c2048_a9ff2b,1,[N/A],[N/A],213,40960,33.85,26
2026-08-25T23:58:52.938199+00:00,20260825T235526Z_heavy_c2048_a9ff2b,2,[N/A],[N/A],213,40960,34.49,27
2026-08-25T23:58:54.031882+00:00,20260825T235526Z_heavy_c2048_a9ff2b,0,[N/A],[N/A],29407,40960,196.69,64
2026-08-25T23:58:54.031882+00:00,20260825T235526Z_heavy_c2048_a9ff2b,1,[N/A],[N/A],213,40960,33.85,26
2026-08-25T23:58:54.031882+00:00,20260825T235526Z_heavy_c2048_a9ff2b,2,[N/A],[N/A],213,40960,34.59,27
2026-08-25T23:58:55.122490+00:00,20260825T235526Z_heavy_c2048_a9ff2b,0,[N/A],[N/A],29407,40960,182.14,63
2026-08-25T23:58:55.122490+00:00,20260825T235526Z_heavy_c2048_a9ff2b,1,[N/A],[N/A],213,40960,33.75,26
2026-08-25T23:58:55.122490+00:00,20260825T235526Z_heavy_c2048_a9ff2b,2,[N/A],[N/A],213,40960,34.49,27
2026-08-25T23:58:56.218803+00:00,20260825T235526Z_heavy_c2048_a9ff2b,0,[N/A],[N/A],29743,40960,253.76,66
2026-08-25T23:58:56.218803+00:00,20260825T235526Z_heavy_c2048_a9ff2b,1,[N/A],[N/A],213,40960,33.83,26
2026-08-25T23:58:56.218803+00:00,20260825T235526Z_heavy_c2048_a9ff2b,2,[N/A],[N/A],213,40960,34.47,27
2026-08-25T23:58:57.308525+00:00,20260825T235526Z_heavy_c2048_a9ff2b,0,[N/A],[N/A],29743,40960,230.21,66
2026-08-25T23:58:57.308525+00:00,20260825T235526Z_heavy_c2048_a9ff2b,1,[N/A],[N/A],213,40960,33.83,26
2026-08-25T23:58:57.308525+00:00,20260825T235526Z_heavy_c2048_a9ff2b,2,[N/A],[N/A],213,40960,34.47,27
2026-08-25T23:58:58.394133+00:00,20260825T235526Z_heavy_c2048_a9ff2b,0,[N/A],[N/A],29743,40960,231.31,66
2026-08-25T23:58:58.394133+00:00,20260825T235526Z_heavy_c2048_a9ff2b,1,[N/A],[N/A],213,40960,33.83,26
2026-08-25T23:58:58.394133+00:00,20260825T235526Z_heavy_c2048_a9ff2b,2,[N/A],[N/A],213,40960,34.56,27
2026-08-25T23:58:59.469092+00:00,20260825T235526Z_heavy_c2048_a9ff2b,0,[N/A],[N/A],29743,40960,233.37,66
2026-08-25T23:58:59.469092+00:00,20260825T235526Z_heavy_c2048_a9ff2b,1,[N/A],[N/A],213,40960,34.01,26
2026-08-25T23:58:59.469092+00:00,20260825T235526Z_heavy_c2048_a9ff2b,2,[N/A],[N/A],213,40960,34.68,27
2026-08-25T23:59:00.563308+00:00,20260825T235526Z_heavy_c2048_a9ff2b,0,[N/A],[N/A],29743,40960,239.93,66
2026-08-25T23:59:00.563308+00:00,20260825T235526Z_heavy_c2048_a9ff2b,1,[N/A],[N/A],213,40960,33.83,26
2026-08-25T23:59:00.563308+00:00,20260825T235526Z_heavy_c2048_a9ff2b,2,[N/A],[N/A],213,40960,34.56,27
2026-08-25T23:59:01.654595+00:00,20260825T235526Z_heavy_c2048_a9ff2b,0,[N/A],[N/A],29743,40960,279.88,66
2026-08-25T23:59:01.654595+00:00,20260825T235526Z_heavy_c2048_a9ff2b,1,[N/A],[N/A],213,40960,33.81,26
2026-08-25T23:59:01.654595+00:00,20260825T235526Z_heavy_c2048_a9ff2b,2,[N/A],[N/A],213,40960,34.47,27
2026-08-25T23:59:02.732057+00:00,20260825T235526Z_heavy_c2048_a9ff2b,0,[N/A],[N/A],29743,40960,226.77,66
2026-08-25T23:59:02.732057+00:00,20260825T235526Z_heavy_c2048_a9ff2b,1,[N/A],[N/A],213,40960,33.73,26
2026-08-25T23:59:02.732057+00:00,20260825T235526Z_heavy_c2048_a9ff2b,2,[N/A],[N/A],213,40960,34.47,27
2026-08-25T23:59:03.826115+00:00,20260825T235526Z_heavy_c2048_a9ff2b,0,[N/A],[N/A],29743,40960,270.72,66
2026-08-25T23:59:03.826115+00:00,20260825T235526Z_heavy_c2048_a9ff2b,1,[N/A],[N/A],213,40960,33.83,26
2026-08-25T23:59:03.826115+00:00,20260825T235526Z_heavy_c2048_a9ff2b,2,[N/A],[N/A],213,40960,34.58,27
2026-08-25T23:59:04.929639+00:00,20260825T235526Z_heavy_c2048_a9ff2b,0,[N/A],[N/A],29743,40960,231.69,66
2026-08-25T23:59:04.929639+00:00,20260825T235526Z_heavy_c2048_a9ff2b,1,[N/A],[N/A],213,40960,33.83,26
2026-08-25T23:59:04.929639+00:00,20260825T235526Z_heavy_c2048_a9ff2b,2,[N/A],[N/A],213,40960,34.47,27
2026-08-25T23:59:06.038052+00:00,20260825T235526Z_heavy_c2048_a9ff2b,0,[N/A],[N/A],29743,40960,177.14,65
2026-08-25T23:59:06.038052+00:00,20260825T235526Z_heavy_c2048_a9ff2b,1,[N/A],[N/A],213,40960,33.85,26
2026-08-25T23:59:06.038052+00:00,20260825T235526Z_heavy_c2048_a9ff2b,2,[N/A],[N/A],213,40960,34.47,27
2026-08-25T23:59:07.113458+00:00,20260825T235526Z_heavy_c2048_a9ff2b,0,[N/A],[N/A],29743,40960,171.98,65
2026-08-25T23:59:07.113458+00:00,20260825T235526Z_heavy_c2048_a9ff2b,1,[N/A],[N/A],213,40960,33.94,26
2026-08-25T23:59:07.113458+00:00,20260825T235526Z_heavy_c2048_a9ff2b,2,[N/A],[N/A],213,40960,34.56,27
2026-08-25T23:59:08.191190+00:00,20260825T235526Z_heavy_c2048_a9ff2b,0,[N/A],[N/A],29743,40960,225.58,64
2026-08-25T23:59:08.191190+00:00,20260825T235526Z_heavy_c2048_a9ff2b,1,[N/A],[N/A],213,40960,33.83,26
2026-08-25T23:59:08.191190+00:00,20260825T235526Z_heavy_c2048_a9ff2b,2,[N/A],[N/A],213,40960,34.49,27
2026-08-25T23:59:09.267379+00:00,20260825T235526Z_heavy_c2048_a9ff2b,0,[N/A],[N/A],29743,40960,153.94,63
2026-08-25T23:59:09.267379+00:00,20260825T235526Z_heavy_c2048_a9ff2b,1,[N/A],[N/A],213,40960,33.85,26
2026-08-25T23:59:09.267379+00:00,20260825T235526Z_heavy_c2048_a9ff2b,2,[N/A],[N/A],213,40960,34.59,27
2026-08-25T23:59:10.339188+00:00,20260825T235526Z_heavy_c2048_a9ff2b,0,[N/A],[N/A],30079,40960,259.05,65
2026-08-25T23:59:10.339188+00:00,20260825T235526Z_heavy_c2048_a9ff2b,1,[N/A],[N/A],213,40960,33.81,26
2026-08-25T23:59:10.339188+00:00,20260825T235526Z_heavy_c2048_a9ff2b,2,[N/A],[N/A],213,40960,34.56,27
2026-08-25T23:59:11.456274+00:00,20260825T235526Z_heavy_c2048_a9ff2b,0,[N/A],[N/A],30079,40960,259.93,66
2026-08-25T23:59:11.456274+00:00,20260825T235526Z_heavy_c2048_a9ff2b,1,[N/A],[N/A],213,40960,33.91,26
2026-08-25T23:59:11.456274+00:00,20260825T235526Z_heavy_c2048_a9ff2b,2,[N/A],[N/A],213,40960,34.65,27
2026-08-25T23:59:12.537006+00:00,20260825T235526Z_heavy_c2048_a9ff2b,0,[N/A],[N/A],30079,40960,209.75,66
2026-08-25T23:59:12.537006+00:00,20260825T235526Z_heavy_c2048_a9ff2b,1,[N/A],[N/A],213,40960,33.83,26
2026-08-25T23:59:12.537006+00:00,20260825T235526Z_heavy_c2048_a9ff2b,2,[N/A],[N/A],213,40960,34.56,27
2026-08-25T23:59:13.608750+00:00,20260825T235526Z_heavy_c2048_a9ff2b,0,[N/A],[N/A],30079,40960,265.50,66
2026-08-25T23:59:13.608750+00:00,20260825T235526Z_heavy_c2048_a9ff2b,1,[N/A],[N/A],213,40960,33.91,26
2026-08-25T23:59:13.608750+00:00,20260825T235526Z_heavy_c2048_a9ff2b,2,[N/A],[N/A],213,40960,34.56,27
2026-08-25T23:59:14.681986+00:00,20260825T235526Z_heavy_c2048_a9ff2b,0,[N/A],[N/A],30079,40960,271.16,66
2026-08-25T23:59:14.681986+00:00,20260825T235526Z_heavy_c2048_a9ff2b,1,[N/A],[N/A],213,40960,33.81,26
2026-08-25T23:59:14.681986+00:00,20260825T235526Z_heavy_c2048_a9ff2b,2,[N/A],[N/A],213,40960,34.54,27
2026-08-25T23:59:15.770633+00:00,20260825T235526Z_heavy_c2048_a9ff2b,0,[N/A],[N/A],30079,40960,228.07,66
2026-08-25T23:59:15.770633+00:00,20260825T235526Z_heavy_c2048_a9ff2b,1,[N/A],[N/A],213,40960,33.81,26
2026-08-25T23:59:15.770633+00:00,20260825T235526Z_heavy_c2048_a9ff2b,2,[N/A],[N/A],213,40960,34.58,27
2026-08-25T23:59:16.859524+00:00,20260825T235526Z_heavy_c2048_a9ff2b,0,[N/A],[N/A],30079,40960,244.49,67
2026-08-25T23:59:16.859524+00:00,20260825T235526Z_heavy_c2048_a9ff2b,1,[N/A],[N/A],213,40960,33.91,26
2026-08-25T23:59:16.859524+00:00,20260825T235526Z_heavy_c2048_a9ff2b,2,[N/A],[N/A],213,40960,34.86,27
2026-08-25T23:59:17.937054+00:00,20260825T235526Z_heavy_c2048_a9ff2b,0,[N/A],[N/A],30079,40960,258.38,66
2026-08-25T23:59:17.937054+00:00,20260825T235526Z_heavy_c2048_a9ff2b,1,[N/A],[N/A],213,40960,33.81,26
2026-08-25T23:59:17.937054+00:00,20260825T235526Z_heavy_c2048_a9ff2b,2,[N/A],[N/A],213,40960,34.56,27
2026-08-25T23:59:19.054037+00:00,20260825T235526Z_heavy_c2048_a9ff2b,0,[N/A],[N/A],30079,40960,143.88,65
2026-08-25T23:59:19.054037+00:00,20260825T235526Z_heavy_c2048_a9ff2b,1,[N/A],[N/A],213,40960,33.85,26
2026-08-25T23:59:19.054037+00:00,20260825T235526Z_heavy_c2048_a9ff2b,2,[N/A],[N/A],213,40960,34.89,27
2026-08-25T23:59:20.147854+00:00,20260825T235526Z_heavy_c2048_a9ff2b,0,[N/A],[N/A],30079,40960,153.21,64
2026-08-25T23:59:20.147854+00:00,20260825T235526Z_heavy_c2048_a9ff2b,1,[N/A],[N/A],213,40960,33.95,26
2026-08-25T23:59:20.147854+00:00,20260825T235526Z_heavy_c2048_a9ff2b,2,[N/A],[N/A],213,40960,34.49,27
2026-08-25T23:59:21.234086+00:00,20260825T235526Z_heavy_c2048_a9ff2b,0,[N/A],[N/A],30415,40960,238.36,66
2026-08-25T23:59:21.234086+00:00,20260825T235526Z_heavy_c2048_a9ff2b,1,[N/A],[N/A],213,40960,33.83,26
2026-08-25T23:59:21.234086+00:00,20260825T235526Z_heavy_c2048_a9ff2b,2,[N/A],[N/A],213,40960,34.47,27
2026-08-25T23:59:22.341055+00:00,20260825T235526Z_heavy_c2048_a9ff2b,0,[N/A],[N/A],30415,40960,215.15,66
2026-08-25T23:59:22.341055+00:00,20260825T235526Z_heavy_c2048_a9ff2b,1,[N/A],[N/A],213,40960,33.82,26
2026-08-25T23:59:22.341055+00:00,20260825T235526Z_heavy_c2048_a9ff2b,2,[N/A],[N/A],213,40960,34.54,27
2026-08-25T23:59:23.420044+00:00,20260825T235526Z_heavy_c2048_a9ff2b,0,[N/A],[N/A],30415,40960,284.84,67
2026-08-25T23:59:23.420044+00:00,20260825T235526Z_heavy_c2048_a9ff2b,1,[N/A],[N/A],213,40960,33.81,26
2026-08-25T23:59:23.420044+00:00,20260825T235526Z_heavy_c2048_a9ff2b,2,[N/A],[N/A],213,40960,34.67,27
2026-08-25T23:59:24.492251+00:00,20260825T235526Z_heavy_c2048_a9ff2b,0,[N/A],[N/A],30415,40960,247.05,66
2026-08-25T23:59:24.492251+00:00,20260825T235526Z_heavy_c2048_a9ff2b,1,[N/A],[N/A],213,40960,33.81,26
2026-08-25T23:59:24.492251+00:00,20260825T235526Z_heavy_c2048_a9ff2b,2,[N/A],[N/A],213,40960,34.56,27
2026-08-25T23:59:25.579817+00:00,20260825T235526Z_heavy_c2048_a9ff2b,0,[N/A],[N/A],30415,40960,214.34,66
2026-08-25T23:59:25.579817+00:00,20260825T235526Z_heavy_c2048_a9ff2b,1,[N/A],[N/A],213,40960,33.81,26
2026-08-25T23:59:25.579817+00:00,20260825T235526Z_heavy_c2048_a9ff2b,2,[N/A],[N/A],213,40960,34.56,27
2026-08-25T23:59:26.690834+00:00,20260825T235526Z_heavy_c2048_a9ff2b,0,[N/A],[N/A],30415,40960,252.02,66
2026-08-25T23:59:26.690834+00:00,20260825T235526Z_heavy_c2048_a9ff2b,1,[N/A],[N/A],213,40960,33.83,26
2026-08-25T23:59:26.690834+00:00,20260825T235526Z_heavy_c2048_a9ff2b,2,[N/A],[N/A],213,40960,34.47,27
2026-08-25T23:59:27.767378+00:00,20260825T235526Z_heavy_c2048_a9ff2b,0,[N/A],[N/A],30415,40960,225.91,66
2026-08-25T23:59:27.767378+00:00,20260825T235526Z_heavy_c2048_a9ff2b,1,[N/A],[N/A],213,40960,33.83,26
2026-08-25T23:59:27.767378+00:00,20260825T235526Z_heavy_c2048_a9ff2b,2,[N/A],[N/A],213,40960,34.56,27
2026-08-25T23:59:28.848860+00:00,20260825T235526Z_heavy_c2048_a9ff2b,0,[N/A],[N/A],30415,40960,243.42,66
2026-08-25T23:59:28.848860+00:00,20260825T235526Z_heavy_c2048_a9ff2b,1,[N/A],[N/A],213,40960,33.93,26
2026-08-25T23:59:28.848860+00:00,20260825T235526Z_heavy_c2048_a9ff2b,2,[N/A],[N/A],213,40960,34.56,27
2026-08-25T23:59:29.936538+00:00,20260825T235526Z_heavy_c2048_a9ff2b,0,[N/A],[N/A],30415,40960,274.34,66
2026-08-25T23:59:29.936538+00:00,20260825T235526Z_heavy_c2048_a9ff2b,1,[N/A],[N/A],213,40960,33.92,26
2026-08-25T23:59:29.936538+00:00,20260825T235526Z_heavy_c2048_a9ff2b,2,[N/A],[N/A],213,40960,34.47,27
2026-08-25T23:59:31.031917+00:00,20260825T235526Z_heavy_c2048_a9ff2b,0,[N/A],[N/A],30415,40960,233.44,65
2026-08-25T23:59:31.031917+00:00,20260825T235526Z_heavy_c2048_a9ff2b,1,[N/A],[N/A],213,40960,33.85,26
2026-08-25T23:59:31.031917+00:00,20260825T235526Z_heavy_c2048_a9ff2b,2,[N/A],[N/A],213,40960,34.61,27
2026-08-25T23:59:32.115499+00:00,20260825T235526Z_heavy_c2048_a9ff2b,0,[N/A],[N/A],30415,40960,156.05,64
2026-08-25T23:59:32.115499+00:00,20260825T235526Z_heavy_c2048_a9ff2b,1,[N/A],[N/A],213,40960,33.76,26
2026-08-25T23:59:32.115499+00:00,20260825T235526Z_heavy_c2048_a9ff2b,2,[N/A],[N/A],213,40960,34.47,27
2026-08-25T23:59:33.197543+00:00,20260825T235526Z_heavy_c2048_a9ff2b,0,[N/A],[N/A],30751,40960,232.85,66
2026-08-25T23:59:33.197543+00:00,20260825T235526Z_heavy_c2048_a9ff2b,1,[N/A],[N/A],213,40960,33.83,26
2026-08-25T23:59:33.197543+00:00,20260825T235526Z_heavy_c2048_a9ff2b,2,[N/A],[N/A],213,40960,34.37,27
2026-08-25T23:59:34.283503+00:00,20260825T235526Z_heavy_c2048_a9ff2b,0,[N/A],[N/A],30751,40960,253.38,66
2026-08-25T23:59:34.283503+00:00,20260825T235526Z_heavy_c2048_a9ff2b,1,[N/A],[N/A],213,40960,33.83,26
2026-08-25T23:59:34.283503+00:00,20260825T235526Z_heavy_c2048_a9ff2b,2,[N/A],[N/A],213,40960,34.37,27
2026-08-25T23:59:35.360645+00:00,20260825T235526Z_heavy_c2048_a9ff2b,0,[N/A],[N/A],30751,40960,243.70,66
2026-08-25T23:59:35.360645+00:00,20260825T235526Z_heavy_c2048_a9ff2b,1,[N/A],[N/A],213,40960,33.92,26
2026-08-25T23:59:35.360645+00:00,20260825T235526Z_heavy_c2048_a9ff2b,2,[N/A],[N/A],213,40960,34.48,27
2026-08-25T23:59:36.460236+00:00,20260825T235526Z_heavy_c2048_a9ff2b,0,[N/A],[N/A],30751,40960,225.99,66
2026-08-25T23:59:36.460236+00:00,20260825T235526Z_heavy_c2048_a9ff2b,1,[N/A],[N/A],213,40960,33.91,26
2026-08-25T23:59:36.460236+00:00,20260825T235526Z_heavy_c2048_a9ff2b,2,[N/A],[N/A],213,40960,34.37,27
2026-08-25T23:59:37.578178+00:00,20260825T235526Z_heavy_c2048_a9ff2b,0,[N/A],[N/A],30751,40960,256.71,66
2026-08-25T23:59:37.578178+00:00,20260825T235526Z_heavy_c2048_a9ff2b,1,[N/A],[N/A],213,40960,33.73,26
2026-08-25T23:59:37.578178+00:00,20260825T235526Z_heavy_c2048_a9ff2b,2,[N/A],[N/A],213,40960,34.75,27
2026-08-25T23:59:38.660506+00:00,20260825T235526Z_heavy_c2048_a9ff2b,0,[N/A],[N/A],30751,40960,228.09,66
2026-08-25T23:59:38.660506+00:00,20260825T235526Z_heavy_c2048_a9ff2b,1,[N/A],[N/A],213,40960,33.83,26
2026-08-25T23:59:38.660506+00:00,20260825T235526Z_heavy_c2048_a9ff2b,2,[N/A],[N/A],213,40960,34.45,27
2026-08-25T23:59:39.743066+00:00,20260825T235526Z_heavy_c2048_a9ff2b,0,[N/A],[N/A],30751,40960,259.43,66
2026-08-25T23:59:39.743066+00:00,20260825T235526Z_heavy_c2048_a9ff2b,1,[N/A],[N/A],213,40960,34.01,26
2026-08-25T23:59:39.743066+00:00,20260825T235526Z_heavy_c2048_a9ff2b,2,[N/A],[N/A],213,40960,34.48,27
2026-08-25T23:59:40.814643+00:00,20260825T235526Z_heavy_c2048_a9ff2b,0,[N/A],[N/A],30751,40960,233.12,66
2026-08-25T23:59:40.814643+00:00,20260825T235526Z_heavy_c2048_a9ff2b,1,[N/A],[N/A],213,40960,33.83,26
2026-08-25T23:59:40.814643+00:00,20260825T235526Z_heavy_c2048_a9ff2b,2,[N/A],[N/A],213,40960,34.66,27
2026-08-25T23:59:41.904290+00:00,20260825T235526Z_heavy_c2048_a9ff2b,0,[N/A],[N/A],30751,40960,233.21,66
2026-08-25T23:59:41.904290+00:00,20260825T235526Z_heavy_c2048_a9ff2b,1,[N/A],[N/A],213,40960,33.83,26
2026-08-25T23:59:41.904290+00:00,20260825T235526Z_heavy_c2048_a9ff2b,2,[N/A],[N/A],213,40960,34.47,27
2026-08-25T23:59:42.978056+00:00,20260825T235526Z_heavy_c2048_a9ff2b,0,[N/A],[N/A],30751,40960,221.29,67
2026-08-25T23:59:42.978056+00:00,20260825T235526Z_heavy_c2048_a9ff2b,1,[N/A],[N/A],213,40960,33.93,26
2026-08-25T23:59:42.978056+00:00,20260825T235526Z_heavy_c2048_a9ff2b,2,[N/A],[N/A],213,40960,34.54,27
2026-08-25T23:59:44.057047+00:00,20260825T235526Z_heavy_c2048_a9ff2b,0,[N/A],[N/A],30751,40960,229.32,66
2026-08-25T23:59:44.057047+00:00,20260825T235526Z_heavy_c2048_a9ff2b,1,[N/A],[N/A],213,40960,33.85,26
2026-08-25T23:59:44.057047+00:00,20260825T235526Z_heavy_c2048_a9ff2b,2,[N/A],[N/A],213,40960,34.49,27
2026-08-25T23:59:45.129994+00:00,20260825T235526Z_heavy_c2048_a9ff2b,0,[N/A],[N/A],30751,40960,147.17,64
2026-08-25T23:59:45.129994+00:00,20260825T235526Z_heavy_c2048_a9ff2b,1,[N/A],[N/A],213,40960,33.83,26
2026-08-25T23:59:45.129994+00:00,20260825T235526Z_heavy_c2048_a9ff2b,2,[N/A],[N/A],213,40960,34.49,27
2026-08-25T23:59:46.228121+00:00,20260825T235526Z_heavy_c2048_a9ff2b,0,[N/A],[N/A],30751,40960,132.25,63
2026-08-25T23:59:46.228121+00:00,20260825T235526Z_heavy_c2048_a9ff2b,1,[N/A],[N/A],213,40960,33.76,26
2026-08-25T23:59:46.228121+00:00,20260825T235526Z_heavy_c2048_a9ff2b,2,[N/A],[N/A],213,40960,34.39,27
2026-08-25T23:59:47.310543+00:00,20260825T235526Z_heavy_c2048_a9ff2b,0,[N/A],[N/A],31087,40960,250.46,65
2026-08-25T23:59:47.310543+00:00,20260825T235526Z_heavy_c2048_a9ff2b,1,[N/A],[N/A],213,40960,33.82,26
2026-08-25T23:59:47.310543+00:00,20260825T235526Z_heavy_c2048_a9ff2b,2,[N/A],[N/A],213,40960,34.56,27
2026-08-25T23:59:48.399190+00:00,20260825T235526Z_heavy_c2048_a9ff2b,0,[N/A],[N/A],31087,40960,211.84,66
2026-08-25T23:59:48.399190+00:00,20260825T235526Z_heavy_c2048_a9ff2b,1,[N/A],[N/A],213,40960,33.80,26
2026-08-25T23:59:48.399190+00:00,20260825T235526Z_heavy_c2048_a9ff2b,2,[N/A],[N/A],213,40960,34.47,27
2026-08-25T23:59:49.491044+00:00,20260825T235526Z_heavy_c2048_a9ff2b,0,[N/A],[N/A],31087,40960,216.76,66
2026-08-25T23:59:49.491044+00:00,20260825T235526Z_heavy_c2048_a9ff2b,1,[N/A],[N/A],213,40960,33.83,26
2026-08-25T23:59:49.491044+00:00,20260825T235526Z_heavy_c2048_a9ff2b,2,[N/A],[N/A],213,40960,34.47,27
2026-08-25T23:59:50.588334+00:00,20260825T235526Z_heavy_c2048_a9ff2b,0,[N/A],[N/A],31087,40960,268.51,66
2026-08-25T23:59:50.588334+00:00,20260825T235526Z_heavy_c2048_a9ff2b,1,[N/A],[N/A],213,40960,33.92,26
2026-08-25T23:59:50.588334+00:00,20260825T235526Z_heavy_c2048_a9ff2b,2,[N/A],[N/A],213,40960,34.87,27
2026-08-25T23:59:51.683052+00:00,20260825T235526Z_heavy_c2048_a9ff2b,0,[N/A],[N/A],31087,40960,243.47,66
2026-08-25T23:59:51.683052+00:00,20260825T235526Z_heavy_c2048_a9ff2b,1,[N/A],[N/A],213,40960,34.03,26
2026-08-25T23:59:51.683052+00:00,20260825T235526Z_heavy_c2048_a9ff2b,2,[N/A],[N/A],213,40960,34.44,27
2026-08-25T23:59:52.766890+00:00,20260825T235526Z_heavy_c2048_a9ff2b,0,[N/A],[N/A],31087,40960,267.61,66
2026-08-25T23:59:52.766890+00:00,20260825T235526Z_heavy_c2048_a9ff2b,1,[N/A],[N/A],213,40960,33.73,26
2026-08-25T23:59:52.766890+00:00,20260825T235526Z_heavy_c2048_a9ff2b,2,[N/A],[N/A],213,40960,34.47,27
2026-08-25T23:59:53.894052+00:00,20260825T235526Z_heavy_c2048_a9ff2b,0,[N/A],[N/A],31087,40960,259.73,66
2026-08-25T23:59:53.894052+00:00,20260825T235526Z_heavy_c2048_a9ff2b,1,[N/A],[N/A],213,40960,33.91,26
2026-08-25T23:59:53.894052+00:00,20260825T235526Z_heavy_c2048_a9ff2b,2,[N/A],[N/A],213,40960,34.56,27
2026-08-25T23:59:55.001347+00:00,20260825T235526Z_heavy_c2048_a9ff2b,0,[N/A],[N/A],31087,40960,244.89,66
2026-08-25T23:59:55.001347+00:00,20260825T235526Z_heavy_c2048_a9ff2b,1,[N/A],[N/A],213,40960,33.81,26
2026-08-25T23:59:55.001347+00:00,20260825T235526Z_heavy_c2048_a9ff2b,2,[N/A],[N/A],213,40960,34.47,27
2026-08-25T23:59:56.086866+00:00,20260825T235526Z_heavy_c2048_a9ff2b,0,[N/A],[N/A],31087,40960,177.28,64
2026-08-25T23:59:56.086866+00:00,20260825T235526Z_heavy_c2048_a9ff2b,1,[N/A],[N/A],213,40960,33.85,26
2026-08-25T23:59:56.086866+00:00,20260825T235526Z_heavy_c2048_a9ff2b,2,[N/A],[N/A],213,40960,34.49,27
2026-08-25T23:59:57.193063+00:00,20260825T235526Z_heavy_c2048_a9ff2b,0,[N/A],[N/A],31087,40960,157.64,64
2026-08-25T23:59:57.193063+00:00,20260825T235526Z_heavy_c2048_a9ff2b,1,[N/A],[N/A],213,40960,33.85,26
2026-08-25T23:59:57.193063+00:00,20260825T235526Z_heavy_c2048_a9ff2b,2,[N/A],[N/A],213,40960,34.39,27
2026-08-25T23:59:58.313280+00:00,20260825T235526Z_heavy_c2048_a9ff2b,0,[N/A],[N/A],31087,40960,182.75,64
2026-08-25T23:59:58.313280+00:00,20260825T235526Z_heavy_c2048_a9ff2b,1,[N/A],[N/A],213,40960,33.76,26
2026-08-25T23:59:58.313280+00:00,20260825T235526Z_heavy_c2048_a9ff2b,2,[N/A],[N/A],213,40960,34.49,27
2026-08-25T23:59:59.393093+00:00,20260825T235526Z_heavy_c2048_a9ff2b,0,[N/A],[N/A],31087,40960,179.93,63
2026-08-25T23:59:59.393093+00:00,20260825T235526Z_heavy_c2048_a9ff2b,1,[N/A],[N/A],213,40960,33.75,26
2026-08-25T23:59:59.393093+00:00,20260825T235526Z_heavy_c2048_a9ff2b,2,[N/A],[N/A],213,40960,34.39,27
2026-08-26T00:00:00.479068+00:00,20260825T235526Z_heavy_c2048_a9ff2b,0,[N/A],[N/A],31087,40960,170.24,63
2026-08-26T00:00:00.479068+00:00,20260825T235526Z_heavy_c2048_a9ff2b,1,[N/A],[N/A],213,40960,33.75,26
2026-08-26T00:00:00.479068+00:00,20260825T235526Z_heavy_c2048_a9ff2b,2,[N/A],[N/A],213,40960,34.39,27
2026-08-26T00:00:01.567612+00:00,20260825T235526Z_heavy_c2048_a9ff2b,0,[N/A],[N/A],31087,40960,191.90,63
2026-08-26T00:00:01.567612+00:00,20260825T235526Z_heavy_c2048_a9ff2b,1,[N/A],[N/A],213,40960,33.83,26
2026-08-26T00:00:01.567612+00:00,20260825T235526Z_heavy_c2048_a9ff2b,2,[N/A],[N/A],213,40960,34.49,27
2026-08-26T00:00:02.664035+00:00,20260825T235526Z_heavy_c2048_a9ff2b,0,[N/A],[N/A],31087,40960,186.89,63
2026-08-26T00:00:02.664035+00:00,20260825T235526Z_heavy_c2048_a9ff2b,1,[N/A],[N/A],213,40960,33.83,26
2026-08-26T00:00:02.664035+00:00,20260825T235526Z_heavy_c2048_a9ff2b,2,[N/A],[N/A],213,40960,34.42,27
2026-08-26T00:00:03.734057+00:00,20260825T235526Z_heavy_c2048_a9ff2b,0,[N/A],[N/A],31423,40960,283.36,65
2026-08-26T00:00:03.734057+00:00,20260825T235526Z_heavy_c2048_a9ff2b,1,[N/A],[N/A],213,40960,33.81,26
2026-08-26T00:00:03.734057+00:00,20260825T235526Z_heavy_c2048_a9ff2b,2,[N/A],[N/A],213,40960,34.47,27
2026-08-26T00:00:04.811429+00:00,20260825T235526Z_heavy_c2048_a9ff2b,0,[N/A],[N/A],31423,40960,213.22,66
2026-08-26T00:00:04.811429+00:00,20260825T235526Z_heavy_c2048_a9ff2b,1,[N/A],[N/A],213,40960,33.83,26
2026-08-26T00:00:04.811429+00:00,20260825T235526Z_heavy_c2048_a9ff2b,2,[N/A],[N/A],213,40960,34.35,27
2026-08-26T00:00:05.913090+00:00,20260825T235526Z_heavy_c2048_a9ff2b,0,[N/A],[N/A],31423,40960,256.78,66
2026-08-26T00:00:05.913090+00:00,20260825T235526Z_heavy_c2048_a9ff2b,1,[N/A],[N/A],213,40960,33.81,26
2026-08-26T00:00:05.913090+00:00,20260825T235526Z_heavy_c2048_a9ff2b,2,[N/A],[N/A],213,40960,34.37,27
2026-08-26T00:00:07.001044+00:00,20260825T235526Z_heavy_c2048_a9ff2b,0,[N/A],[N/A],31423,40960,266.37,65
2026-08-26T00:00:07.001044+00:00,20260825T235526Z_heavy_c2048_a9ff2b,1,[N/A],[N/A],213,40960,33.72,26
2026-08-26T00:00:07.001044+00:00,20260825T235526Z_heavy_c2048_a9ff2b,2,[N/A],[N/A],213,40960,34.45,27
2026-08-26T00:00:08.078002+00:00,20260825T235526Z_heavy_c2048_a9ff2b,0,[N/A],[N/A],31423,40960,280.84,65
2026-08-26T00:00:08.078002+00:00,20260825T235526Z_heavy_c2048_a9ff2b,1,[N/A],[N/A],213,40960,33.73,26
2026-08-26T00:00:08.078002+00:00,20260825T235526Z_heavy_c2048_a9ff2b,2,[N/A],[N/A],213,40960,34.56,27
2026-08-26T00:00:09.181054+00:00,20260825T235526Z_heavy_c2048_a9ff2b,0,[N/A],[N/A],31423,40960,240.76,66
2026-08-26T00:00:09.181054+00:00,20260825T235526Z_heavy_c2048_a9ff2b,1,[N/A],[N/A],213,40960,33.81,26
2026-08-26T00:00:09.181054+00:00,20260825T235526Z_heavy_c2048_a9ff2b,2,[N/A],[N/A],213,40960,34.47,27
2026-08-26T00:00:10.259735+00:00,20260825T235526Z_heavy_c2048_a9ff2b,0,[N/A],[N/A],31423,40960,236.19,66
2026-08-26T00:00:10.259735+00:00,20260825T235526Z_heavy_c2048_a9ff2b,1,[N/A],[N/A],213,40960,33.81,26
2026-08-26T00:00:10.259735+00:00,20260825T235526Z_heavy_c2048_a9ff2b,2,[N/A],[N/A],213,40960,34.47,27
2026-08-26T00:00:11.364856+00:00,20260825T235526Z_heavy_c2048_a9ff2b,0,[N/A],[N/A],31423,40960,232.44,66
2026-08-26T00:00:11.364856+00:00,20260825T235526Z_heavy_c2048_a9ff2b,1,[N/A],[N/A],213,40960,33.93,26
2026-08-26T00:00:11.364856+00:00,20260825T235526Z_heavy_c2048_a9ff2b,2,[N/A],[N/A],213,40960,34.47,27
2026-08-26T00:00:12.462280+00:00,20260825T235526Z_heavy_c2048_a9ff2b,0,[N/A],[N/A],31423,40960,275.49,65
2026-08-26T00:00:12.462280+00:00,20260825T235526Z_heavy_c2048_a9ff2b,1,[N/A],[N/A],213,40960,33.74,26
2026-08-26T00:00:12.462280+00:00,20260825T235526Z_heavy_c2048_a9ff2b,2,[N/A],[N/A],213,40960,34.47,27
2026-08-26T00:00:13.713065+00:00,20260825T235526Z_heavy_c2048_a9ff2b,0,[N/A],[N/A],31647,40960,306.63,65
2026-08-26T00:00:13.713065+00:00,20260825T235526Z_heavy_c2048_a9ff2b,1,[N/A],[N/A],213,40960,33.83,26
2026-08-26T00:00:13.713065+00:00,20260825T235526Z_heavy_c2048_a9ff2b,2,[N/A],[N/A],213,40960,34.67,27
2026-08-26T00:00:14.789558+00:00,20260825T235526Z_heavy_c2048_a9ff2b,0,[N/A],[N/A],31759,40960,243.44,65
2026-08-26T00:00:14.789558+00:00,20260825T235526Z_heavy_c2048_a9ff2b,1,[N/A],[N/A],213,40960,33.92,26
2026-08-26T00:00:14.789558+00:00,20260825T235526Z_heavy_c2048_a9ff2b,2,[N/A],[N/A],213,40960,34.47,27
2026-08-26T00:00:15.879052+00:00,20260825T235526Z_heavy_c2048_a9ff2b,0,[N/A],[N/A],31759,40960,267.81,66
2026-08-26T00:00:15.879052+00:00,20260825T235526Z_heavy_c2048_a9ff2b,1,[N/A],[N/A],213,40960,33.81,26
2026-08-26T00:00:15.879052+00:00,20260825T235526Z_heavy_c2048_a9ff2b,2,[N/A],[N/A],213,40960,34.49,27
2026-08-26T00:00:16.956112+00:00,20260825T235526Z_heavy_c2048_a9ff2b,0,[N/A],[N/A],31759,40960,234.15,66
2026-08-26T00:00:16.956112+00:00,20260825T235526Z_heavy_c2048_a9ff2b,1,[N/A],[N/A],213,40960,33.74,26
2026-08-26T00:00:16.956112+00:00,20260825T235526Z_heavy_c2048_a9ff2b,2,[N/A],[N/A],213,40960,34.37,27
2026-08-26T00:00:18.048118+00:00,20260825T235526Z_heavy_c2048_a9ff2b,0,[N/A],[N/A],31759,40960,254.65,66
2026-08-26T00:00:18.048118+00:00,20260825T235526Z_heavy_c2048_a9ff2b,1,[N/A],[N/A],213,40960,33.83,26
2026-08-26T00:00:18.048118+00:00,20260825T235526Z_heavy_c2048_a9ff2b,2,[N/A],[N/A],213,40960,34.47,27
2026-08-26T00:00:19.128548+00:00,20260825T235526Z_heavy_c2048_a9ff2b,0,[N/A],[N/A],31759,40960,233.13,66
2026-08-26T00:00:19.128548+00:00,20260825T235526Z_heavy_c2048_a9ff2b,1,[N/A],[N/A],213,40960,33.82,26
2026-08-26T00:00:19.128548+00:00,20260825T235526Z_heavy_c2048_a9ff2b,2,[N/A],[N/A],213,40960,34.35,27
2026-08-26T00:00:20.204010+00:00,20260825T235526Z_heavy_c2048_a9ff2b,0,[N/A],[N/A],31759,40960,206.35,66
2026-08-26T00:00:20.204010+00:00,20260825T235526Z_heavy_c2048_a9ff2b,1,[N/A],[N/A],213,40960,33.73,26
2026-08-26T00:00:20.204010+00:00,20260825T235526Z_heavy_c2048_a9ff2b,2,[N/A],[N/A],213,40960,34.49,27
2026-08-26T00:00:21.283061+00:00,20260825T235526Z_heavy_c2048_a9ff2b,0,[N/A],[N/A],31759,40960,230.21,66
2026-08-26T00:00:21.283061+00:00,20260825T235526Z_heavy_c2048_a9ff2b,1,[N/A],[N/A],213,40960,33.81,26
2026-08-26T00:00:21.283061+00:00,20260825T235526Z_heavy_c2048_a9ff2b,2,[N/A],[N/A],213,40960,34.47,27
2026-08-26T00:00:22.389051+00:00,20260825T235526Z_heavy_c2048_a9ff2b,0,[N/A],[N/A],31759,40960,241.39,66
2026-08-26T00:00:22.389051+00:00,20260825T235526Z_heavy_c2048_a9ff2b,1,[N/A],[N/A],213,40960,33.83,26
2026-08-26T00:00:22.389051+00:00,20260825T235526Z_heavy_c2048_a9ff2b,2,[N/A],[N/A],213,40960,34.47,27
2026-08-26T00:00:23.478065+00:00,20260825T235526Z_heavy_c2048_a9ff2b,0,[N/A],[N/A],31759,40960,192.48,64
2026-08-26T00:00:23.478065+00:00,20260825T235526Z_heavy_c2048_a9ff2b,1,[N/A],[N/A],213,40960,33.83,26
2026-08-26T00:00:23.478065+00:00,20260825T235526Z_heavy_c2048_a9ff2b,2,[N/A],[N/A],213,40960,34.47,27
2026-08-26T00:00:24.570898+00:00,20260825T235526Z_heavy_c2048_a9ff2b,0,[N/A],[N/A],31759,40960,193.33,63
2026-08-26T00:00:24.570898+00:00,20260825T235526Z_heavy_c2048_a9ff2b,1,[N/A],[N/A],213,40960,33.83,26
2026-08-26T00:00:24.570898+00:00,20260825T235526Z_heavy_c2048_a9ff2b,2,[N/A],[N/A],213,40960,34.48,27
2026-08-26T00:00:25.661067+00:00,20260825T235526Z_heavy_c2048_a9ff2b,0,[N/A],[N/A],31759,40960,149.69,63
2026-08-26T00:00:25.661067+00:00,20260825T235526Z_heavy_c2048_a9ff2b,1,[N/A],[N/A],213,40960,33.76,26
2026-08-26T00:00:25.661067+00:00,20260825T235526Z_heavy_c2048_a9ff2b,2,[N/A],[N/A],213,40960,34.49,27
2026-08-26T00:00:26.752011+00:00,20260825T235526Z_heavy_c2048_a9ff2b,0,[N/A],[N/A],32095,40960,248.90,65
2026-08-26T00:00:26.752011+00:00,20260825T235526Z_heavy_c2048_a9ff2b,1,[N/A],[N/A],213,40960,33.91,26
2026-08-26T00:00:26.752011+00:00,20260825T235526Z_heavy_c2048_a9ff2b,2,[N/A],[N/A],213,40960,34.66,27
2026-08-26T00:00:27.846064+00:00,20260825T235526Z_heavy_c2048_a9ff2b,0,[N/A],[N/A],32095,40960,246.74,66
2026-08-26T00:00:27.846064+00:00,20260825T235526Z_heavy_c2048_a9ff2b,1,[N/A],[N/A],213,40960,34.00,26
2026-08-26T00:00:27.846064+00:00,20260825T235526Z_heavy_c2048_a9ff2b,2,[N/A],[N/A],213,40960,34.66,27
2026-08-26T00:00:28.949048+00:00,20260825T235526Z_heavy_c2048_a9ff2b,0,[N/A],[N/A],32095,40960,211.67,66
2026-08-26T00:00:28.949048+00:00,20260825T235526Z_heavy_c2048_a9ff2b,1,[N/A],[N/A],213,40960,33.91,26
2026-08-26T00:00:28.949048+00:00,20260825T235526Z_heavy_c2048_a9ff2b,2,[N/A],[N/A],213,40960,34.44,27
2026-08-26T00:00:30.063930+00:00,20260825T235526Z_heavy_c2048_a9ff2b,0,[N/A],[N/A],32095,40960,260.02,66
2026-08-26T00:00:30.063930+00:00,20260825T235526Z_heavy_c2048_a9ff2b,1,[N/A],[N/A],213,40960,34.01,26
2026-08-26T00:00:30.063930+00:00,20260825T235526Z_heavy_c2048_a9ff2b,2,[N/A],[N/A],213,40960,34.47,27
2026-08-26T00:00:31.144533+00:00,20260825T235526Z_heavy_c2048_a9ff2b,0,[N/A],[N/A],32095,40960,276.67,65
2026-08-26T00:00:31.144533+00:00,20260825T235526Z_heavy_c2048_a9ff2b,1,[N/A],[N/A],213,40960,33.72,26
2026-08-26T00:00:31.144533+00:00,20260825T235526Z_heavy_c2048_a9ff2b,2,[N/A],[N/A],213,40960,34.37,27
2026-08-26T00:00:32.235331+00:00,20260825T235526Z_heavy_c2048_a9ff2b,0,[N/A],[N/A],32095,40960,243.11,65
2026-08-26T00:00:32.235331+00:00,20260825T235526Z_heavy_c2048_a9ff2b,1,[N/A],[N/A],213,40960,33.83,26
2026-08-26T00:00:32.235331+00:00,20260825T235526Z_heavy_c2048_a9ff2b,2,[N/A],[N/A],213,40960,34.56,27
2026-08-26T00:00:33.335041+00:00,20260825T235526Z_heavy_c2048_a9ff2b,0,[N/A],[N/A],32095,40960,237.57,65
2026-08-26T00:00:33.335041+00:00,20260825T235526Z_heavy_c2048_a9ff2b,1,[N/A],[N/A],213,40960,33.81,26
2026-08-26T00:00:33.335041+00:00,20260825T235526Z_heavy_c2048_a9ff2b,2,[N/A],[N/A],213,40960,34.46,27
2026-08-26T00:00:34.433061+00:00,20260825T235526Z_heavy_c2048_a9ff2b,0,[N/A],[N/A],32095,40960,226.87,65
2026-08-26T00:00:34.433061+00:00,20260825T235526Z_heavy_c2048_a9ff2b,1,[N/A],[N/A],213,40960,33.81,26
2026-08-26T00:00:34.433061+00:00,20260825T235526Z_heavy_c2048_a9ff2b,2,[N/A],[N/A],213,40960,34.47,27
2026-08-26T00:00:35.526847+00:00,20260825T235526Z_heavy_c2048_a9ff2b,0,[N/A],[N/A],32431,40960,245.73,66
2026-08-26T00:00:35.526847+00:00,20260825T235526Z_heavy_c2048_a9ff2b,1,[N/A],[N/A],213,40960,33.81,26
2026-08-26T00:00:35.526847+00:00,20260825T235526Z_heavy_c2048_a9ff2b,2,[N/A],[N/A],213,40960,34.27,27
2026-08-26T00:00:36.629063+00:00,20260825T235526Z_heavy_c2048_a9ff2b,0,[N/A],[N/A],32431,40960,254.56,66
2026-08-26T00:00:36.629063+00:00,20260825T235526Z_heavy_c2048_a9ff2b,1,[N/A],[N/A],213,40960,33.73,26
2026-08-26T00:00:36.629063+00:00,20260825T235526Z_heavy_c2048_a9ff2b,2,[N/A],[N/A],213,40960,34.37,27
2026-08-26T00:00:37.712052+00:00,20260825T235526Z_heavy_c2048_a9ff2b,0,[N/A],[N/A],32431,40960,206.90,66
2026-08-26T00:00:37.712052+00:00,20260825T235526Z_heavy_c2048_a9ff2b,1,[N/A],[N/A],213,40960,33.81,26
2026-08-26T00:00:37.712052+00:00,20260825T235526Z_heavy_c2048_a9ff2b,2,[N/A],[N/A],213,40960,34.35,27
2026-08-26T00:00:38.795047+00:00,20260825T235526Z_heavy_c2048_a9ff2b,0,[N/A],[N/A],32431,40960,283.06,66
2026-08-26T00:00:38.795047+00:00,20260825T235526Z_heavy_c2048_a9ff2b,1,[N/A],[N/A],213,40960,33.91,26
2026-08-26T00:00:38.795047+00:00,20260825T235526Z_heavy_c2048_a9ff2b,2,[N/A],[N/A],213,40960,34.46,27
2026-08-26T00:00:39.868846+00:00,20260825T235526Z_heavy_c2048_a9ff2b,0,[N/A],[N/A],32431,40960,215.88,66
2026-08-26T00:00:39.868846+00:00,20260825T235526Z_heavy_c2048_a9ff2b,1,[N/A],[N/A],213,40960,34.20,26
2026-08-26T00:00:39.868846+00:00,20260825T235526Z_heavy_c2048_a9ff2b,2,[N/A],[N/A],213,40960,34.44,27
2026-08-26T00:00:40.985051+00:00,20260825T235526Z_heavy_c2048_a9ff2b,0,[N/A],[N/A],32431,40960,222.68,66
2026-08-26T00:00:40.985051+00:00,20260825T235526Z_heavy_c2048_a9ff2b,1,[N/A],[N/A],213,40960,33.83,26
2026-08-26T00:00:40.985051+00:00,20260825T235526Z_heavy_c2048_a9ff2b,2,[N/A],[N/A],213,40960,34.37,27
2026-08-26T00:00:42.082046+00:00,20260825T235526Z_heavy_c2048_a9ff2b,0,[N/A],[N/A],32431,40960,234.92,66
2026-08-26T00:00:42.082046+00:00,20260825T235526Z_heavy_c2048_a9ff2b,1,[N/A],[N/A],213,40960,34.10,26
2026-08-26T00:00:42.082046+00:00,20260825T235526Z_heavy_c2048_a9ff2b,2,[N/A],[N/A],213,40960,34.37,27
2026-08-26T00:00:43.193544+00:00,20260825T235526Z_heavy_c2048_a9ff2b,0,[N/A],[N/A],32431,40960,223.40,66
2026-08-26T00:00:43.193544+00:00,20260825T235526Z_heavy_c2048_a9ff2b,1,[N/A],[N/A],213,40960,33.82,26
2026-08-26T00:00:43.193544+00:00,20260825T235526Z_heavy_c2048_a9ff2b,2,[N/A],[N/A],213,40960,34.37,27
2026-08-26T00:00:44.274407+00:00,20260825T235526Z_heavy_c2048_a9ff2b,0,[N/A],[N/A],32431,40960,155.31,64
2026-08-26T00:00:44.274407+00:00,20260825T235526Z_heavy_c2048_a9ff2b,1,[N/A],[N/A],213,40960,33.75,26
2026-08-26T00:00:44.274407+00:00,20260825T235526Z_heavy_c2048_a9ff2b,2,[N/A],[N/A],213,40960,34.37,27
2026-08-26T00:00:45.353709+00:00,20260825T235526Z_heavy_c2048_a9ff2b,0,[N/A],[N/A],32431,40960,192.17,64
2026-08-26T00:00:45.353709+00:00,20260825T235526Z_heavy_c2048_a9ff2b,1,[N/A],[N/A],213,40960,33.75,26
2026-08-26T00:00:45.353709+00:00,20260825T235526Z_heavy_c2048_a9ff2b,2,[N/A],[N/A],213,40960,34.39,27
2026-08-26T00:00:46.422047+00:00,20260825T235526Z_heavy_c2048_a9ff2b,0,[N/A],[N/A],32431,40960,221.35,64
2026-08-26T00:00:46.422047+00:00,20260825T235526Z_heavy_c2048_a9ff2b,1,[N/A],[N/A],213,40960,33.93,26
2026-08-26T00:00:46.422047+00:00,20260825T235526Z_heavy_c2048_a9ff2b,2,[N/A],[N/A],213,40960,34.39,27
2026-08-26T00:00:47.509064+00:00,20260825T235526Z_heavy_c2048_a9ff2b,0,[N/A],[N/A],32767,40960,232.66,65
2026-08-26T00:00:47.509064+00:00,20260825T235526Z_heavy_c2048_a9ff2b,1,[N/A],[N/A],213,40960,33.93,26
2026-08-26T00:00:47.509064+00:00,20260825T235526Z_heavy_c2048_a9ff2b,2,[N/A],[N/A],213,40960,34.37,27
2026-08-26T00:00:48.599858+00:00,20260825T235526Z_heavy_c2048_a9ff2b,0,[N/A],[N/A],32767,40960,257.79,65
2026-08-26T00:00:48.599858+00:00,20260825T235526Z_heavy_c2048_a9ff2b,1,[N/A],[N/A],213,40960,33.83,26
2026-08-26T00:00:48.599858+00:00,20260825T235526Z_heavy_c2048_a9ff2b,2,[N/A],[N/A],213,40960,34.47,27
2026-08-26T00:00:49.684047+00:00,20260825T235526Z_heavy_c2048_a9ff2b,0,[N/A],[N/A],32767,40960,210.85,65
2026-08-26T00:00:49.684047+00:00,20260825T235526Z_heavy_c2048_a9ff2b,1,[N/A],[N/A],213,40960,33.81,26
2026-08-26T00:00:49.684047+00:00,20260825T235526Z_heavy_c2048_a9ff2b,2,[N/A],[N/A],213,40960,34.27,27
2026-08-26T00:00:50.781043+00:00,20260825T235526Z_heavy_c2048_a9ff2b,0,[N/A],[N/A],32767,40960,242.35,65
2026-08-26T00:00:50.781043+00:00,20260825T235526Z_heavy_c2048_a9ff2b,1,[N/A],[N/A],213,40960,33.73,26
2026-08-26T00:00:50.781043+00:00,20260825T235526Z_heavy_c2048_a9ff2b,2,[N/A],[N/A],213,40960,34.37,27
2026-08-26T00:00:51.868196+00:00,20260825T235526Z_heavy_c2048_a9ff2b,0,[N/A],[N/A],32767,40960,265.85,65
2026-08-26T00:00:51.868196+00:00,20260825T235526Z_heavy_c2048_a9ff2b,1,[N/A],[N/A],213,40960,33.83,26
2026-08-26T00:00:51.868196+00:00,20260825T235526Z_heavy_c2048_a9ff2b,2,[N/A],[N/A],213,40960,34.47,27
2026-08-26T00:00:52.956954+00:00,20260825T235526Z_heavy_c2048_a9ff2b,0,[N/A],[N/A],32767,40960,286.89,66
2026-08-26T00:00:52.956954+00:00,20260825T235526Z_heavy_c2048_a9ff2b,1,[N/A],[N/A],213,40960,33.94,26
2026-08-26T00:00:52.956954+00:00,20260825T235526Z_heavy_c2048_a9ff2b,2,[N/A],[N/A],213,40960,34.47,27
2026-08-26T00:00:54.029526+00:00,20260825T235526Z_heavy_c2048_a9ff2b,0,[N/A],[N/A],32767,40960,240.39,65
2026-08-26T00:00:54.029526+00:00,20260825T235526Z_heavy_c2048_a9ff2b,1,[N/A],[N/A],213,40960,33.83,26
2026-08-26T00:00:54.029526+00:00,20260825T235526Z_heavy_c2048_a9ff2b,2,[N/A],[N/A],213,40960,34.37,27
2026-08-26T00:00:55.117975+00:00,20260825T235526Z_heavy_c2048_a9ff2b,0,[N/A],[N/A],32767,40960,239.04,66
2026-08-26T00:00:55.117975+00:00,20260825T235526Z_heavy_c2048_a9ff2b,1,[N/A],[N/A],213,40960,33.83,26
2026-08-26T00:00:55.117975+00:00,20260825T235526Z_heavy_c2048_a9ff2b,2,[N/A],[N/A],213,40960,34.36,27
2026-08-26T00:00:56.203923+00:00,20260825T235526Z_heavy_c2048_a9ff2b,0,[N/A],[N/A],32767,40960,190.31,64
2026-08-26T00:00:56.203923+00:00,20260825T235526Z_heavy_c2048_a9ff2b,1,[N/A],[N/A],213,40960,33.75,26
2026-08-26T00:00:56.203923+00:00,20260825T235526Z_heavy_c2048_a9ff2b,2,[N/A],[N/A],213,40960,34.48,27
2026-08-26T00:00:57.287042+00:00,20260825T235526Z_heavy_c2048_a9ff2b,0,[N/A],[N/A],32767,40960,204.51,63
2026-08-26T00:00:57.287042+00:00,20260825T235526Z_heavy_c2048_a9ff2b,1,[N/A],[N/A],213,40960,33.84,26
2026-08-26T00:00:57.287042+00:00,20260825T235526Z_heavy_c2048_a9ff2b,2,[N/A],[N/A],213,40960,34.37,27
2026-08-26T00:00:58.385345+00:00,20260825T235526Z_heavy_c2048_a9ff2b,0,[N/A],[N/A],32767,40960,149.96,63
2026-08-26T00:00:58.385345+00:00,20260825T235526Z_heavy_c2048_a9ff2b,1,[N/A],[N/A],213,40960,33.85,26
2026-08-26T00:00:58.385345+00:00,20260825T235526Z_heavy_c2048_a9ff2b,2,[N/A],[N/A],213,40960,34.79,27
2026-08-26T00:00:59.468048+00:00,20260825T235526Z_heavy_c2048_a9ff2b,0,[N/A],[N/A],32767,40960,186.40,63
2026-08-26T00:00:59.468048+00:00,20260825T235526Z_heavy_c2048_a9ff2b,1,[N/A],[N/A],213,40960,33.75,26
2026-08-26T00:00:59.468048+00:00,20260825T235526Z_heavy_c2048_a9ff2b,2,[N/A],[N/A],213,40960,34.39,27
2026-08-26T00:01:00.555330+00:00,20260825T235526Z_heavy_c2048_a9ff2b,0,[N/A],[N/A],32767,40960,192.73,62
2026-08-26T00:01:00.555330+00:00,20260825T235526Z_heavy_c2048_a9ff2b,1,[N/A],[N/A],213,40960,33.75,26
2026-08-26T00:01:00.555330+00:00,20260825T235526Z_heavy_c2048_a9ff2b,2,[N/A],[N/A],213,40960,34.40,27
2026-08-26T00:01:01.626051+00:00,20260825T235526Z_heavy_c2048_a9ff2b,0,[N/A],[N/A],13283,40960,167.46,62
2026-08-26T00:01:01.626051+00:00,20260825T235526Z_heavy_c2048_a9ff2b,1,[N/A],[N/A],213,40960,33.83,26
2026-08-26T00:01:01.626051+00:00,20260825T235526Z_heavy_c2048_a9ff2b,2,[N/A],[N/A],213,40960,34.49,27
2026-08-26T00:01:02.739187+00:00,20260825T235526Z_heavy_c2048_a9ff2b,0,[N/A],[N/A],26375,40960,255.26,64
2026-08-26T00:01:02.739187+00:00,20260825T235526Z_heavy_c2048_a9ff2b,1,[N/A],[N/A],213,40960,33.81,26
2026-08-26T00:01:02.739187+00:00,20260825T235526Z_heavy_c2048_a9ff2b,2,[N/A],[N/A],213,40960,34.37,27
2026-08-26T00:01:03.837971+00:00,20260825T235526Z_heavy_c2048_a9ff2b,0,[N/A],[N/A],26375,40960,227.57,65
2026-08-26T00:01:03.837971+00:00,20260825T235526Z_heavy_c2048_a9ff2b,1,[N/A],[N/A],213,40960,33.80,26
2026-08-26T00:01:03.837971+00:00,20260825T235526Z_heavy_c2048_a9ff2b,2,[N/A],[N/A],213,40960,34.45,27
2026-08-26T00:01:04.935835+00:00,20260825T235526Z_heavy_c2048_a9ff2b,0,[N/A],[N/A],26375,40960,278.70,64
2026-08-26T00:01:04.935835+00:00,20260825T235526Z_heavy_c2048_a9ff2b,1,[N/A],[N/A],213,40960,33.92,26
2026-08-26T00:01:04.935835+00:00,20260825T235526Z_heavy_c2048_a9ff2b,2,[N/A],[N/A],213,40960,34.47,27
2026-08-26T00:01:06.020311+00:00,20260825T235526Z_heavy_c2048_a9ff2b,0,[N/A],[N/A],26375,40960,242.35,65
2026-08-26T00:01:06.020311+00:00,20260825T235526Z_heavy_c2048_a9ff2b,1,[N/A],[N/A],213,40960,33.71,26
2026-08-26T00:01:06.020311+00:00,20260825T235526Z_heavy_c2048_a9ff2b,2,[N/A],[N/A],213,40960,34.46,27
2026-08-26T00:01:07.092286+00:00,20260825T235526Z_heavy_c2048_a9ff2b,0,[N/A],[N/A],26375,40960,261.58,64
2026-08-26T00:01:07.092286+00:00,20260825T235526Z_heavy_c2048_a9ff2b,1,[N/A],[N/A],213,40960,33.73,26
2026-08-26T00:01:07.092286+00:00,20260825T235526Z_heavy_c2048_a9ff2b,2,[N/A],[N/A],213,40960,34.37,27
2026-08-26T00:01:08.191080+00:00,20260825T235526Z_heavy_c2048_a9ff2b,0,[N/A],[N/A],26375,40960,281.44,64
2026-08-26T00:01:08.191080+00:00,20260825T235526Z_heavy_c2048_a9ff2b,1,[N/A],[N/A],213,40960,33.83,26
2026-08-26T00:01:08.191080+00:00,20260825T235526Z_heavy_c2048_a9ff2b,2,[N/A],[N/A],213,40960,34.47,27
2026-08-26T00:01:09.282264+00:00,20260825T235526Z_heavy_c2048_a9ff2b,0,[N/A],[N/A],26375,40960,235.79,64
2026-08-26T00:01:09.282264+00:00,20260825T235526Z_heavy_c2048_a9ff2b,1,[N/A],[N/A],213,40960,33.74,26
2026-08-26T00:01:09.282264+00:00,20260825T235526Z_heavy_c2048_a9ff2b,2,[N/A],[N/A],213,40960,34.37,27
2026-08-26T00:01:10.371179+00:00,20260825T235526Z_heavy_c2048_a9ff2b,0,[N/A],[N/A],26375,40960,227.10,65
2026-08-26T00:01:10.371179+00:00,20260825T235526Z_heavy_c2048_a9ff2b,1,[N/A],[N/A],213,40960,33.73,26
2026-08-26T00:01:10.371179+00:00,20260825T235526Z_heavy_c2048_a9ff2b,2,[N/A],[N/A],213,40960,34.37,27
2026-08-26T00:01:11.452080+00:00,20260825T235526Z_heavy_c2048_a9ff2b,0,[N/A],[N/A],26375,40960,151.74,63
2026-08-26T00:01:11.452080+00:00,20260825T235526Z_heavy_c2048_a9ff2b,1,[N/A],[N/A],213,40960,33.83,26
2026-08-26T00:01:11.452080+00:00,20260825T235526Z_heavy_c2048_a9ff2b,2,[N/A],[N/A],213,40960,34.37,27
2026-08-26T00:01:12.529489+00:00,20260825T235526Z_heavy_c2048_a9ff2b,0,[N/A],[N/A],26375,40960,192.39,63
2026-08-26T00:01:12.529489+00:00,20260825T235526Z_heavy_c2048_a9ff2b,1,[N/A],[N/A],213,40960,33.75,26
2026-08-26T00:01:12.529489+00:00,20260825T235526Z_heavy_c2048_a9ff2b,2,[N/A],[N/A],213,40960,34.39,27
2026-08-26T00:01:13.612910+00:00,20260825T235526Z_heavy_c2048_a9ff2b,0,[N/A],[N/A],26375,40960,181.52,63
2026-08-26T00:01:13.612910+00:00,20260825T235526Z_heavy_c2048_a9ff2b,1,[N/A],[N/A],213,40960,33.76,26
2026-08-26T00:01:13.612910+00:00,20260825T235526Z_heavy_c2048_a9ff2b,2,[N/A],[N/A],213,40960,34.39,27
2026-08-26T00:01:14.709325+00:00,20260825T235526Z_heavy_c2048_a9ff2b,0,[N/A],[N/A],26375,40960,143.49,62
2026-08-26T00:01:14.709325+00:00,20260825T235526Z_heavy_c2048_a9ff2b,1,[N/A],[N/A],213,40960,33.76,26
2026-08-26T00:01:14.709325+00:00,20260825T235526Z_heavy_c2048_a9ff2b,2,[N/A],[N/A],213,40960,34.39,27
2026-08-26T00:01:15.790684+00:00,20260825T235526Z_heavy_c2048_a9ff2b,0,[N/A],[N/A],26375,40960,211.54,63
2026-08-26T00:01:15.790684+00:00,20260825T235526Z_heavy_c2048_a9ff2b,1,[N/A],[N/A],213,40960,33.74,26
2026-08-26T00:01:15.790684+00:00,20260825T235526Z_heavy_c2048_a9ff2b,2,[N/A],[N/A],213,40960,34.37,27
2026-08-26T00:01:16.887339+00:00,20260825T235526Z_heavy_c2048_a9ff2b,0,[N/A],[N/A],26375,40960,162.07,62
2026-08-26T00:01:16.887339+00:00,20260825T235526Z_heavy_c2048_a9ff2b,1,[N/A],[N/A],213,40960,33.73,26
2026-08-26T00:01:16.887339+00:00,20260825T235526Z_heavy_c2048_a9ff2b,2,[N/A],[N/A],213,40960,34.49,27
2026-08-26T00:01:17.983210+00:00,20260825T235526Z_heavy_c2048_a9ff2b,0,[N/A],[N/A],26711,40960,251.42,64
2026-08-26T00:01:17.983210+00:00,20260825T235526Z_heavy_c2048_a9ff2b,1,[N/A],[N/A],213,40960,33.90,26
2026-08-26T00:01:17.983210+00:00,20260825T235526Z_heavy_c2048_a9ff2b,2,[N/A],[N/A],213,40960,34.54,27
2026-08-26T00:01:19.071856+00:00,20260825T235526Z_heavy_c2048_a9ff2b,0,[N/A],[N/A],26711,40960,279.57,64
2026-08-26T00:01:19.071856+00:00,20260825T235526Z_heavy_c2048_a9ff2b,1,[N/A],[N/A],213,40960,33.92,26
2026-08-26T00:01:19.071856+00:00,20260825T235526Z_heavy_c2048_a9ff2b,2,[N/A],[N/A],213,40960,34.47,27
2026-08-26T00:01:20.165058+00:00,20260825T235526Z_heavy_c2048_a9ff2b,0,[N/A],[N/A],26711,40960,298.79,65
2026-08-26T00:01:20.165058+00:00,20260825T235526Z_heavy_c2048_a9ff2b,1,[N/A],[N/A],213,40960,33.74,26
2026-08-26T00:01:20.165058+00:00,20260825T235526Z_heavy_c2048_a9ff2b,2,[N/A],[N/A],213,40960,34.46,27
2026-08-26T00:01:21.237709+00:00,20260825T235526Z_heavy_c2048_a9ff2b,0,[N/A],[N/A],26711,40960,291.32,65
2026-08-26T00:01:21.237709+00:00,20260825T235526Z_heavy_c2048_a9ff2b,1,[N/A],[N/A],213,40960,33.83,26
2026-08-26T00:01:21.237709+00:00,20260825T235526Z_heavy_c2048_a9ff2b,2,[N/A],[N/A],213,40960,34.49,27
2026-08-26T00:01:22.320061+00:00,20260825T235526Z_heavy_c2048_a9ff2b,0,[N/A],[N/A],26711,40960,216.95,64
2026-08-26T00:01:22.320061+00:00,20260825T235526Z_heavy_c2048_a9ff2b,1,[N/A],[N/A],213,40960,33.83,26
2026-08-26T00:01:22.320061+00:00,20260825T235526Z_heavy_c2048_a9ff2b,2,[N/A],[N/A],213,40960,34.37,27
2026-08-26T00:01:23.413133+00:00,20260825T235526Z_heavy_c2048_a9ff2b,0,[N/A],[N/A],26711,40960,296.08,64
2026-08-26T00:01:23.413133+00:00,20260825T235526Z_heavy_c2048_a9ff2b,1,[N/A],[N/A],213,40960,33.74,26
2026-08-26T00:01:23.413133+00:00,20260825T235526Z_heavy_c2048_a9ff2b,2,[N/A],[N/A],213,40960,34.47,27
2026-08-26T00:01:24.512785+00:00,20260825T235526Z_heavy_c2048_a9ff2b,0,[N/A],[N/A],26711,40960,175.77,64
2026-08-26T00:01:24.512785+00:00,20260825T235526Z_heavy_c2048_a9ff2b,1,[N/A],[N/A],213,40960,33.83,26
2026-08-26T00:01:24.512785+00:00,20260825T235526Z_heavy_c2048_a9ff2b,2,[N/A],[N/A],213,40960,34.57,27
2026-08-26T00:01:25.600126+00:00,20260825T235526Z_heavy_c2048_a9ff2b,0,[N/A],[N/A],26711,40960,245.57,65
2026-08-26T00:01:25.600126+00:00,20260825T235526Z_heavy_c2048_a9ff2b,1,[N/A],[N/A],213,40960,33.81,26
2026-08-26T00:01:25.600126+00:00,20260825T235526Z_heavy_c2048_a9ff2b,2,[N/A],[N/A],213,40960,34.35,27
2026-08-26T00:01:26.685674+00:00,20260825T235526Z_heavy_c2048_a9ff2b,0,[N/A],[N/A],26711,40960,145.79,62
2026-08-26T00:01:26.685674+00:00,20260825T235526Z_heavy_c2048_a9ff2b,1,[N/A],[N/A],213,40960,33.85,26
2026-08-26T00:01:26.685674+00:00,20260825T235526Z_heavy_c2048_a9ff2b,2,[N/A],[N/A],213,40960,34.49,27
2026-08-26T00:01:27.770053+00:00,20260825T235526Z_heavy_c2048_a9ff2b,0,[N/A],[N/A],26711,40960,183.38,64
2026-08-26T00:01:27.770053+00:00,20260825T235526Z_heavy_c2048_a9ff2b,1,[N/A],[N/A],213,40960,33.72,26
2026-08-26T00:01:27.770053+00:00,20260825T235526Z_heavy_c2048_a9ff2b,2,[N/A],[N/A],213,40960,34.47,27
2026-08-26T00:01:28.845175+00:00,20260825T235526Z_heavy_c2048_a9ff2b,0,[N/A],[N/A],26711,40960,187.09,62
2026-08-26T00:01:28.845175+00:00,20260825T235526Z_heavy_c2048_a9ff2b,1,[N/A],[N/A],213,40960,33.83,26
2026-08-26T00:01:28.845175+00:00,20260825T235526Z_heavy_c2048_a9ff2b,2,[N/A],[N/A],213,40960,34.49,27
2026-08-26T00:01:29.944661+00:00,20260825T235526Z_heavy_c2048_a9ff2b,0,[N/A],[N/A],26711,40960,169.94,62
2026-08-26T00:01:29.944661+00:00,20260825T235526Z_heavy_c2048_a9ff2b,1,[N/A],[N/A],213,40960,33.83,26
2026-08-26T00:01:29.944661+00:00,20260825T235526Z_heavy_c2048_a9ff2b,2,[N/A],[N/A],213,40960,34.59,27
2026-08-26T00:01:31.059045+00:00,20260825T235526Z_heavy_c2048_a9ff2b,0,[N/A],[N/A],26711,40960,186.16,61
2026-08-26T00:01:31.059045+00:00,20260825T235526Z_heavy_c2048_a9ff2b,1,[N/A],[N/A],213,40960,33.73,26
2026-08-26T00:01:31.059045+00:00,20260825T235526Z_heavy_c2048_a9ff2b,2,[N/A],[N/A],213,40960,34.49,27
2026-08-26T00:01:32.145141+00:00,20260825T235526Z_heavy_c2048_a9ff2b,0,[N/A],[N/A],26711,40960,205.82,62
2026-08-26T00:01:32.145141+00:00,20260825T235526Z_heavy_c2048_a9ff2b,1,[N/A],[N/A],213,40960,33.83,26
2026-08-26T00:01:32.145141+00:00,20260825T235526Z_heavy_c2048_a9ff2b,2,[N/A],[N/A],213,40960,34.56,27
2026-08-26T00:01:33.223669+00:00,20260825T235526Z_heavy_c2048_a9ff2b,0,[N/A],[N/A],27047,40960,274.81,64
2026-08-26T00:01:33.223669+00:00,20260825T235526Z_heavy_c2048_a9ff2b,1,[N/A],[N/A],213,40960,34.28,26
2026-08-26T00:01:33.223669+00:00,20260825T235526Z_heavy_c2048_a9ff2b,2,[N/A],[N/A],213,40960,34.44,27
2026-08-26T00:01:34.317368+00:00,20260825T235526Z_heavy_c2048_a9ff2b,0,[N/A],[N/A],27047,40960,221.87,63
2026-08-26T00:01:34.317368+00:00,20260825T235526Z_heavy_c2048_a9ff2b,1,[N/A],[N/A],213,40960,33.81,26
2026-08-26T00:01:34.317368+00:00,20260825T235526Z_heavy_c2048_a9ff2b,2,[N/A],[N/A],213,40960,34.87,27
2026-08-26T00:01:35.416041+00:00,20260825T235526Z_heavy_c2048_a9ff2b,0,[N/A],[N/A],27047,40960,244.91,64
2026-08-26T00:01:35.416041+00:00,20260825T235526Z_heavy_c2048_a9ff2b,1,[N/A],[N/A],213,40960,33.81,26
2026-08-26T00:01:35.416041+00:00,20260825T235526Z_heavy_c2048_a9ff2b,2,[N/A],[N/A],213,40960,34.55,27
2026-08-26T00:01:36.509049+00:00,20260825T235526Z_heavy_c2048_a9ff2b,0,[N/A],[N/A],27047,40960,262.48,65
2026-08-26T00:01:36.509049+00:00,20260825T235526Z_heavy_c2048_a9ff2b,1,[N/A],[N/A],213,40960,33.80,26
2026-08-26T00:01:36.509049+00:00,20260825T235526Z_heavy_c2048_a9ff2b,2,[N/A],[N/A],213,40960,34.45,27
2026-08-26T00:01:37.581078+00:00,20260825T235526Z_heavy_c2048_a9ff2b,0,[N/A],[N/A],27047,40960,230.13,64
2026-08-26T00:01:37.581078+00:00,20260825T235526Z_heavy_c2048_a9ff2b,1,[N/A],[N/A],213,40960,33.82,26
2026-08-26T00:01:37.581078+00:00,20260825T235526Z_heavy_c2048_a9ff2b,2,[N/A],[N/A],213,40960,34.46,27
2026-08-26T00:01:38.677538+00:00,20260825T235526Z_heavy_c2048_a9ff2b,0,[N/A],[N/A],27047,40960,249.78,64
2026-08-26T00:01:38.677538+00:00,20260825T235526Z_heavy_c2048_a9ff2b,1,[N/A],[N/A],213,40960,34.03,26
2026-08-26T00:01:38.677538+00:00,20260825T235526Z_heavy_c2048_a9ff2b,2,[N/A],[N/A],213,40960,34.47,27
2026-08-26T00:01:39.755368+00:00,20260825T235526Z_heavy_c2048_a9ff2b,0,[N/A],[N/A],27047,40960,241.87,64
2026-08-26T00:01:39.755368+00:00,20260825T235526Z_heavy_c2048_a9ff2b,1,[N/A],[N/A],213,40960,34.21,26
2026-08-26T00:01:39.755368+00:00,20260825T235526Z_heavy_c2048_a9ff2b,2,[N/A],[N/A],213,40960,34.56,27
2026-08-26T00:01:40.847053+00:00,20260825T235526Z_heavy_c2048_a9ff2b,0,[N/A],[N/A],27047,40960,219.42,64
2026-08-26T00:01:40.847053+00:00,20260825T235526Z_heavy_c2048_a9ff2b,1,[N/A],[N/A],213,40960,33.92,26
2026-08-26T00:01:40.847053+00:00,20260825T235526Z_heavy_c2048_a9ff2b,2,[N/A],[N/A],213,40960,34.56,27
2026-08-26T00:01:41.934349+00:00,20260825T235526Z_heavy_c2048_a9ff2b,0,[N/A],[N/A],27049,40960,226.96,63
2026-08-26T00:01:41.934349+00:00,20260825T235526Z_heavy_c2048_a9ff2b,1,[N/A],[N/A],213,40960,33.85,26
2026-08-26T00:01:41.934349+00:00,20260825T235526Z_heavy_c2048_a9ff2b,2,[N/A],[N/A],213,40960,34.51,27
2026-08-26T00:01:43.006993+00:00,20260825T235526Z_heavy_c2048_a9ff2b,0,[N/A],[N/A],27049,40960,211.76,63
2026-08-26T00:01:43.006993+00:00,20260825T235526Z_heavy_c2048_a9ff2b,1,[N/A],[N/A],213,40960,33.85,26
2026-08-26T00:01:43.006993+00:00,20260825T235526Z_heavy_c2048_a9ff2b,2,[N/A],[N/A],213,40960,34.39,27
2026-08-26T00:01:44.098421+00:00,20260825T235526Z_heavy_c2048_a9ff2b,0,[N/A],[N/A],27049,40960,219.29,62
2026-08-26T00:01:44.098421+00:00,20260825T235526Z_heavy_c2048_a9ff2b,1,[N/A],[N/A],213,40960,33.94,26
2026-08-26T00:01:44.098421+00:00,20260825T235526Z_heavy_c2048_a9ff2b,2,[N/A],[N/A],213,40960,34.39,27
2026-08-26T00:01:45.205711+00:00,20260825T235526Z_heavy_c2048_a9ff2b,0,[N/A],[N/A],27049,40960,218.35,63
2026-08-26T00:01:45.205711+00:00,20260825T235526Z_heavy_c2048_a9ff2b,1,[N/A],[N/A],213,40960,33.94,26
2026-08-26T00:01:45.205711+00:00,20260825T235526Z_heavy_c2048_a9ff2b,2,[N/A],[N/A],213,40960,34.59,27
2026-08-26T00:01:46.271809+00:00,20260825T235526Z_heavy_c2048_a9ff2b,0,[N/A],[N/A],27049,40960,169.15,62
2026-08-26T00:01:46.271809+00:00,20260825T235526Z_heavy_c2048_a9ff2b,1,[N/A],[N/A],213,40960,34.04,26
2026-08-26T00:01:46.271809+00:00,20260825T235526Z_heavy_c2048_a9ff2b,2,[N/A],[N/A],213,40960,34.39,27
2026-08-26T00:01:47.372046+00:00,20260825T235526Z_heavy_c2048_a9ff2b,0,[N/A],[N/A],27385,40960,276.51,63
2026-08-26T00:01:47.372046+00:00,20260825T235526Z_heavy_c2048_a9ff2b,1,[N/A],[N/A],213,40960,33.83,26
2026-08-26T00:01:47.372046+00:00,20260825T235526Z_heavy_c2048_a9ff2b,2,[N/A],[N/A],213,40960,34.65,27
2026-08-26T00:01:48.468976+00:00,20260825T235526Z_heavy_c2048_a9ff2b,0,[N/A],[N/A],27385,40960,204.40,64
2026-08-26T00:01:48.468976+00:00,20260825T235526Z_heavy_c2048_a9ff2b,1,[N/A],[N/A],213,40960,33.83,26
2026-08-26T00:01:48.468976+00:00,20260825T235526Z_heavy_c2048_a9ff2b,2,[N/A],[N/A],213,40960,34.56,27
2026-08-26T00:01:49.560047+00:00,20260825T235526Z_heavy_c2048_a9ff2b,0,[N/A],[N/A],27385,40960,254.76,64
2026-08-26T00:01:49.560047+00:00,20260825T235526Z_heavy_c2048_a9ff2b,1,[N/A],[N/A],213,40960,33.83,26
2026-08-26T00:01:49.560047+00:00,20260825T235526Z_heavy_c2048_a9ff2b,2,[N/A],[N/A],213,40960,34.47,27
2026-08-26T00:01:50.659126+00:00,20260825T235526Z_heavy_c2048_a9ff2b,0,[N/A],[N/A],27385,40960,228.52,64
2026-08-26T00:01:50.659126+00:00,20260825T235526Z_heavy_c2048_a9ff2b,1,[N/A],[N/A],213,40960,33.83,26
2026-08-26T00:01:50.659126+00:00,20260825T235526Z_heavy_c2048_a9ff2b,2,[N/A],[N/A],213,40960,34.47,27
2026-08-26T00:01:51.738393+00:00,20260825T235526Z_heavy_c2048_a9ff2b,0,[N/A],[N/A],27385,40960,242.44,64
2026-08-26T00:01:51.738393+00:00,20260825T235526Z_heavy_c2048_a9ff2b,1,[N/A],[N/A],213,40960,33.92,27
2026-08-26T00:01:51.738393+00:00,20260825T235526Z_heavy_c2048_a9ff2b,2,[N/A],[N/A],213,40960,34.47,27
2026-08-26T00:01:52.834817+00:00,20260825T235526Z_heavy_c2048_a9ff2b,0,[N/A],[N/A],27385,40960,269.19,64
2026-08-26T00:01:52.834817+00:00,20260825T235526Z_heavy_c2048_a9ff2b,1,[N/A],[N/A],213,40960,34.01,26
2026-08-26T00:01:52.834817+00:00,20260825T235526Z_heavy_c2048_a9ff2b,2,[N/A],[N/A],213,40960,34.55,27
2026-08-26T00:01:53.927857+00:00,20260825T235526Z_heavy_c2048_a9ff2b,0,[N/A],[N/A],27385,40960,235.42,64
2026-08-26T00:01:53.927857+00:00,20260825T235526Z_heavy_c2048_a9ff2b,1,[N/A],[N/A],213,40960,33.92,27
2026-08-26T00:01:53.927857+00:00,20260825T235526Z_heavy_c2048_a9ff2b,2,[N/A],[N/A],213,40960,34.56,27
2026-08-26T00:01:55.027054+00:00,20260825T235526Z_heavy_c2048_a9ff2b,0,[N/A],[N/A],27391,40960,237.38,65
2026-08-26T00:01:55.027054+00:00,20260825T235526Z_heavy_c2048_a9ff2b,1,[N/A],[N/A],213,40960,33.83,27
2026-08-26T00:01:55.027054+00:00,20260825T235526Z_heavy_c2048_a9ff2b,2,[N/A],[N/A],213,40960,34.56,27
2026-08-26T00:01:56.104522+00:00,20260825T235526Z_heavy_c2048_a9ff2b,0,[N/A],[N/A],27391,40960,182.26,63
2026-08-26T00:01:56.104522+00:00,20260825T235526Z_heavy_c2048_a9ff2b,1,[N/A],[N/A],213,40960,34.03,27
2026-08-26T00:01:56.104522+00:00,20260825T235526Z_heavy_c2048_a9ff2b,2,[N/A],[N/A],213,40960,34.47,27
2026-08-26T00:01:57.184067+00:00,20260825T235526Z_heavy_c2048_a9ff2b,0,[N/A],[N/A],27391,40960,175.62,63
2026-08-26T00:01:57.184067+00:00,20260825T235526Z_heavy_c2048_a9ff2b,1,[N/A],[N/A],213,40960,33.95,27
2026-08-26T00:01:57.184067+00:00,20260825T235526Z_heavy_c2048_a9ff2b,2,[N/A],[N/A],213,40960,34.59,27
2026-08-26T00:01:58.257769+00:00,20260825T235526Z_heavy_c2048_a9ff2b,0,[N/A],[N/A],27391,40960,192.73,64
2026-08-26T00:01:58.257769+00:00,20260825T235526Z_heavy_c2048_a9ff2b,1,[N/A],[N/A],213,40960,34.02,27
2026-08-26T00:01:58.257769+00:00,20260825T235526Z_heavy_c2048_a9ff2b,2,[N/A],[N/A],213,40960,34.56,27
2026-08-26T00:01:59.338968+00:00,20260825T235526Z_heavy_c2048_a9ff2b,0,[N/A],[N/A],27391,40960,196.10,63
2026-08-26T00:01:59.338968+00:00,20260825T235526Z_heavy_c2048_a9ff2b,1,[N/A],[N/A],213,40960,34.04,27
2026-08-26T00:01:59.338968+00:00,20260825T235526Z_heavy_c2048_a9ff2b,2,[N/A],[N/A],213,40960,34.58,27
2026-08-26T00:02:00.419316+00:00,20260825T235526Z_heavy_c2048_a9ff2b,0,[N/A],[N/A],27391,40960,176.34,62
2026-08-26T00:02:00.419316+00:00,20260825T235526Z_heavy_c2048_a9ff2b,1,[N/A],[N/A],213,40960,33.93,27
2026-08-26T00:02:00.419316+00:00,20260825T235526Z_heavy_c2048_a9ff2b,2,[N/A],[N/A],213,40960,34.49,27
2026-08-26T00:02:01.501164+00:00,20260825T235526Z_heavy_c2048_a9ff2b,0,[N/A],[N/A],27391,40960,181.66,62
2026-08-26T00:02:01.501164+00:00,20260825T235526Z_heavy_c2048_a9ff2b,1,[N/A],[N/A],213,40960,33.93,27
2026-08-26T00:02:01.501164+00:00,20260825T235526Z_heavy_c2048_a9ff2b,2,[N/A],[N/A],213,40960,34.47,27
2026-08-26T00:02:02.582052+00:00,20260825T235526Z_heavy_c2048_a9ff2b,0,[N/A],[N/A],27391,40960,144.62,61
2026-08-26T00:02:02.582052+00:00,20260825T235526Z_heavy_c2048_a9ff2b,1,[N/A],[N/A],213,40960,34.05,27
2026-08-26T00:02:02.582052+00:00,20260825T235526Z_heavy_c2048_a9ff2b,2,[N/A],[N/A],213,40960,34.59,27
2026-08-26T00:02:03.659049+00:00,20260825T235526Z_heavy_c2048_a9ff2b,0,[N/A],[N/A],27391,40960,189.19,63
2026-08-26T00:02:03.659049+00:00,20260825T235526Z_heavy_c2048_a9ff2b,1,[N/A],[N/A],213,40960,34.22,27
2026-08-26T00:02:03.659049+00:00,20260825T235526Z_heavy_c2048_a9ff2b,2,[N/A],[N/A],213,40960,34.57,27
2026-08-26T00:02:04.759617+00:00,20260825T235526Z_heavy_c2048_a9ff2b,0,[N/A],[N/A],27391,40960,174.05,61
2026-08-26T00:02:04.759617+00:00,20260825T235526Z_heavy_c2048_a9ff2b,1,[N/A],[N/A],213,40960,34.43,27
2026-08-26T00:02:04.759617+00:00,20260825T235526Z_heavy_c2048_a9ff2b,2,[N/A],[N/A],213,40960,34.56,27
2026-08-26T00:02:05.861578+00:00,20260825T235526Z_heavy_c2048_a9ff2b,0,[N/A],[N/A],27727,40960,239.82,63
2026-08-26T00:02:05.861578+00:00,20260825T235526Z_heavy_c2048_a9ff2b,1,[N/A],[N/A],213,40960,34.30,27
2026-08-26T00:02:05.861578+00:00,20260825T235526Z_heavy_c2048_a9ff2b,2,[N/A],[N/A],213,40960,34.66,27
2026-08-26T00:02:06.961058+00:00,20260825T235526Z_heavy_c2048_a9ff2b,0,[N/A],[N/A],27727,40960,283.08,64
2026-08-26T00:02:06.961058+00:00,20260825T235526Z_heavy_c2048_a9ff2b,1,[N/A],[N/A],213,40960,33.93,27
2026-08-26T00:02:06.961058+00:00,20260825T235526Z_heavy_c2048_a9ff2b,2,[N/A],[N/A],213,40960,34.47,27
2026-08-26T00:02:08.039531+00:00,20260825T235526Z_heavy_c2048_a9ff2b,0,[N/A],[N/A],27727,40960,243.07,64
2026-08-26T00:02:08.039531+00:00,20260825T235526Z_heavy_c2048_a9ff2b,1,[N/A],[N/A],213,40960,33.91,27
2026-08-26T00:02:08.039531+00:00,20260825T235526Z_heavy_c2048_a9ff2b,2,[N/A],[N/A],213,40960,34.56,27
2026-08-26T00:02:09.146842+00:00,20260825T235526Z_heavy_c2048_a9ff2b,0,[N/A],[N/A],27727,40960,268.77,64
2026-08-26T00:02:09.146842+00:00,20260825T235526Z_heavy_c2048_a9ff2b,1,[N/A],[N/A],213,40960,34.01,27
2026-08-26T00:02:09.146842+00:00,20260825T235526Z_heavy_c2048_a9ff2b,2,[N/A],[N/A],213,40960,34.45,27
2026-08-26T00:02:10.235083+00:00,20260825T235526Z_heavy_c2048_a9ff2b,0,[N/A],[N/A],27727,40960,227.30,64
2026-08-26T00:02:10.235083+00:00,20260825T235526Z_heavy_c2048_a9ff2b,1,[N/A],[N/A],213,40960,33.91,27
2026-08-26T00:02:10.235083+00:00,20260825T235526Z_heavy_c2048_a9ff2b,2,[N/A],[N/A],213,40960,34.54,27
2026-08-26T00:02:11.334758+00:00,20260825T235526Z_heavy_c2048_a9ff2b,0,[N/A],[N/A],27727,40960,237.57,65
2026-08-26T00:02:11.334758+00:00,20260825T235526Z_heavy_c2048_a9ff2b,1,[N/A],[N/A],213,40960,34.01,27
2026-08-26T00:02:11.334758+00:00,20260825T235526Z_heavy_c2048_a9ff2b,2,[N/A],[N/A],213,40960,34.45,27
2026-08-26T00:02:12.411758+00:00,20260825T235526Z_heavy_c2048_a9ff2b,0,[N/A],[N/A],27727,40960,229.13,64
2026-08-26T00:02:12.411758+00:00,20260825T235526Z_heavy_c2048_a9ff2b,1,[N/A],[N/A],213,40960,34.20,27
2026-08-26T00:02:12.411758+00:00,20260825T235526Z_heavy_c2048_a9ff2b,2,[N/A],[N/A],213,40960,34.56,27
2026-08-26T00:02:13.488040+00:00,20260825T235526Z_heavy_c2048_a9ff2b,0,[N/A],[N/A],27727,40960,253.48,65
2026-08-26T00:02:13.488040+00:00,20260825T235526Z_heavy_c2048_a9ff2b,1,[N/A],[N/A],213,40960,33.91,27
2026-08-26T00:02:13.488040+00:00,20260825T235526Z_heavy_c2048_a9ff2b,2,[N/A],[N/A],213,40960,34.76,27
2026-08-26T00:02:14.587688+00:00,20260825T235526Z_heavy_c2048_a9ff2b,0,[N/A],[N/A],27727,40960,284.64,64
2026-08-26T00:02:14.587688+00:00,20260825T235526Z_heavy_c2048_a9ff2b,1,[N/A],[N/A],213,40960,34.01,27
2026-08-26T00:02:14.587688+00:00,20260825T235526Z_heavy_c2048_a9ff2b,2,[N/A],[N/A],213,40960,34.56,27
2026-08-26T00:02:15.659603+00:00,20260825T235526Z_heavy_c2048_a9ff2b,0,[N/A],[N/A],27727,40960,180.70,63
2026-08-26T00:02:15.659603+00:00,20260825T235526Z_heavy_c2048_a9ff2b,1,[N/A],[N/A],213,40960,33.94,27
2026-08-26T00:02:15.659603+00:00,20260825T235526Z_heavy_c2048_a9ff2b,2,[N/A],[N/A],213,40960,34.59,27
2026-08-26T00:02:16.731574+00:00,20260825T235526Z_heavy_c2048_a9ff2b,0,[N/A],[N/A],27727,40960,191.61,63
2026-08-26T00:02:16.731574+00:00,20260825T235526Z_heavy_c2048_a9ff2b,1,[N/A],[N/A],213,40960,34.36,27
2026-08-26T00:02:16.731574+00:00,20260825T235526Z_heavy_c2048_a9ff2b,2,[N/A],[N/A],213,40960,34.60,27
2026-08-26T00:02:17.814051+00:00,20260825T235526Z_heavy_c2048_a9ff2b,0,[N/A],[N/A],27727,40960,142.60,62
2026-08-26T00:02:17.814051+00:00,20260825T235526Z_heavy_c2048_a9ff2b,1,[N/A],[N/A],213,40960,33.95,27
2026-08-26T00:02:17.814051+00:00,20260825T235526Z_heavy_c2048_a9ff2b,2,[N/A],[N/A],213,40960,34.50,27
2026-08-26T00:02:18.893939+00:00,20260825T235526Z_heavy_c2048_a9ff2b,0,[N/A],[N/A],28063,40960,278.30,64
2026-08-26T00:02:18.893939+00:00,20260825T235526Z_heavy_c2048_a9ff2b,1,[N/A],[N/A],213,40960,34.02,27
2026-08-26T00:02:18.893939+00:00,20260825T235526Z_heavy_c2048_a9ff2b,2,[N/A],[N/A],213,40960,34.48,27
2026-08-26T00:02:19.983204+00:00,20260825T235526Z_heavy_c2048_a9ff2b,0,[N/A],[N/A],28063,40960,265.20,65
2026-08-26T00:02:19.983204+00:00,20260825T235526Z_heavy_c2048_a9ff2b,1,[N/A],[N/A],213,40960,34.00,27
2026-08-26T00:02:19.983204+00:00,20260825T235526Z_heavy_c2048_a9ff2b,2,[N/A],[N/A],213,40960,34.54,27
2026-08-26T00:02:21.059233+00:00,20260825T235526Z_heavy_c2048_a9ff2b,0,[N/A],[N/A],28063,40960,220.12,65
2026-08-26T00:02:21.059233+00:00,20260825T235526Z_heavy_c2048_a9ff2b,1,[N/A],[N/A],213,40960,33.91,27
2026-08-26T00:02:21.059233+00:00,20260825T235526Z_heavy_c2048_a9ff2b,2,[N/A],[N/A],213,40960,34.64,27
2026-08-26T00:02:22.128740+00:00,20260825T235526Z_heavy_c2048_a9ff2b,0,[N/A],[N/A],28063,40960,267.32,64
2026-08-26T00:02:22.128740+00:00,20260825T235526Z_heavy_c2048_a9ff2b,1,[N/A],[N/A],213,40960,34.01,27
2026-08-26T00:02:22.128740+00:00,20260825T235526Z_heavy_c2048_a9ff2b,2,[N/A],[N/A],213,40960,34.56,27
2026-08-26T00:02:23.224735+00:00,20260825T235526Z_heavy_c2048_a9ff2b,0,[N/A],[N/A],28063,40960,248.51,65
2026-08-26T00:02:23.224735+00:00,20260825T235526Z_heavy_c2048_a9ff2b,1,[N/A],[N/A],213,40960,34.01,27
2026-08-26T00:02:23.224735+00:00,20260825T235526Z_heavy_c2048_a9ff2b,2,[N/A],[N/A],213,40960,34.56,27
2026-08-26T00:02:24.298068+00:00,20260825T235526Z_heavy_c2048_a9ff2b,0,[N/A],[N/A],28063,40960,225.60,65
2026-08-26T00:02:24.298068+00:00,20260825T235526Z_heavy_c2048_a9ff2b,1,[N/A],[N/A],213,40960,34.01,27
2026-08-26T00:02:24.298068+00:00,20260825T235526Z_heavy_c2048_a9ff2b,2,[N/A],[N/A],213,40960,34.65,27
2026-08-26T00:02:25.392196+00:00,20260825T235526Z_heavy_c2048_a9ff2b,0,[N/A],[N/A],28063,40960,249.59,65
2026-08-26T00:02:25.392196+00:00,20260825T235526Z_heavy_c2048_a9ff2b,1,[N/A],[N/A],213,40960,34.01,27
2026-08-26T00:02:25.392196+00:00,20260825T235526Z_heavy_c2048_a9ff2b,2,[N/A],[N/A],213,40960,34.55,27
2026-08-26T00:02:26.464710+00:00,20260825T235526Z_heavy_c2048_a9ff2b,0,[N/A],[N/A],28063,40960,223.02,65
2026-08-26T00:02:26.464710+00:00,20260825T235526Z_heavy_c2048_a9ff2b,1,[N/A],[N/A],213,40960,33.91,27
2026-08-26T00:02:26.464710+00:00,20260825T235526Z_heavy_c2048_a9ff2b,2,[N/A],[N/A],213,40960,34.88,27
2026-08-26T00:02:27.537685+00:00,20260825T235526Z_heavy_c2048_a9ff2b,0,[N/A],[N/A],28063,40960,212.65,63
2026-08-26T00:02:27.537685+00:00,20260825T235526Z_heavy_c2048_a9ff2b,1,[N/A],[N/A],213,40960,34.03,27
2026-08-26T00:02:27.537685+00:00,20260825T235526Z_heavy_c2048_a9ff2b,2,[N/A],[N/A],213,40960,34.59,27
2026-08-26T00:02:28.605558+00:00,20260825T235526Z_heavy_c2048_a9ff2b,0,[N/A],[N/A],28063,40960,163.76,62
2026-08-26T00:02:28.605558+00:00,20260825T235526Z_heavy_c2048_a9ff2b,1,[N/A],[N/A],213,40960,34.05,27
2026-08-26T00:02:28.605558+00:00,20260825T235526Z_heavy_c2048_a9ff2b,2,[N/A],[N/A],213,40960,34.60,27
2026-08-26T00:02:29.692044+00:00,20260825T235526Z_heavy_c2048_a9ff2b,0,[N/A],[N/A],28063,40960,190.40,63
2026-08-26T00:02:29.692044+00:00,20260825T235526Z_heavy_c2048_a9ff2b,1,[N/A],[N/A],213,40960,34.12,27
2026-08-26T00:02:29.692044+00:00,20260825T235526Z_heavy_c2048_a9ff2b,2,[N/A],[N/A],213,40960,34.67,27
2026-08-26T00:02:30.771040+00:00,20260825T235526Z_heavy_c2048_a9ff2b,0,[N/A],[N/A],28063,40960,177.90,63
2026-08-26T00:02:30.771040+00:00,20260825T235526Z_heavy_c2048_a9ff2b,1,[N/A],[N/A],213,40960,34.04,27
2026-08-26T00:02:30.771040+00:00,20260825T235526Z_heavy_c2048_a9ff2b,2,[N/A],[N/A],213,40960,34.78,27
2026-08-26T00:02:31.842201+00:00,20260825T235526Z_heavy_c2048_a9ff2b,0,[N/A],[N/A],28063,40960,156.34,62
2026-08-26T00:02:31.842201+00:00,20260825T235526Z_heavy_c2048_a9ff2b,1,[N/A],[N/A],213,40960,33.95,27
2026-08-26T00:02:31.842201+00:00,20260825T235526Z_heavy_c2048_a9ff2b,2,[N/A],[N/A],213,40960,34.59,27
2026-08-26T00:02:32.928926+00:00,20260825T235526Z_heavy_c2048_a9ff2b,0,[N/A],[N/A],28063,40960,209.71,63
2026-08-26T00:02:32.928926+00:00,20260825T235526Z_heavy_c2048_a9ff2b,1,[N/A],[N/A],213,40960,34.12,27
2026-08-26T00:02:32.928926+00:00,20260825T235526Z_heavy_c2048_a9ff2b,2,[N/A],[N/A],213,40960,34.70,27
2026-08-26T00:02:34.002062+00:00,20260825T235526Z_heavy_c2048_a9ff2b,0,[N/A],[N/A],28399,40960,295.10,64
2026-08-26T00:02:34.002062+00:00,20260825T235526Z_heavy_c2048_a9ff2b,1,[N/A],[N/A],213,40960,34.21,27
2026-08-26T00:02:34.002062+00:00,20260825T235526Z_heavy_c2048_a9ff2b,2,[N/A],[N/A],213,40960,34.77,27
2026-08-26T00:02:35.087047+00:00,20260825T235526Z_heavy_c2048_a9ff2b,0,[N/A],[N/A],28399,40960,196.06,64
2026-08-26T00:02:35.087047+00:00,20260825T235526Z_heavy_c2048_a9ff2b,1,[N/A],[N/A],213,40960,34.12,27
2026-08-26T00:02:35.087047+00:00,20260825T235526Z_heavy_c2048_a9ff2b,2,[N/A],[N/A],213,40960,34.56,27
2026-08-26T00:02:36.174064+00:00,20260825T235526Z_heavy_c2048_a9ff2b,0,[N/A],[N/A],28399,40960,235.80,65
2026-08-26T00:02:36.174064+00:00,20260825T235526Z_heavy_c2048_a9ff2b,1,[N/A],[N/A],213,40960,34.00,27
2026-08-26T00:02:36.174064+00:00,20260825T235526Z_heavy_c2048_a9ff2b,2,[N/A],[N/A],213,40960,34.75,28
2026-08-26T00:02:37.283046+00:00,20260825T235526Z_heavy_c2048_a9ff2b,0,[N/A],[N/A],28399,40960,229.72,64
2026-08-26T00:02:37.283046+00:00,20260825T235526Z_heavy_c2048_a9ff2b,1,[N/A],[N/A],213,40960,34.01,27
2026-08-26T00:02:37.283046+00:00,20260825T235526Z_heavy_c2048_a9ff2b,2,[N/A],[N/A],213,40960,34.96,28
2026-08-26T00:02:38.381839+00:00,20260825T235526Z_heavy_c2048_a9ff2b,0,[N/A],[N/A],28399,40960,227.66,65
2026-08-26T00:02:38.381839+00:00,20260825T235526Z_heavy_c2048_a9ff2b,1,[N/A],[N/A],213,40960,34.02,27
2026-08-26T00:02:38.381839+00:00,20260825T235526Z_heavy_c2048_a9ff2b,2,[N/A],[N/A],213,40960,34.66,28
2026-08-26T00:02:39.487308+00:00,20260825T235526Z_heavy_c2048_a9ff2b,0,[N/A],[N/A],28399,40960,277.78,65
2026-08-26T00:02:39.487308+00:00,20260825T235526Z_heavy_c2048_a9ff2b,1,[N/A],[N/A],213,40960,34.00,27
2026-08-26T00:02:39.487308+00:00,20260825T235526Z_heavy_c2048_a9ff2b,2,[N/A],[N/A],213,40960,34.75,28
2026-08-26T00:02:40.568357+00:00,20260825T235526Z_heavy_c2048_a9ff2b,0,[N/A],[N/A],28399,40960,229.98,65
2026-08-26T00:02:40.568357+00:00,20260825T235526Z_heavy_c2048_a9ff2b,1,[N/A],[N/A],213,40960,34.12,27
2026-08-26T00:02:40.568357+00:00,20260825T235526Z_heavy_c2048_a9ff2b,2,[N/A],[N/A],213,40960,34.66,28
2026-08-26T00:02:41.669099+00:00,20260825T235526Z_heavy_c2048_a9ff2b,0,[N/A],[N/A],28399,40960,255.35,65
2026-08-26T00:02:41.669099+00:00,20260825T235526Z_heavy_c2048_a9ff2b,1,[N/A],[N/A],213,40960,34.02,27
2026-08-26T00:02:41.669099+00:00,20260825T235526Z_heavy_c2048_a9ff2b,2,[N/A],[N/A],213,40960,34.77,28
2026-08-26T00:02:42.755245+00:00,20260825T235526Z_heavy_c2048_a9ff2b,0,[N/A],[N/A],28399,40960,231.67,65
2026-08-26T00:02:42.755245+00:00,20260825T235526Z_heavy_c2048_a9ff2b,1,[N/A],[N/A],213,40960,34.12,27
2026-08-26T00:02:42.755245+00:00,20260825T235526Z_heavy_c2048_a9ff2b,2,[N/A],[N/A],213,40960,34.66,28
2026-08-26T00:02:43.856921+00:00,20260825T235526Z_heavy_c2048_a9ff2b,0,[N/A],[N/A],28399,40960,179.98,63
2026-08-26T00:02:43.856921+00:00,20260825T235526Z_heavy_c2048_a9ff2b,1,[N/A],[N/A],213,40960,34.02,27
2026-08-26T00:02:43.856921+00:00,20260825T235526Z_heavy_c2048_a9ff2b,2,[N/A],[N/A],213,40960,34.77,28
2026-08-26T00:02:44.962041+00:00,20260825T235526Z_heavy_c2048_a9ff2b,0,[N/A],[N/A],28399,40960,152.37,62
2026-08-26T00:02:44.962041+00:00,20260825T235526Z_heavy_c2048_a9ff2b,1,[N/A],[N/A],213,40960,34.22,27
2026-08-26T00:02:44.962041+00:00,20260825T235526Z_heavy_c2048_a9ff2b,2,[N/A],[N/A],213,40960,34.87,28
2026-08-26T00:02:46.034354+00:00,20260825T235526Z_heavy_c2048_a9ff2b,0,[N/A],[N/A],28399,40960,152.96,63
2026-08-26T00:02:46.034354+00:00,20260825T235526Z_heavy_c2048_a9ff2b,1,[N/A],[N/A],213,40960,34.03,27
2026-08-26T00:02:46.034354+00:00,20260825T235526Z_heavy_c2048_a9ff2b,2,[N/A],[N/A],213,40960,34.77,28
2026-08-26T00:02:47.131782+00:00,20260825T235526Z_heavy_c2048_a9ff2b,0,[N/A],[N/A],28399,40960,183.60,63
2026-08-26T00:02:47.131782+00:00,20260825T235526Z_heavy_c2048_a9ff2b,1,[N/A],[N/A],213,40960,34.03,27
2026-08-26T00:02:47.131782+00:00,20260825T235526Z_heavy_c2048_a9ff2b,2,[N/A],[N/A],213,40960,34.69,28
2026-08-26T00:02:48.219142+00:00,20260825T235526Z_heavy_c2048_a9ff2b,0,[N/A],[N/A],28399,40960,221.13,63
2026-08-26T00:02:48.219142+00:00,20260825T235526Z_heavy_c2048_a9ff2b,1,[N/A],[N/A],213,40960,34.05,27
2026-08-26T00:02:48.219142+00:00,20260825T235526Z_heavy_c2048_a9ff2b,2,[N/A],[N/A],213,40960,34.68,28
2026-08-26T00:02:49.312099+00:00,20260825T235526Z_heavy_c2048_a9ff2b,0,[N/A],[N/A],28735,40960,231.61,63
2026-08-26T00:02:49.312099+00:00,20260825T235526Z_heavy_c2048_a9ff2b,1,[N/A],[N/A],213,40960,34.10,27
2026-08-26T00:02:49.312099+00:00,20260825T235526Z_heavy_c2048_a9ff2b,2,[N/A],[N/A],213,40960,34.76,28
2026-08-26T00:02:50.407059+00:00,20260825T235526Z_heavy_c2048_a9ff2b,0,[N/A],[N/A],28735,40960,231.91,64
2026-08-26T00:02:50.407059+00:00,20260825T235526Z_heavy_c2048_a9ff2b,1,[N/A],[N/A],213,40960,34.01,27
2026-08-26T00:02:50.407059+00:00,20260825T235526Z_heavy_c2048_a9ff2b,2,[N/A],[N/A],213,40960,34.54,28
2026-08-26T00:02:51.521044+00:00,20260825T235526Z_heavy_c2048_a9ff2b,0,[N/A],[N/A],28735,40960,246.65,65
2026-08-26T00:02:51.521044+00:00,20260825T235526Z_heavy_c2048_a9ff2b,1,[N/A],[N/A],213,40960,34.01,27
2026-08-26T00:02:51.521044+00:00,20260825T235526Z_heavy_c2048_a9ff2b,2,[N/A],[N/A],213,40960,34.64,28
2026-08-26T00:02:52.611492+00:00,20260825T235526Z_heavy_c2048_a9ff2b,0,[N/A],[N/A],28735,40960,288.40,65
2026-08-26T00:02:52.611492+00:00,20260825T235526Z_heavy_c2048_a9ff2b,1,[N/A],[N/A],213,40960,34.20,27
2026-08-26T00:02:52.611492+00:00,20260825T235526Z_heavy_c2048_a9ff2b,2,[N/A],[N/A],213,40960,34.64,28
2026-08-26T00:02:53.702696+00:00,20260825T235526Z_heavy_c2048_a9ff2b,0,[N/A],[N/A],28735,40960,215.08,65
2026-08-26T00:02:53.702696+00:00,20260825T235526Z_heavy_c2048_a9ff2b,1,[N/A],[N/A],213,40960,34.01,27
2026-08-26T00:02:53.702696+00:00,20260825T235526Z_heavy_c2048_a9ff2b,2,[N/A],[N/A],213,40960,34.66,28
2026-08-26T00:02:54.799092+00:00,20260825T235526Z_heavy_c2048_a9ff2b,0,[N/A],[N/A],28735,40960,221.95,64
2026-08-26T00:02:54.799092+00:00,20260825T235526Z_heavy_c2048_a9ff2b,1,[N/A],[N/A],213,40960,34.49,27
2026-08-26T00:02:54.799092+00:00,20260825T235526Z_heavy_c2048_a9ff2b,2,[N/A],[N/A],213,40960,34.66,28
2026-08-26T00:02:55.874732+00:00,20260825T235526Z_heavy_c2048_a9ff2b,0,[N/A],[N/A],28735,40960,228.53,65
2026-08-26T00:02:55.874732+00:00,20260825T235526Z_heavy_c2048_a9ff2b,1,[N/A],[N/A],213,40960,34.10,27
2026-08-26T00:02:55.874732+00:00,20260825T235526Z_heavy_c2048_a9ff2b,2,[N/A],[N/A],213,40960,34.67,28
2026-08-26T00:02:56.950516+00:00,20260825T235526Z_heavy_c2048_a9ff2b,0,[N/A],[N/A],28735,40960,242.26,64
2026-08-26T00:02:56.950516+00:00,20260825T235526Z_heavy_c2048_a9ff2b,1,[N/A],[N/A],213,40960,34.10,27
2026-08-26T00:02:56.950516+00:00,20260825T235526Z_heavy_c2048_a9ff2b,2,[N/A],[N/A],213,40960,34.67,28
2026-08-26T00:02:58.041041+00:00,20260825T235526Z_heavy_c2048_a9ff2b,0,[N/A],[N/A],28735,40960,254.95,64
2026-08-26T00:02:58.041041+00:00,20260825T235526Z_heavy_c2048_a9ff2b,1,[N/A],[N/A],213,40960,34.10,27
2026-08-26T00:02:58.041041+00:00,20260825T235526Z_heavy_c2048_a9ff2b,2,[N/A],[N/A],213,40960,34.56,28
2026-08-26T00:02:59.126509+00:00,20260825T235526Z_heavy_c2048_a9ff2b,0,[N/A],[N/A],28735,40960,177.47,64
2026-08-26T00:02:59.126509+00:00,20260825T235526Z_heavy_c2048_a9ff2b,1,[N/A],[N/A],213,40960,34.34,27
2026-08-26T00:02:59.126509+00:00,20260825T235526Z_heavy_c2048_a9ff2b,2,[N/A],[N/A],213,40960,34.87,28
2026-08-26T00:03:00.204055+00:00,20260825T235526Z_heavy_c2048_a9ff2b,0,[N/A],[N/A],28735,40960,158.38,62
2026-08-26T00:03:00.204055+00:00,20260825T235526Z_heavy_c2048_a9ff2b,1,[N/A],[N/A],213,40960,34.15,27
2026-08-26T00:03:00.204055+00:00,20260825T235526Z_heavy_c2048_a9ff2b,2,[N/A],[N/A],213,40960,34.59,28
2026-08-26T00:03:01.260670+00:00,20260825T235526Z_heavy_c2048_a9ff2b,0,[N/A],[N/A],28735,40960,173.62,62
2026-08-26T00:03:01.260670+00:00,20260825T235526Z_heavy_c2048_a9ff2b,1,[N/A],[N/A],213,40960,34.05,27
2026-08-26T00:03:01.260670+00:00,20260825T235526Z_heavy_c2048_a9ff2b,2,[N/A],[N/A],213,40960,34.70,28
2026-08-26T00:03:02.344487+00:00,20260825T235526Z_heavy_c2048_a9ff2b,0,[N/A],[N/A],28735,40960,197.90,62
2026-08-26T00:03:02.344487+00:00,20260825T235526Z_heavy_c2048_a9ff2b,1,[N/A],[N/A],213,40960,34.13,27
2026-08-26T00:03:02.344487+00:00,20260825T235526Z_heavy_c2048_a9ff2b,2,[N/A],[N/A],213,40960,34.59,28
2026-08-26T00:03:03.440172+00:00,20260825T235526Z_heavy_c2048_a9ff2b,0,[N/A],[N/A],29071,40960,227.34,63
2026-08-26T00:03:03.440172+00:00,20260825T235526Z_heavy_c2048_a9ff2b,1,[N/A],[N/A],213,40960,34.20,27
2026-08-26T00:03:03.440172+00:00,20260825T235526Z_heavy_c2048_a9ff2b,2,[N/A],[N/A],213,40960,34.75,28
2026-08-26T00:03:04.514479+00:00,20260825T235526Z_heavy_c2048_a9ff2b,0,[N/A],[N/A],29071,40960,211.67,64
2026-08-26T00:03:04.514479+00:00,20260825T235526Z_heavy_c2048_a9ff2b,1,[N/A],[N/A],213,40960,34.39,27
2026-08-26T00:03:04.514479+00:00,20260825T235526Z_heavy_c2048_a9ff2b,2,[N/A],[N/A],213,40960,34.77,28
2026-08-26T00:03:05.624501+00:00,20260825T235526Z_heavy_c2048_a9ff2b,0,[N/A],[N/A],29071,40960,293.46,65
2026-08-26T00:03:05.624501+00:00,20260825T235526Z_heavy_c2048_a9ff2b,1,[N/A],[N/A],213,40960,34.12,27
2026-08-26T00:03:05.624501+00:00,20260825T235526Z_heavy_c2048_a9ff2b,2,[N/A],[N/A],213,40960,34.66,28
2026-08-26T00:03:06.699061+00:00,20260825T235526Z_heavy_c2048_a9ff2b,0,[N/A],[N/A],29071,40960,284.38,65
2026-08-26T00:03:06.699061+00:00,20260825T235526Z_heavy_c2048_a9ff2b,1,[N/A],[N/A],213,40960,34.22,27
2026-08-26T00:03:06.699061+00:00,20260825T235526Z_heavy_c2048_a9ff2b,2,[N/A],[N/A],213,40960,34.86,28
2026-08-26T00:03:07.785050+00:00,20260825T235526Z_heavy_c2048_a9ff2b,0,[N/A],[N/A],29071,40960,223.96,65
2026-08-26T00:03:07.785050+00:00,20260825T235526Z_heavy_c2048_a9ff2b,1,[N/A],[N/A],213,40960,34.10,27
2026-08-26T00:03:07.785050+00:00,20260825T235526Z_heavy_c2048_a9ff2b,2,[N/A],[N/A],213,40960,34.67,28
2026-08-26T00:03:08.901038+00:00,20260825T235526Z_heavy_c2048_a9ff2b,0,[N/A],[N/A],29071,40960,271.02,65
2026-08-26T00:03:08.901038+00:00,20260825T235526Z_heavy_c2048_a9ff2b,1,[N/A],[N/A],213,40960,34.22,27
2026-08-26T00:03:08.901038+00:00,20260825T235526Z_heavy_c2048_a9ff2b,2,[N/A],[N/A],213,40960,34.75,28
2026-08-26T00:03:09.970172+00:00,20260825T235526Z_heavy_c2048_a9ff2b,0,[N/A],[N/A],29071,40960,201.24,65
2026-08-26T00:03:09.970172+00:00,20260825T235526Z_heavy_c2048_a9ff2b,1,[N/A],[N/A],213,40960,34.32,27
2026-08-26T00:03:09.970172+00:00,20260825T235526Z_heavy_c2048_a9ff2b,2,[N/A],[N/A],213,40960,34.70,28
2026-08-26T00:03:11.067064+00:00,20260825T235526Z_heavy_c2048_a9ff2b,0,[N/A],[N/A],29071,40960,243.24,65
2026-08-26T00:03:11.067064+00:00,20260825T235526Z_heavy_c2048_a9ff2b,1,[N/A],[N/A],213,40960,34.10,27
2026-08-26T00:03:11.067064+00:00,20260825T235526Z_heavy_c2048_a9ff2b,2,[N/A],[N/A],213,40960,34.76,28
2026-08-26T00:03:12.139478+00:00,20260825T235526Z_heavy_c2048_a9ff2b,0,[N/A],[N/A],29071,40960,180.74,63
2026-08-26T00:03:12.139478+00:00,20260825T235526Z_heavy_c2048_a9ff2b,1,[N/A],[N/A],213,40960,34.14,27
2026-08-26T00:03:12.139478+00:00,20260825T235526Z_heavy_c2048_a9ff2b,2,[N/A],[N/A],213,40960,34.87,28
2026-08-26T00:03:13.235890+00:00,20260825T235526Z_heavy_c2048_a9ff2b,0,[N/A],[N/A],29071,40960,147.99,63
2026-08-26T00:03:13.235890+00:00,20260825T235526Z_heavy_c2048_a9ff2b,1,[N/A],[N/A],213,40960,34.03,27
2026-08-26T00:03:13.235890+00:00,20260825T235526Z_heavy_c2048_a9ff2b,2,[N/A],[N/A],213,40960,34.67,28
2026-08-26T00:03:14.334051+00:00,20260825T235526Z_heavy_c2048_a9ff2b,0,[N/A],[N/A],29071,40960,155.36,63
2026-08-26T00:03:14.334051+00:00,20260825T235526Z_heavy_c2048_a9ff2b,1,[N/A],[N/A],213,40960,34.03,27
2026-08-26T00:03:14.334051+00:00,20260825T235526Z_heavy_c2048_a9ff2b,2,[N/A],[N/A],213,40960,34.67,28
2026-08-26T00:03:15.442315+00:00,20260825T235526Z_heavy_c2048_a9ff2b,0,[N/A],[N/A],29071,40960,159.38,62
2026-08-26T00:03:15.442315+00:00,20260825T235526Z_heavy_c2048_a9ff2b,1,[N/A],[N/A],213,40960,34.04,28
2026-08-26T00:03:15.442315+00:00,20260825T235526Z_heavy_c2048_a9ff2b,2,[N/A],[N/A],213,40960,34.68,28
2026-08-26T00:03:16.543791+00:00,20260825T235526Z_heavy_c2048_a9ff2b,0,[N/A],[N/A],29071,40960,174.70,62
2026-08-26T00:03:16.543791+00:00,20260825T235526Z_heavy_c2048_a9ff2b,1,[N/A],[N/A],213,40960,34.04,27
2026-08-26T00:03:16.543791+00:00,20260825T235526Z_heavy_c2048_a9ff2b,2,[N/A],[N/A],213,40960,34.68,28
2026-08-26T00:03:17.647058+00:00,20260825T235526Z_heavy_c2048_a9ff2b,0,[N/A],[N/A],29407,40960,257.58,64
2026-08-26T00:03:17.647058+00:00,20260825T235526Z_heavy_c2048_a9ff2b,1,[N/A],[N/A],213,40960,34.10,28
2026-08-26T00:03:17.647058+00:00,20260825T235526Z_heavy_c2048_a9ff2b,2,[N/A],[N/A],213,40960,34.77,28
2026-08-26T00:03:18.734073+00:00,20260825T235526Z_heavy_c2048_a9ff2b,0,[N/A],[N/A],29407,40960,226.80,65
2026-08-26T00:03:18.734073+00:00,20260825T235526Z_heavy_c2048_a9ff2b,1,[N/A],[N/A],213,40960,34.12,28
2026-08-26T00:03:18.734073+00:00,20260825T235526Z_heavy_c2048_a9ff2b,2,[N/A],[N/A],213,40960,34.77,28
2026-08-26T00:03:19.813601+00:00,20260825T235526Z_heavy_c2048_a9ff2b,0,[N/A],[N/A],29407,40960,214.20,65
2026-08-26T00:03:19.813601+00:00,20260825T235526Z_heavy_c2048_a9ff2b,1,[N/A],[N/A],213,40960,34.12,28
2026-08-26T00:03:19.813601+00:00,20260825T235526Z_heavy_c2048_a9ff2b,2,[N/A],[N/A],213,40960,34.77,28
2026-08-26T00:03:20.889988+00:00,20260825T235526Z_heavy_c2048_a9ff2b,0,[N/A],[N/A],29407,40960,235.82,65
2026-08-26T00:03:20.889988+00:00,20260825T235526Z_heavy_c2048_a9ff2b,1,[N/A],[N/A],213,40960,34.01,28
2026-08-26T00:03:20.889988+00:00,20260825T235526Z_heavy_c2048_a9ff2b,2,[N/A],[N/A],213,40960,34.77,28
2026-08-26T00:03:21.980688+00:00,20260825T235526Z_heavy_c2048_a9ff2b,0,[N/A],[N/A],29407,40960,216.21,64
2026-08-26T00:03:21.980688+00:00,20260825T235526Z_heavy_c2048_a9ff2b,1,[N/A],[N/A],213,40960,34.03,28
2026-08-26T00:03:21.980688+00:00,20260825T235526Z_heavy_c2048_a9ff2b,2,[N/A],[N/A],213,40960,34.77,28
2026-08-26T00:03:23.069288+00:00,20260825T235526Z_heavy_c2048_a9ff2b,0,[N/A],[N/A],29407,40960,229.24,65
2026-08-26T00:03:23.069288+00:00,20260825T235526Z_heavy_c2048_a9ff2b,1,[N/A],[N/A],213,40960,34.12,28
2026-08-26T00:03:23.069288+00:00,20260825T235526Z_heavy_c2048_a9ff2b,2,[N/A],[N/A],213,40960,34.77,28
2026-08-26T00:03:24.145062+00:00,20260825T235526Z_heavy_c2048_a9ff2b,0,[N/A],[N/A],29407,40960,239.12,64
2026-08-26T00:03:24.145062+00:00,20260825T235526Z_heavy_c2048_a9ff2b,1,[N/A],[N/A],213,40960,34.21,28
2026-08-26T00:03:24.145062+00:00,20260825T235526Z_heavy_c2048_a9ff2b,2,[N/A],[N/A],213,40960,34.77,28
2026-08-26T00:03:25.246075+00:00,20260825T235526Z_heavy_c2048_a9ff2b,0,[N/A],[N/A],29407,40960,220.99,63
2026-08-26T00:03:25.246075+00:00,20260825T235526Z_heavy_c2048_a9ff2b,1,[N/A],[N/A],213,40960,34.12,28
2026-08-26T00:03:25.246075+00:00,20260825T235526Z_heavy_c2048_a9ff2b,2,[N/A],[N/A],213,40960,34.66,28
2026-08-26T00:03:26.327053+00:00,20260825T235526Z_heavy_c2048_a9ff2b,0,[N/A],[N/A],29407,40960,186.04,63
2026-08-26T00:03:26.327053+00:00,20260825T235526Z_heavy_c2048_a9ff2b,1,[N/A],[N/A],213,40960,34.32,28
2026-08-26T00:03:26.327053+00:00,20260825T235526Z_heavy_c2048_a9ff2b,2,[N/A],[N/A],213,40960,34.87,28
2026-08-26T00:03:27.413366+00:00,20260825T235526Z_heavy_c2048_a9ff2b,0,[N/A],[N/A],29407,40960,166.04,63
2026-08-26T00:03:27.413366+00:00,20260825T235526Z_heavy_c2048_a9ff2b,1,[N/A],[N/A],213,40960,34.12,28
2026-08-26T00:03:27.413366+00:00,20260825T235526Z_heavy_c2048_a9ff2b,2,[N/A],[N/A],213,40960,34.78,28
2026-08-26T00:03:28.493082+00:00,20260825T235526Z_heavy_c2048_a9ff2b,0,[N/A],[N/A],29407,40960,198.40,62
2026-08-26T00:03:28.493082+00:00,20260825T235526Z_heavy_c2048_a9ff2b,1,[N/A],[N/A],213,40960,34.04,28
2026-08-26T00:03:28.493082+00:00,20260825T235526Z_heavy_c2048_a9ff2b,2,[N/A],[N/A],213,40960,35.18,28
2026-08-26T00:03:29.606066+00:00,20260825T235526Z_heavy_c2048_a9ff2b,0,[N/A],[N/A],29407,40960,225.56,63
2026-08-26T00:03:29.606066+00:00,20260825T235526Z_heavy_c2048_a9ff2b,1,[N/A],[N/A],213,40960,34.32,28
2026-08-26T00:03:29.606066+00:00,20260825T235526Z_heavy_c2048_a9ff2b,2,[N/A],[N/A],213,40960,34.78,28
2026-08-26T00:03:30.689061+00:00,20260825T235526Z_heavy_c2048_a9ff2b,0,[N/A],[N/A],29407,40960,194.79,62
2026-08-26T00:03:30.689061+00:00,20260825T235526Z_heavy_c2048_a9ff2b,1,[N/A],[N/A],213,40960,34.13,28
2026-08-26T00:03:30.689061+00:00,20260825T235526Z_heavy_c2048_a9ff2b,2,[N/A],[N/A],213,40960,34.78,28
2026-08-26T00:03:31.766554+00:00,20260825T235526Z_heavy_c2048_a9ff2b,0,[N/A],[N/A],29407,40960,213.34,62
2026-08-26T00:03:31.766554+00:00,20260825T235526Z_heavy_c2048_a9ff2b,1,[N/A],[N/A],213,40960,34.12,28
2026-08-26T00:03:31.766554+00:00,20260825T235526Z_heavy_c2048_a9ff2b,2,[N/A],[N/A],213,40960,34.77,28
2026-08-26T00:03:32.846140+00:00,20260825T235526Z_heavy_c2048_a9ff2b,0,[N/A],[N/A],29407,40960,184.95,62
2026-08-26T00:03:32.846140+00:00,20260825T235526Z_heavy_c2048_a9ff2b,1,[N/A],[N/A],213,40960,34.14,28
2026-08-26T00:03:32.846140+00:00,20260825T235526Z_heavy_c2048_a9ff2b,2,[N/A],[N/A],213,40960,35.09,28
2026-08-26T00:03:33.928839+00:00,20260825T235526Z_heavy_c2048_a9ff2b,0,[N/A],[N/A],29407,40960,168.62,61
2026-08-26T00:03:33.928839+00:00,20260825T235526Z_heavy_c2048_a9ff2b,1,[N/A],[N/A],213,40960,34.24,28
2026-08-26T00:03:33.928839+00:00,20260825T235526Z_heavy_c2048_a9ff2b,2,[N/A],[N/A],213,40960,34.68,28
2026-08-26T00:03:35.009490+00:00,20260825T235526Z_heavy_c2048_a9ff2b,0,[N/A],[N/A],29743,40960,271.99,63
2026-08-26T00:03:35.009490+00:00,20260825T235526Z_heavy_c2048_a9ff2b,1,[N/A],[N/A],213,40960,34.21,28
2026-08-26T00:03:35.009490+00:00,20260825T235526Z_heavy_c2048_a9ff2b,2,[N/A],[N/A],213,40960,34.77,28
2026-08-26T00:03:36.104693+00:00,20260825T235526Z_heavy_c2048_a9ff2b,0,[N/A],[N/A],29743,40960,231.30,63
2026-08-26T00:03:36.104693+00:00,20260825T235526Z_heavy_c2048_a9ff2b,1,[N/A],[N/A],213,40960,34.11,28
2026-08-26T00:03:36.104693+00:00,20260825T235526Z_heavy_c2048_a9ff2b,2,[N/A],[N/A],213,40960,34.87,28
2026-08-26T00:03:37.203536+00:00,20260825T235526Z_heavy_c2048_a9ff2b,0,[N/A],[N/A],29743,40960,244.87,64
2026-08-26T00:03:37.203536+00:00,20260825T235526Z_heavy_c2048_a9ff2b,1,[N/A],[N/A],213,40960,34.22,28
2026-08-26T00:03:37.203536+00:00,20260825T235526Z_heavy_c2048_a9ff2b,2,[N/A],[N/A],213,40960,34.77,28
2026-08-26T00:03:38.309044+00:00,20260825T235526Z_heavy_c2048_a9ff2b,0,[N/A],[N/A],29743,40960,221.07,64
2026-08-26T00:03:38.309044+00:00,20260825T235526Z_heavy_c2048_a9ff2b,1,[N/A],[N/A],213,40960,34.20,28
2026-08-26T00:03:38.309044+00:00,20260825T235526Z_heavy_c2048_a9ff2b,2,[N/A],[N/A],213,40960,34.77,28
2026-08-26T00:03:39.395248+00:00,20260825T235526Z_heavy_c2048_a9ff2b,0,[N/A],[N/A],29743,40960,238.63,64
2026-08-26T00:03:39.395248+00:00,20260825T235526Z_heavy_c2048_a9ff2b,1,[N/A],[N/A],213,40960,34.11,28
2026-08-26T00:03:39.395248+00:00,20260825T235526Z_heavy_c2048_a9ff2b,2,[N/A],[N/A],213,40960,34.77,28
2026-08-26T00:03:40.478621+00:00,20260825T235526Z_heavy_c2048_a9ff2b,0,[N/A],[N/A],29743,40960,277.96,64
2026-08-26T00:03:40.478621+00:00,20260825T235526Z_heavy_c2048_a9ff2b,1,[N/A],[N/A],213,40960,34.31,28
2026-08-26T00:03:40.478621+00:00,20260825T235526Z_heavy_c2048_a9ff2b,2,[N/A],[N/A],213,40960,34.87,28
2026-08-26T00:03:41.579515+00:00,20260825T235526Z_heavy_c2048_a9ff2b,0,[N/A],[N/A],29743,40960,278.43,65
2026-08-26T00:03:41.579515+00:00,20260825T235526Z_heavy_c2048_a9ff2b,1,[N/A],[N/A],213,40960,34.20,28
2026-08-26T00:03:41.579515+00:00,20260825T235526Z_heavy_c2048_a9ff2b,2,[N/A],[N/A],213,40960,34.86,28
2026-08-26T00:03:42.677070+00:00,20260825T235526Z_heavy_c2048_a9ff2b,0,[N/A],[N/A],29743,40960,263.81,65
2026-08-26T00:03:42.677070+00:00,20260825T235526Z_heavy_c2048_a9ff2b,1,[N/A],[N/A],213,40960,34.20,28
2026-08-26T00:03:42.677070+00:00,20260825T235526Z_heavy_c2048_a9ff2b,2,[N/A],[N/A],213,40960,34.85,28
2026-08-26T00:03:43.784066+00:00,20260825T235526Z_heavy_c2048_a9ff2b,0,[N/A],[N/A],29743,40960,243.18,64
2026-08-26T00:03:43.784066+00:00,20260825T235526Z_heavy_c2048_a9ff2b,1,[N/A],[N/A],213,40960,34.21,28
2026-08-26T00:03:43.784066+00:00,20260825T235526Z_heavy_c2048_a9ff2b,2,[N/A],[N/A],213,40960,34.77,28
2026-08-26T00:03:44.887465+00:00,20260825T235526Z_heavy_c2048_a9ff2b,0,[N/A],[N/A],29743,40960,253.19,65
2026-08-26T00:03:44.887465+00:00,20260825T235526Z_heavy_c2048_a9ff2b,1,[N/A],[N/A],213,40960,34.30,28
2026-08-26T00:03:44.887465+00:00,20260825T235526Z_heavy_c2048_a9ff2b,2,[N/A],[N/A],213,40960,35.14,28
2026-08-26T00:03:45.974988+00:00,20260825T235526Z_heavy_c2048_a9ff2b,0,[N/A],[N/A],29743,40960,174.59,63
2026-08-26T00:03:45.974988+00:00,20260825T235526Z_heavy_c2048_a9ff2b,1,[N/A],[N/A],213,40960,34.24,28
2026-08-26T00:03:45.974988+00:00,20260825T235526Z_heavy_c2048_a9ff2b,2,[N/A],[N/A],213,40960,34.89,28
2026-08-26T00:03:47.056349+00:00,20260825T235526Z_heavy_c2048_a9ff2b,0,[N/A],[N/A],29743,40960,184.27,62
2026-08-26T00:03:47.056349+00:00,20260825T235526Z_heavy_c2048_a9ff2b,1,[N/A],[N/A],213,40960,34.04,28
2026-08-26T00:03:47.056349+00:00,20260825T235526Z_heavy_c2048_a9ff2b,2,[N/A],[N/A],213,40960,34.78,28
2026-08-26T00:03:48.140068+00:00,20260825T235526Z_heavy_c2048_a9ff2b,0,[N/A],[N/A],29743,40960,186.85,62
2026-08-26T00:03:48.140068+00:00,20260825T235526Z_heavy_c2048_a9ff2b,1,[N/A],[N/A],213,40960,34.13,28
2026-08-26T00:03:48.140068+00:00,20260825T235526Z_heavy_c2048_a9ff2b,2,[N/A],[N/A],213,40960,34.77,28
2026-08-26T00:03:49.231049+00:00,20260825T235526Z_heavy_c2048_a9ff2b,0,[N/A],[N/A],29743,40960,184.26,61
2026-08-26T00:03:49.231049+00:00,20260825T235526Z_heavy_c2048_a9ff2b,1,[N/A],[N/A],213,40960,34.34,28
2026-08-26T00:03:49.231049+00:00,20260825T235526Z_heavy_c2048_a9ff2b,2,[N/A],[N/A],213,40960,34.89,28
2026-08-26T00:03:50.319943+00:00,20260825T235526Z_heavy_c2048_a9ff2b,0,[N/A],[N/A],29743,40960,170.05,61
2026-08-26T00:03:50.319943+00:00,20260825T235526Z_heavy_c2048_a9ff2b,1,[N/A],[N/A],213,40960,34.22,28
2026-08-26T00:03:50.319943+00:00,20260825T235526Z_heavy_c2048_a9ff2b,2,[N/A],[N/A],213,40960,34.89,28
2026-08-26T00:03:51.414401+00:00,20260825T235526Z_heavy_c2048_a9ff2b,0,[N/A],[N/A],29743,40960,164.85,61
2026-08-26T00:03:51.414401+00:00,20260825T235526Z_heavy_c2048_a9ff2b,1,[N/A],[N/A],213,40960,34.22,28
2026-08-26T00:03:51.414401+00:00,20260825T235526Z_heavy_c2048_a9ff2b,2,[N/A],[N/A],213,40960,34.79,28
2026-08-26T00:03:52.498080+00:00,20260825T235526Z_heavy_c2048_a9ff2b,0,[N/A],[N/A],29743,40960,211.82,62
2026-08-26T00:03:52.498080+00:00,20260825T235526Z_heavy_c2048_a9ff2b,1,[N/A],[N/A],213,40960,34.12,28
2026-08-26T00:03:52.498080+00:00,20260825T235526Z_heavy_c2048_a9ff2b,2,[N/A],[N/A],213,40960,34.87,28
2026-08-26T00:03:53.567071+00:00,20260825T235526Z_heavy_c2048_a9ff2b,0,[N/A],[N/A],29743,40960,172.85,62
2026-08-26T00:03:53.567071+00:00,20260825T235526Z_heavy_c2048_a9ff2b,1,[N/A],[N/A],213,40960,34.03,28
2026-08-26T00:03:53.567071+00:00,20260825T235526Z_heavy_c2048_a9ff2b,2,[N/A],[N/A],213,40960,34.89,28
2026-08-26T00:03:54.653126+00:00,20260825T235526Z_heavy_c2048_a9ff2b,0,[N/A],[N/A],29743,40960,140.68,62
2026-08-26T00:03:54.653126+00:00,20260825T235526Z_heavy_c2048_a9ff2b,1,[N/A],[N/A],213,40960,34.32,28
2026-08-26T00:03:54.653126+00:00,20260825T235526Z_heavy_c2048_a9ff2b,2,[N/A],[N/A],213,40960,34.89,28
2026-08-26T00:03:55.734563+00:00,20260825T235526Z_heavy_c2048_a9ff2b,0,[N/A],[N/A],29743,40960,216.53,61
2026-08-26T00:03:55.734563+00:00,20260825T235526Z_heavy_c2048_a9ff2b,1,[N/A],[N/A],213,40960,34.61,28
2026-08-26T00:03:55.734563+00:00,20260825T235526Z_heavy_c2048_a9ff2b,2,[N/A],[N/A],213,40960,34.99,28
2026-08-26T00:03:56.830750+00:00,20260825T235526Z_heavy_c2048_a9ff2b,0,[N/A],[N/A],30079,40960,231.42,62
2026-08-26T00:03:56.830750+00:00,20260825T235526Z_heavy_c2048_a9ff2b,1,[N/A],[N/A],213,40960,34.22,28
2026-08-26T00:03:56.830750+00:00,20260825T235526Z_heavy_c2048_a9ff2b,2,[N/A],[N/A],213,40960,34.66,28
2026-08-26T00:03:57.912284+00:00,20260825T235526Z_heavy_c2048_a9ff2b,0,[N/A],[N/A],30079,40960,230.40,63
2026-08-26T00:03:57.912284+00:00,20260825T235526Z_heavy_c2048_a9ff2b,1,[N/A],[N/A],213,40960,34.01,28
2026-08-26T00:03:57.912284+00:00,20260825T235526Z_heavy_c2048_a9ff2b,2,[N/A],[N/A],213,40960,34.77,28
2026-08-26T00:03:59.018058+00:00,20260825T235526Z_heavy_c2048_a9ff2b,0,[N/A],[N/A],30079,40960,232.55,63
2026-08-26T00:03:59.018058+00:00,20260825T235526Z_heavy_c2048_a9ff2b,1,[N/A],[N/A],213,40960,34.20,28
2026-08-26T00:03:59.018058+00:00,20260825T235526Z_heavy_c2048_a9ff2b,2,[N/A],[N/A],213,40960,34.87,28
2026-08-26T00:04:00.091954+00:00,20260825T235526Z_heavy_c2048_a9ff2b,0,[N/A],[N/A],30079,40960,206.71,64
2026-08-26T00:04:00.091954+00:00,20260825T235526Z_heavy_c2048_a9ff2b,1,[N/A],[N/A],213,40960,34.22,28
2026-08-26T00:04:00.091954+00:00,20260825T235526Z_heavy_c2048_a9ff2b,2,[N/A],[N/A],213,40960,34.75,28
2026-08-26T00:04:01.176632+00:00,20260825T235526Z_heavy_c2048_a9ff2b,0,[N/A],[N/A],30079,40960,223.95,63
2026-08-26T00:04:01.176632+00:00,20260825T235526Z_heavy_c2048_a9ff2b,1,[N/A],[N/A],213,40960,34.31,28
2026-08-26T00:04:01.176632+00:00,20260825T235526Z_heavy_c2048_a9ff2b,2,[N/A],[N/A],213,40960,34.77,28
2026-08-26T00:04:02.252830+00:00,20260825T235526Z_heavy_c2048_a9ff2b,0,[N/A],[N/A],30079,40960,286.76,64
2026-08-26T00:04:02.252830+00:00,20260825T235526Z_heavy_c2048_a9ff2b,1,[N/A],[N/A],213,40960,34.32,28
2026-08-26T00:04:02.252830+00:00,20260825T235526Z_heavy_c2048_a9ff2b,2,[N/A],[N/A],213,40960,34.67,28
2026-08-26T00:04:03.328262+00:00,20260825T235526Z_heavy_c2048_a9ff2b,0,[N/A],[N/A],30079,40960,272.66,64
2026-08-26T00:04:03.328262+00:00,20260825T235526Z_heavy_c2048_a9ff2b,1,[N/A],[N/A],213,40960,34.21,28
2026-08-26T00:04:03.328262+00:00,20260825T235526Z_heavy_c2048_a9ff2b,2,[N/A],[N/A],213,40960,34.77,28
2026-08-26T00:04:04.411522+00:00,20260825T235526Z_heavy_c2048_a9ff2b,0,[N/A],[N/A],30079,40960,234.82,64
2026-08-26T00:04:04.411522+00:00,20260825T235526Z_heavy_c2048_a9ff2b,1,[N/A],[N/A],213,40960,34.22,28
2026-08-26T00:04:04.411522+00:00,20260825T235526Z_heavy_c2048_a9ff2b,2,[N/A],[N/A],213,40960,34.86,28
2026-08-26T00:04:05.503242+00:00,20260825T235526Z_heavy_c2048_a9ff2b,0,[N/A],[N/A],30079,40960,308.92,65
2026-08-26T00:04:05.503242+00:00,20260825T235526Z_heavy_c2048_a9ff2b,1,[N/A],[N/A],213,40960,34.19,28
2026-08-26T00:04:05.503242+00:00,20260825T235526Z_heavy_c2048_a9ff2b,2,[N/A],[N/A],213,40960,34.75,28
2026-08-26T00:04:06.602842+00:00,20260825T235526Z_heavy_c2048_a9ff2b,0,[N/A],[N/A],30079,40960,232.26,64
2026-08-26T00:04:06.602842+00:00,20260825T235526Z_heavy_c2048_a9ff2b,1,[N/A],[N/A],213,40960,34.20,28
2026-08-26T00:04:06.602842+00:00,20260825T235526Z_heavy_c2048_a9ff2b,2,[N/A],[N/A],213,40960,34.85,28
2026-08-26T00:04:07.705208+00:00,20260825T235526Z_heavy_c2048_a9ff2b,0,[N/A],[N/A],30079,40960,234.13,64
2026-08-26T00:04:07.705208+00:00,20260825T235526Z_heavy_c2048_a9ff2b,1,[N/A],[N/A],213,40960,34.31,28
2026-08-26T00:04:07.705208+00:00,20260825T235526Z_heavy_c2048_a9ff2b,2,[N/A],[N/A],213,40960,34.77,28
2026-08-26T00:04:08.810764+00:00,20260825T235526Z_heavy_c2048_a9ff2b,0,[N/A],[N/A],30079,40960,210.50,63
2026-08-26T00:04:08.810764+00:00,20260825T235526Z_heavy_c2048_a9ff2b,1,[N/A],[N/A],213,40960,34.22,28
2026-08-26T00:04:08.810764+00:00,20260825T235526Z_heavy_c2048_a9ff2b,2,[N/A],[N/A],213,40960,34.77,28
2026-08-26T00:04:09.910064+00:00,20260825T235526Z_heavy_c2048_a9ff2b,0,[N/A],[N/A],30079,40960,189.53,62
2026-08-26T00:04:09.910064+00:00,20260825T235526Z_heavy_c2048_a9ff2b,1,[N/A],[N/A],213,40960,34.23,28
2026-08-26T00:04:09.910064+00:00,20260825T235526Z_heavy_c2048_a9ff2b,2,[N/A],[N/A],213,40960,34.87,28
2026-08-26T00:04:11.005767+00:00,20260825T235526Z_heavy_c2048_a9ff2b,0,[N/A],[N/A],30079,40960,175.87,63
2026-08-26T00:04:11.005767+00:00,20260825T235526Z_heavy_c2048_a9ff2b,1,[N/A],[N/A],213,40960,34.24,28
2026-08-26T00:04:11.005767+00:00,20260825T235526Z_heavy_c2048_a9ff2b,2,[N/A],[N/A],213,40960,34.89,28
2026-08-26T00:04:12.079436+00:00,20260825T235526Z_heavy_c2048_a9ff2b,0,[N/A],[N/A],30079,40960,160.15,62
2026-08-26T00:04:12.079436+00:00,20260825T235526Z_heavy_c2048_a9ff2b,1,[N/A],[N/A],213,40960,34.24,28
2026-08-26T00:04:12.079436+00:00,20260825T235526Z_heavy_c2048_a9ff2b,2,[N/A],[N/A],213,40960,34.79,28
2026-08-26T00:04:13.164315+00:00,20260825T235526Z_heavy_c2048_a9ff2b,0,[N/A],[N/A],30079,40960,157.27,61
2026-08-26T00:04:13.164315+00:00,20260825T235526Z_heavy_c2048_a9ff2b,1,[N/A],[N/A],213,40960,34.34,28
2026-08-26T00:04:13.164315+00:00,20260825T235526Z_heavy_c2048_a9ff2b,2,[N/A],[N/A],213,40960,34.79,28
2026-08-26T00:04:14.262496+00:00,20260825T235526Z_heavy_c2048_a9ff2b,0,[N/A],[N/A],30079,40960,70.90,59
2026-08-26T00:04:14.262496+00:00,20260825T235526Z_heavy_c2048_a9ff2b,1,[N/A],[N/A],213,40960,34.27,28
2026-08-26T00:04:14.262496+00:00,20260825T235526Z_heavy_c2048_a9ff2b,2,[N/A],[N/A],213,40960,34.80,28
2026-08-26T00:04:15.328061+00:00,20260825T235526Z_heavy_c2048_a9ff2b,0,[N/A],[N/A],30415,40960,259.63,63
2026-08-26T00:04:15.328061+00:00,20260825T235526Z_heavy_c2048_a9ff2b,1,[N/A],[N/A],213,40960,34.30,28
2026-08-26T00:04:15.328061+00:00,20260825T235526Z_heavy_c2048_a9ff2b,2,[N/A],[N/A],213,40960,34.86,28
2026-08-26T00:04:16.401826+00:00,20260825T235526Z_heavy_c2048_a9ff2b,0,[N/A],[N/A],30415,40960,245.01,63
2026-08-26T00:04:16.401826+00:00,20260825T235526Z_heavy_c2048_a9ff2b,1,[N/A],[N/A],213,40960,34.32,28
2026-08-26T00:04:16.401826+00:00,20260825T235526Z_heavy_c2048_a9ff2b,2,[N/A],[N/A],213,40960,35.06,28
2026-08-26T00:04:17.521343+00:00,20260825T235526Z_heavy_c2048_a9ff2b,0,[N/A],[N/A],30415,40960,194.58,64
2026-08-26T00:04:17.521343+00:00,20260825T235526Z_heavy_c2048_a9ff2b,1,[N/A],[N/A],213,40960,34.28,28
2026-08-26T00:04:17.521343+00:00,20260825T235526Z_heavy_c2048_a9ff2b,2,[N/A],[N/A],213,40960,34.77,28
2026-08-26T00:04:18.641045+00:00,20260825T235526Z_heavy_c2048_a9ff2b,0,[N/A],[N/A],30415,40960,269.31,64
2026-08-26T00:04:18.641045+00:00,20260825T235526Z_heavy_c2048_a9ff2b,1,[N/A],[N/A],213,40960,34.41,28
2026-08-26T00:04:18.641045+00:00,20260825T235526Z_heavy_c2048_a9ff2b,2,[N/A],[N/A],213,40960,34.87,28
2026-08-26T00:04:19.753966+00:00,20260825T235526Z_heavy_c2048_a9ff2b,0,[N/A],[N/A],30415,40960,245.09,64
2026-08-26T00:04:19.753966+00:00,20260825T235526Z_heavy_c2048_a9ff2b,1,[N/A],[N/A],213,40960,34.20,28
2026-08-26T00:04:19.753966+00:00,20260825T235526Z_heavy_c2048_a9ff2b,2,[N/A],[N/A],213,40960,34.87,28
2026-08-26T00:04:20.842317+00:00,20260825T235526Z_heavy_c2048_a9ff2b,0,[N/A],[N/A],30415,40960,279.90,64
2026-08-26T00:04:20.842317+00:00,20260825T235526Z_heavy_c2048_a9ff2b,1,[N/A],[N/A],213,40960,34.22,28
2026-08-26T00:04:20.842317+00:00,20260825T235526Z_heavy_c2048_a9ff2b,2,[N/A],[N/A],213,40960,34.87,28
2026-08-26T00:04:21.944624+00:00,20260825T235526Z_heavy_c2048_a9ff2b,0,[N/A],[N/A],30415,40960,206.12,64
2026-08-26T00:04:21.944624+00:00,20260825T235526Z_heavy_c2048_a9ff2b,1,[N/A],[N/A],213,40960,34.10,28
2026-08-26T00:04:21.944624+00:00,20260825T235526Z_heavy_c2048_a9ff2b,2,[N/A],[N/A],213,40960,34.85,28
2026-08-26T00:04:23.062056+00:00,20260825T235526Z_heavy_c2048_a9ff2b,0,[N/A],[N/A],30415,40960,243.65,64
2026-08-26T00:04:23.062056+00:00,20260825T235526Z_heavy_c2048_a9ff2b,1,[N/A],[N/A],213,40960,34.30,28
2026-08-26T00:04:23.062056+00:00,20260825T235526Z_heavy_c2048_a9ff2b,2,[N/A],[N/A],213,40960,34.85,28
2026-08-26T00:04:24.187050+00:00,20260825T235526Z_heavy_c2048_a9ff2b,0,[N/A],[N/A],30415,40960,249.37,64
2026-08-26T00:04:24.187050+00:00,20260825T235526Z_heavy_c2048_a9ff2b,1,[N/A],[N/A],213,40960,34.20,28
2026-08-26T00:04:24.187050+00:00,20260825T235526Z_heavy_c2048_a9ff2b,2,[N/A],[N/A],213,40960,34.77,28
2026-08-26T00:04:25.294829+00:00,20260825T235526Z_heavy_c2048_a9ff2b,0,[N/A],[N/A],30415,40960,239.82,65
2026-08-26T00:04:25.294829+00:00,20260825T235526Z_heavy_c2048_a9ff2b,1,[N/A],[N/A],213,40960,34.20,28
2026-08-26T00:04:25.294829+00:00,20260825T235526Z_heavy_c2048_a9ff2b,2,[N/A],[N/A],213,40960,34.85,28
2026-08-26T00:04:26.391050+00:00,20260825T235526Z_heavy_c2048_a9ff2b,0,[N/A],[N/A],30639,40960,178.01,63
2026-08-26T00:04:26.391050+00:00,20260825T235526Z_heavy_c2048_a9ff2b,1,[N/A],[N/A],213,40960,34.14,28
2026-08-26T00:04:26.391050+00:00,20260825T235526Z_heavy_c2048_a9ff2b,2,[N/A],[N/A],213,40960,34.76,28
2026-08-26T00:04:27.485400+00:00,20260825T235526Z_heavy_c2048_a9ff2b,0,[N/A],[N/A],30751,40960,238.91,64
2026-08-26T00:04:27.485400+00:00,20260825T235526Z_heavy_c2048_a9ff2b,1,[N/A],[N/A],213,40960,34.22,28
2026-08-26T00:04:27.485400+00:00,20260825T235526Z_heavy_c2048_a9ff2b,2,[N/A],[N/A],213,40960,34.94,28
2026-08-26T00:04:28.592372+00:00,20260825T235526Z_heavy_c2048_a9ff2b,0,[N/A],[N/A],30751,40960,214.91,65
2026-08-26T00:04:28.592372+00:00,20260825T235526Z_heavy_c2048_a9ff2b,1,[N/A],[N/A],213,40960,34.22,28
2026-08-26T00:04:28.592372+00:00,20260825T235526Z_heavy_c2048_a9ff2b,2,[N/A],[N/A],213,40960,34.95,28
2026-08-26T00:04:29.681061+00:00,20260825T235526Z_heavy_c2048_a9ff2b,0,[N/A],[N/A],30751,40960,220.74,64
2026-08-26T00:04:29.681061+00:00,20260825T235526Z_heavy_c2048_a9ff2b,1,[N/A],[N/A],213,40960,34.21,28
2026-08-26T00:04:29.681061+00:00,20260825T235526Z_heavy_c2048_a9ff2b,2,[N/A],[N/A],213,40960,34.87,28
2026-08-26T00:04:30.795544+00:00,20260825T235526Z_heavy_c2048_a9ff2b,0,[N/A],[N/A],30751,40960,285.32,65
2026-08-26T00:04:30.795544+00:00,20260825T235526Z_heavy_c2048_a9ff2b,1,[N/A],[N/A],213,40960,34.51,28
2026-08-26T00:04:30.795544+00:00,20260825T235526Z_heavy_c2048_a9ff2b,2,[N/A],[N/A],213,40960,34.94,28
2026-08-26T00:04:31.877270+00:00,20260825T235526Z_heavy_c2048_a9ff2b,0,[N/A],[N/A],30751,40960,252.03,65
2026-08-26T00:04:31.877270+00:00,20260825T235526Z_heavy_c2048_a9ff2b,1,[N/A],[N/A],213,40960,34.22,28
2026-08-26T00:04:31.877270+00:00,20260825T235526Z_heavy_c2048_a9ff2b,2,[N/A],[N/A],213,40960,34.77,28
2026-08-26T00:04:32.978264+00:00,20260825T235526Z_heavy_c2048_a9ff2b,0,[N/A],[N/A],30751,40960,171.51,63
2026-08-26T00:04:32.978264+00:00,20260825T235526Z_heavy_c2048_a9ff2b,1,[N/A],[N/A],213,40960,34.32,28
2026-08-26T00:04:32.978264+00:00,20260825T235526Z_heavy_c2048_a9ff2b,2,[N/A],[N/A],213,40960,34.89,28
2026-08-26T00:04:34.065045+00:00,20260825T235526Z_heavy_c2048_a9ff2b,0,[N/A],[N/A],30751,40960,188.94,63
2026-08-26T00:04:34.065045+00:00,20260825T235526Z_heavy_c2048_a9ff2b,1,[N/A],[N/A],213,40960,34.15,28
2026-08-26T00:04:34.065045+00:00,20260825T235526Z_heavy_c2048_a9ff2b,2,[N/A],[N/A],213,40960,34.87,28
2026-08-26T00:04:35.146187+00:00,20260825T235526Z_heavy_c2048_a9ff2b,0,[N/A],[N/A],30751,40960,148.55,62
2026-08-26T00:04:35.146187+00:00,20260825T235526Z_heavy_c2048_a9ff2b,1,[N/A],[N/A],213,40960,34.15,28
2026-08-26T00:04:35.146187+00:00,20260825T235526Z_heavy_c2048_a9ff2b,2,[N/A],[N/A],213,40960,34.89,28
2026-08-26T00:04:36.227468+00:00,20260825T235526Z_heavy_c2048_a9ff2b,0,[N/A],[N/A],30751,40960,171.62,62
2026-08-26T00:04:36.227468+00:00,20260825T235526Z_heavy_c2048_a9ff2b,1,[N/A],[N/A],213,40960,34.15,28
2026-08-26T00:04:36.227468+00:00,20260825T235526Z_heavy_c2048_a9ff2b,2,[N/A],[N/A],213,40960,34.89,28
2026-08-26T00:04:37.311534+00:00,20260825T235526Z_heavy_c2048_a9ff2b,0,[N/A],[N/A],30751,40960,156.74,61
2026-08-26T00:04:37.311534+00:00,20260825T235526Z_heavy_c2048_a9ff2b,1,[N/A],[N/A],213,40960,34.24,28
2026-08-26T00:04:37.311534+00:00,20260825T235526Z_heavy_c2048_a9ff2b,2,[N/A],[N/A],213,40960,34.79,28
2026-08-26T00:04:38.387917+00:00,20260825T235526Z_heavy_c2048_a9ff2b,0,[N/A],[N/A],30751,40960,117.31,60
2026-08-26T00:04:38.387917+00:00,20260825T235526Z_heavy_c2048_a9ff2b,1,[N/A],[N/A],213,40960,34.15,28
2026-08-26T00:04:38.387917+00:00,20260825T235526Z_heavy_c2048_a9ff2b,2,[N/A],[N/A],213,40960,34.91,28
2026-08-26T00:04:39.466063+00:00,20260825T235526Z_heavy_c2048_a9ff2b,0,[N/A],[N/A],30751,40960,159.48,61
2026-08-26T00:04:39.466063+00:00,20260825T235526Z_heavy_c2048_a9ff2b,1,[N/A],[N/A],213,40960,34.34,28
2026-08-26T00:04:39.466063+00:00,20260825T235526Z_heavy_c2048_a9ff2b,2,[N/A],[N/A],213,40960,34.89,28
2026-08-26T00:04:40.549044+00:00,20260825T235526Z_heavy_c2048_a9ff2b,0,[N/A],[N/A],30751,40960,233.84,62
2026-08-26T00:04:40.549044+00:00,20260825T235526Z_heavy_c2048_a9ff2b,1,[N/A],[N/A],213,40960,34.24,28
2026-08-26T00:04:40.549044+00:00,20260825T235526Z_heavy_c2048_a9ff2b,2,[N/A],[N/A],213,40960,35.26,28
2026-08-26T00:04:41.629692+00:00,20260825T235526Z_heavy_c2048_a9ff2b,0,[N/A],[N/A],30751,40960,174.11,62
2026-08-26T00:04:41.629692+00:00,20260825T235526Z_heavy_c2048_a9ff2b,1,[N/A],[N/A],213,40960,34.22,28
2026-08-26T00:04:41.629692+00:00,20260825T235526Z_heavy_c2048_a9ff2b,2,[N/A],[N/A],213,40960,34.89,28
2026-08-26T00:04:42.706252+00:00,20260825T235526Z_heavy_c2048_a9ff2b,0,[N/A],[N/A],31087,40960,229.63,63
2026-08-26T00:04:42.706252+00:00,20260825T235526Z_heavy_c2048_a9ff2b,1,[N/A],[N/A],213,40960,34.22,28
2026-08-26T00:04:42.706252+00:00,20260825T235526Z_heavy_c2048_a9ff2b,2,[N/A],[N/A],213,40960,34.87,28
2026-08-26T00:04:43.796059+00:00,20260825T235526Z_heavy_c2048_a9ff2b,0,[N/A],[N/A],31087,40960,232.05,63
2026-08-26T00:04:43.796059+00:00,20260825T235526Z_heavy_c2048_a9ff2b,1,[N/A],[N/A],213,40960,34.20,28
2026-08-26T00:04:43.796059+00:00,20260825T235526Z_heavy_c2048_a9ff2b,2,[N/A],[N/A],213,40960,34.85,28
2026-08-26T00:04:44.902060+00:00,20260825T235526Z_heavy_c2048_a9ff2b,0,[N/A],[N/A],31087,40960,244.83,64
2026-08-26T00:04:44.902060+00:00,20260825T235526Z_heavy_c2048_a9ff2b,1,[N/A],[N/A],213,40960,34.30,28
2026-08-26T00:04:44.902060+00:00,20260825T235526Z_heavy_c2048_a9ff2b,2,[N/A],[N/A],213,40960,34.87,28
2026-08-26T00:04:45.985265+00:00,20260825T235526Z_heavy_c2048_a9ff2b,0,[N/A],[N/A],31087,40960,225.76,64
2026-08-26T00:04:45.985265+00:00,20260825T235526Z_heavy_c2048_a9ff2b,1,[N/A],[N/A],213,40960,34.20,28
2026-08-26T00:04:45.985265+00:00,20260825T235526Z_heavy_c2048_a9ff2b,2,[N/A],[N/A],213,40960,34.87,28
2026-08-26T00:04:47.104471+00:00,20260825T235526Z_heavy_c2048_a9ff2b,0,[N/A],[N/A],31087,40960,277.55,64
2026-08-26T00:04:47.104471+00:00,20260825T235526Z_heavy_c2048_a9ff2b,1,[N/A],[N/A],213,40960,34.22,28
2026-08-26T00:04:47.104471+00:00,20260825T235526Z_heavy_c2048_a9ff2b,2,[N/A],[N/A],213,40960,34.87,28
2026-08-26T00:04:48.181048+00:00,20260825T235526Z_heavy_c2048_a9ff2b,0,[N/A],[N/A],31087,40960,250.07,64
2026-08-26T00:04:48.181048+00:00,20260825T235526Z_heavy_c2048_a9ff2b,1,[N/A],[N/A],213,40960,34.28,28
2026-08-26T00:04:48.181048+00:00,20260825T235526Z_heavy_c2048_a9ff2b,2,[N/A],[N/A],213,40960,34.94,28
2026-08-26T00:04:49.257573+00:00,20260825T235526Z_heavy_c2048_a9ff2b,0,[N/A],[N/A],31087,40960,268.42,65
2026-08-26T00:04:49.257573+00:00,20260825T235526Z_heavy_c2048_a9ff2b,1,[N/A],[N/A],213,40960,34.20,28
2026-08-26T00:04:49.257573+00:00,20260825T235526Z_heavy_c2048_a9ff2b,2,[N/A],[N/A],213,40960,34.87,28
2026-08-26T00:04:50.334586+00:00,20260825T235526Z_heavy_c2048_a9ff2b,0,[N/A],[N/A],31087,40960,240.17,65
2026-08-26T00:04:50.334586+00:00,20260825T235526Z_heavy_c2048_a9ff2b,1,[N/A],[N/A],213,40960,34.10,28
2026-08-26T00:04:50.334586+00:00,20260825T235526Z_heavy_c2048_a9ff2b,2,[N/A],[N/A],213,40960,34.85,28
2026-08-26T00:04:51.409057+00:00,20260825T235526Z_heavy_c2048_a9ff2b,0,[N/A],[N/A],31087,40960,180.76,62
2026-08-26T00:04:51.409057+00:00,20260825T235526Z_heavy_c2048_a9ff2b,1,[N/A],[N/A],213,40960,34.23,28
2026-08-26T00:04:51.409057+00:00,20260825T235526Z_heavy_c2048_a9ff2b,2,[N/A],[N/A],213,40960,34.88,28
2026-08-26T00:04:52.492042+00:00,20260825T235526Z_heavy_c2048_a9ff2b,0,[N/A],[N/A],31087,40960,180.29,62
2026-08-26T00:04:52.492042+00:00,20260825T235526Z_heavy_c2048_a9ff2b,1,[N/A],[N/A],213,40960,34.34,28
2026-08-26T00:04:52.492042+00:00,20260825T235526Z_heavy_c2048_a9ff2b,2,[N/A],[N/A],213,40960,35.16,28
2026-08-26T00:04:53.568055+00:00,20260825T235526Z_heavy_c2048_a9ff2b,0,[N/A],[N/A],31087,40960,194.65,62
2026-08-26T00:04:53.568055+00:00,20260825T235526Z_heavy_c2048_a9ff2b,1,[N/A],[N/A],213,40960,34.43,28
2026-08-26T00:04:53.568055+00:00,20260825T235526Z_heavy_c2048_a9ff2b,2,[N/A],[N/A],213,40960,34.97,28
2026-08-26T00:04:54.676928+00:00,20260825T235526Z_heavy_c2048_a9ff2b,0,[N/A],[N/A],31087,40960,143.40,61
2026-08-26T00:04:54.676928+00:00,20260825T235526Z_heavy_c2048_a9ff2b,1,[N/A],[N/A],213,40960,34.42,28
2026-08-26T00:04:54.676928+00:00,20260825T235526Z_heavy_c2048_a9ff2b,2,[N/A],[N/A],213,40960,35.28,28
2026-08-26T00:04:55.778409+00:00,20260825T235526Z_heavy_c2048_a9ff2b,0,[N/A],[N/A],31199,40960,172.68,62
2026-08-26T00:04:55.778409+00:00,20260825T235526Z_heavy_c2048_a9ff2b,1,[N/A],[N/A],213,40960,34.22,28
2026-08-26T00:04:55.778409+00:00,20260825T235526Z_heavy_c2048_a9ff2b,2,[N/A],[N/A],213,40960,34.88,28
2026-08-26T00:04:56.872321+00:00,20260825T235526Z_heavy_c2048_a9ff2b,0,[N/A],[N/A],31423,40960,268.51,64
2026-08-26T00:04:56.872321+00:00,20260825T235526Z_heavy_c2048_a9ff2b,1,[N/A],[N/A],213,40960,34.20,28
2026-08-26T00:04:56.872321+00:00,20260825T235526Z_heavy_c2048_a9ff2b,2,[N/A],[N/A],213,40960,34.97,28
2026-08-26T00:04:57.975313+00:00,20260825T235526Z_heavy_c2048_a9ff2b,0,[N/A],[N/A],31423,40960,224.65,63
2026-08-26T00:04:57.975313+00:00,20260825T235526Z_heavy_c2048_a9ff2b,1,[N/A],[N/A],213,40960,34.20,28
2026-08-26T00:04:57.975313+00:00,20260825T235526Z_heavy_c2048_a9ff2b,2,[N/A],[N/A],213,40960,34.87,28
2026-08-26T00:04:59.060864+00:00,20260825T235526Z_heavy_c2048_a9ff2b,0,[N/A],[N/A],31423,40960,242.57,64
2026-08-26T00:04:59.060864+00:00,20260825T235526Z_heavy_c2048_a9ff2b,1,[N/A],[N/A],213,40960,34.31,28
2026-08-26T00:04:59.060864+00:00,20260825T235526Z_heavy_c2048_a9ff2b,2,[N/A],[N/A],213,40960,34.85,28
2026-08-26T00:05:00.136310+00:00,20260825T235526Z_heavy_c2048_a9ff2b,0,[N/A],[N/A],31423,40960,269.29,64
2026-08-26T00:05:00.136310+00:00,20260825T235526Z_heavy_c2048_a9ff2b,1,[N/A],[N/A],213,40960,34.31,28
2026-08-26T00:05:00.136310+00:00,20260825T235526Z_heavy_c2048_a9ff2b,2,[N/A],[N/A],213,40960,34.94,28
2026-08-26T00:05:01.225668+00:00,20260825T235526Z_heavy_c2048_a9ff2b,0,[N/A],[N/A],31423,40960,229.27,64
2026-08-26T00:05:01.225668+00:00,20260825T235526Z_heavy_c2048_a9ff2b,1,[N/A],[N/A],213,40960,34.42,28
2026-08-26T00:05:01.225668+00:00,20260825T235526Z_heavy_c2048_a9ff2b,2,[N/A],[N/A],213,40960,34.97,28
2026-08-26T00:05:02.344060+00:00,20260825T235526Z_heavy_c2048_a9ff2b,0,[N/A],[N/A],31423,40960,223.82,64
2026-08-26T00:05:02.344060+00:00,20260825T235526Z_heavy_c2048_a9ff2b,1,[N/A],[N/A],213,40960,34.30,28
2026-08-26T00:05:02.344060+00:00,20260825T235526Z_heavy_c2048_a9ff2b,2,[N/A],[N/A],213,40960,34.94,28
2026-08-26T00:05:03.423381+00:00,20260825T235526Z_heavy_c2048_a9ff2b,0,[N/A],[N/A],31423,40960,250.85,64
2026-08-26T00:05:03.423381+00:00,20260825T235526Z_heavy_c2048_a9ff2b,1,[N/A],[N/A],213,40960,34.39,28
2026-08-26T00:05:03.423381+00:00,20260825T235526Z_heavy_c2048_a9ff2b,2,[N/A],[N/A],213,40960,34.85,28
2026-08-26T00:05:04.529058+00:00,20260825T235526Z_heavy_c2048_a9ff2b,0,[N/A],[N/A],31423,40960,260.90,65
2026-08-26T00:05:04.529058+00:00,20260825T235526Z_heavy_c2048_a9ff2b,1,[N/A],[N/A],213,40960,34.22,28
2026-08-26T00:05:04.529058+00:00,20260825T235526Z_heavy_c2048_a9ff2b,2,[N/A],[N/A],213,40960,34.87,28
2026-08-26T00:05:05.609231+00:00,20260825T235526Z_heavy_c2048_a9ff2b,0,[N/A],[N/A],31423,40960,210.88,63
2026-08-26T00:05:05.609231+00:00,20260825T235526Z_heavy_c2048_a9ff2b,1,[N/A],[N/A],213,40960,34.32,28
2026-08-26T00:05:05.609231+00:00,20260825T235526Z_heavy_c2048_a9ff2b,2,[N/A],[N/A],213,40960,34.78,28
2026-08-26T00:05:06.690540+00:00,20260825T235526Z_heavy_c2048_a9ff2b,0,[N/A],[N/A],31423,40960,165.00,62
2026-08-26T00:05:06.690540+00:00,20260825T235526Z_heavy_c2048_a9ff2b,1,[N/A],[N/A],213,40960,34.24,28
2026-08-26T00:05:06.690540+00:00,20260825T235526Z_heavy_c2048_a9ff2b,2,[N/A],[N/A],213,40960,34.88,28
2026-08-26T00:05:07.787057+00:00,20260825T235526Z_heavy_c2048_a9ff2b,0,[N/A],[N/A],31423,40960,208.55,63
2026-08-26T00:05:07.787057+00:00,20260825T235526Z_heavy_c2048_a9ff2b,1,[N/A],[N/A],213,40960,34.22,28
2026-08-26T00:05:07.787057+00:00,20260825T235526Z_heavy_c2048_a9ff2b,2,[N/A],[N/A],213,40960,34.97,28
2026-08-26T00:05:08.868078+00:00,20260825T235526Z_heavy_c2048_a9ff2b,0,[N/A],[N/A],31423,40960,187.07,63
2026-08-26T00:05:08.868078+00:00,20260825T235526Z_heavy_c2048_a9ff2b,1,[N/A],[N/A],213,40960,34.33,28
2026-08-26T00:05:08.868078+00:00,20260825T235526Z_heavy_c2048_a9ff2b,2,[N/A],[N/A],213,40960,35.18,28
2026-08-26T00:05:09.943786+00:00,20260825T235526Z_heavy_c2048_a9ff2b,0,[N/A],[N/A],31423,40960,212.10,63
2026-08-26T00:05:09.943786+00:00,20260825T235526Z_heavy_c2048_a9ff2b,1,[N/A],[N/A],213,40960,34.32,28
2026-08-26T00:05:09.943786+00:00,20260825T235526Z_heavy_c2048_a9ff2b,2,[N/A],[N/A],213,40960,34.79,28
2026-08-26T00:05:11.030077+00:00,20260825T235526Z_heavy_c2048_a9ff2b,0,[N/A],[N/A],31423,40960,176.71,61
2026-08-26T00:05:11.030077+00:00,20260825T235526Z_heavy_c2048_a9ff2b,1,[N/A],[N/A],213,40960,34.34,28
2026-08-26T00:05:11.030077+00:00,20260825T235526Z_heavy_c2048_a9ff2b,2,[N/A],[N/A],213,40960,34.89,28
2026-08-26T00:05:12.116043+00:00,20260825T235526Z_heavy_c2048_a9ff2b,0,[N/A],[N/A],31759,40960,256.91,64
2026-08-26T00:05:12.116043+00:00,20260825T235526Z_heavy_c2048_a9ff2b,1,[N/A],[N/A],213,40960,34.30,28
2026-08-26T00:05:12.116043+00:00,20260825T235526Z_heavy_c2048_a9ff2b,2,[N/A],[N/A],213,40960,34.77,28
2026-08-26T00:05:13.202526+00:00,20260825T235526Z_heavy_c2048_a9ff2b,0,[N/A],[N/A],31759,40960,272.97,64
2026-08-26T00:05:13.202526+00:00,20260825T235526Z_heavy_c2048_a9ff2b,1,[N/A],[N/A],213,40960,34.30,28
2026-08-26T00:05:13.202526+00:00,20260825T235526Z_heavy_c2048_a9ff2b,2,[N/A],[N/A],213,40960,34.95,28
2026-08-26T00:05:14.294133+00:00,20260825T235526Z_heavy_c2048_a9ff2b,0,[N/A],[N/A],31759,40960,257.89,64
2026-08-26T00:05:14.294133+00:00,20260825T235526Z_heavy_c2048_a9ff2b,1,[N/A],[N/A],213,40960,34.29,28
2026-08-26T00:05:14.294133+00:00,20260825T235526Z_heavy_c2048_a9ff2b,2,[N/A],[N/A],213,40960,34.85,28
2026-08-26T00:05:15.393217+00:00,20260825T235526Z_heavy_c2048_a9ff2b,0,[N/A],[N/A],31759,40960,237.86,64
2026-08-26T00:05:15.393217+00:00,20260825T235526Z_heavy_c2048_a9ff2b,1,[N/A],[N/A],213,40960,34.51,28
2026-08-26T00:05:15.393217+00:00,20260825T235526Z_heavy_c2048_a9ff2b,2,[N/A],[N/A],213,40960,34.77,29
2026-08-26T00:05:16.462191+00:00,20260825T235526Z_heavy_c2048_a9ff2b,0,[N/A],[N/A],31759,40960,273.14,64
2026-08-26T00:05:16.462191+00:00,20260825T235526Z_heavy_c2048_a9ff2b,1,[N/A],[N/A],213,40960,34.30,28
2026-08-26T00:05:16.462191+00:00,20260825T235526Z_heavy_c2048_a9ff2b,2,[N/A],[N/A],213,40960,34.87,28
2026-08-26T00:05:17.551921+00:00,20260825T235526Z_heavy_c2048_a9ff2b,0,[N/A],[N/A],31759,40960,244.80,64
2026-08-26T00:05:17.551921+00:00,20260825T235526Z_heavy_c2048_a9ff2b,1,[N/A],[N/A],213,40960,34.42,28
2026-08-26T00:05:17.551921+00:00,20260825T235526Z_heavy_c2048_a9ff2b,2,[N/A],[N/A],213,40960,34.87,29
2026-08-26T00:05:18.643040+00:00,20260825T235526Z_heavy_c2048_a9ff2b,0,[N/A],[N/A],31759,40960,232.66,64
2026-08-26T00:05:18.643040+00:00,20260825T235526Z_heavy_c2048_a9ff2b,1,[N/A],[N/A],213,40960,34.40,28
2026-08-26T00:05:18.643040+00:00,20260825T235526Z_heavy_c2048_a9ff2b,2,[N/A],[N/A],213,40960,34.87,29
2026-08-26T00:05:19.733610+00:00,20260825T235526Z_heavy_c2048_a9ff2b,0,[N/A],[N/A],31759,40960,262.73,65
2026-08-26T00:05:19.733610+00:00,20260825T235526Z_heavy_c2048_a9ff2b,1,[N/A],[N/A],213,40960,34.39,28
2026-08-26T00:05:19.733610+00:00,20260825T235526Z_heavy_c2048_a9ff2b,2,[N/A],[N/A],213,40960,34.96,29
2026-08-26T00:05:20.809066+00:00,20260825T235526Z_heavy_c2048_a9ff2b,0,[N/A],[N/A],31759,40960,184.73,63
2026-08-26T00:05:20.809066+00:00,20260825T235526Z_heavy_c2048_a9ff2b,1,[N/A],[N/A],213,40960,34.34,28
2026-08-26T00:05:20.809066+00:00,20260825T235526Z_heavy_c2048_a9ff2b,2,[N/A],[N/A],213,40960,34.87,29
2026-08-26T00:05:21.902849+00:00,20260825T235526Z_heavy_c2048_a9ff2b,0,[N/A],[N/A],31759,40960,173.49,62
2026-08-26T00:05:21.902849+00:00,20260825T235526Z_heavy_c2048_a9ff2b,1,[N/A],[N/A],213,40960,34.32,28
2026-08-26T00:05:21.902849+00:00,20260825T235526Z_heavy_c2048_a9ff2b,2,[N/A],[N/A],213,40960,34.89,29
2026-08-26T00:05:22.973741+00:00,20260825T235526Z_heavy_c2048_a9ff2b,0,[N/A],[N/A],31759,40960,176.55,62
2026-08-26T00:05:22.973741+00:00,20260825T235526Z_heavy_c2048_a9ff2b,1,[N/A],[N/A],213,40960,34.32,28
2026-08-26T00:05:22.973741+00:00,20260825T235526Z_heavy_c2048_a9ff2b,2,[N/A],[N/A],213,40960,34.99,29
2026-08-26T00:05:24.071749+00:00,20260825T235526Z_heavy_c2048_a9ff2b,0,[N/A],[N/A],31759,40960,198.82,62
2026-08-26T00:05:24.071749+00:00,20260825T235526Z_heavy_c2048_a9ff2b,1,[N/A],[N/A],213,40960,34.34,28
2026-08-26T00:05:24.071749+00:00,20260825T235526Z_heavy_c2048_a9ff2b,2,[N/A],[N/A],213,40960,34.89,29
2026-08-26T00:05:25.152346+00:00,20260825T235526Z_heavy_c2048_a9ff2b,0,[N/A],[N/A],31759,40960,199.33,62
2026-08-26T00:05:25.152346+00:00,20260825T235526Z_heavy_c2048_a9ff2b,1,[N/A],[N/A],213,40960,34.34,28
2026-08-26T00:05:25.152346+00:00,20260825T235526Z_heavy_c2048_a9ff2b,2,[N/A],[N/A],213,40960,34.88,29
2026-08-26T00:05:26.242453+00:00,20260825T235526Z_heavy_c2048_a9ff2b,0,[N/A],[N/A],31759,40960,193.40,62
2026-08-26T00:05:26.242453+00:00,20260825T235526Z_heavy_c2048_a9ff2b,1,[N/A],[N/A],213,40960,34.42,28
2026-08-26T00:05:26.242453+00:00,20260825T235526Z_heavy_c2048_a9ff2b,2,[N/A],[N/A],213,40960,34.89,29
2026-08-26T00:05:27.330235+00:00,20260825T235526Z_heavy_c2048_a9ff2b,0,[N/A],[N/A],31759,40960,186.46,62
2026-08-26T00:05:27.330235+00:00,20260825T235526Z_heavy_c2048_a9ff2b,1,[N/A],[N/A],213,40960,34.22,28
2026-08-26T00:05:27.330235+00:00,20260825T235526Z_heavy_c2048_a9ff2b,2,[N/A],[N/A],213,40960,34.99,29
2026-08-26T00:05:28.409060+00:00,20260825T235526Z_heavy_c2048_a9ff2b,0,[N/A],[N/A],31759,40960,168.04,61
2026-08-26T00:05:28.409060+00:00,20260825T235526Z_heavy_c2048_a9ff2b,1,[N/A],[N/A],213,40960,34.32,28
2026-08-26T00:05:28.409060+00:00,20260825T235526Z_heavy_c2048_a9ff2b,2,[N/A],[N/A],213,40960,34.99,29
2026-08-26T00:05:29.510393+00:00,20260825T235526Z_heavy_c2048_a9ff2b,0,[N/A],[N/A],32095,40960,256.52,63
2026-08-26T00:05:29.510393+00:00,20260825T235526Z_heavy_c2048_a9ff2b,1,[N/A],[N/A],213,40960,34.20,28
2026-08-26T00:05:29.510393+00:00,20260825T235526Z_heavy_c2048_a9ff2b,2,[N/A],[N/A],213,40960,34.97,29
2026-08-26T00:05:30.599062+00:00,20260825T235526Z_heavy_c2048_a9ff2b,0,[N/A],[N/A],32095,40960,239.34,63
2026-08-26T00:05:30.599062+00:00,20260825T235526Z_heavy_c2048_a9ff2b,1,[N/A],[N/A],213,40960,34.30,28
2026-08-26T00:05:30.599062+00:00,20260825T235526Z_heavy_c2048_a9ff2b,2,[N/A],[N/A],213,40960,34.97,29
2026-08-26T00:05:31.693157+00:00,20260825T235526Z_heavy_c2048_a9ff2b,0,[N/A],[N/A],32095,40960,245.59,63
2026-08-26T00:05:31.693157+00:00,20260825T235526Z_heavy_c2048_a9ff2b,1,[N/A],[N/A],213,40960,34.30,28
2026-08-26T00:05:31.693157+00:00,20260825T235526Z_heavy_c2048_a9ff2b,2,[N/A],[N/A],213,40960,34.87,29
2026-08-26T00:05:32.782041+00:00,20260825T235526Z_heavy_c2048_a9ff2b,0,[N/A],[N/A],32095,40960,250.27,64
2026-08-26T00:05:32.782041+00:00,20260825T235526Z_heavy_c2048_a9ff2b,1,[N/A],[N/A],213,40960,34.31,28
2026-08-26T00:05:32.782041+00:00,20260825T235526Z_heavy_c2048_a9ff2b,2,[N/A],[N/A],213,40960,34.97,29
2026-08-26T00:05:33.864759+00:00,20260825T235526Z_heavy_c2048_a9ff2b,0,[N/A],[N/A],32095,40960,233.54,64
2026-08-26T00:05:33.864759+00:00,20260825T235526Z_heavy_c2048_a9ff2b,1,[N/A],[N/A],213,40960,34.30,28
2026-08-26T00:05:33.864759+00:00,20260825T235526Z_heavy_c2048_a9ff2b,2,[N/A],[N/A],213,40960,34.85,29
2026-08-26T00:05:34.955555+00:00,20260825T235526Z_heavy_c2048_a9ff2b,0,[N/A],[N/A],32095,40960,223.93,64
2026-08-26T00:05:34.955555+00:00,20260825T235526Z_heavy_c2048_a9ff2b,1,[N/A],[N/A],213,40960,34.39,28
2026-08-26T00:05:34.955555+00:00,20260825T235526Z_heavy_c2048_a9ff2b,2,[N/A],[N/A],213,40960,35.36,29
2026-08-26T00:05:36.053736+00:00,20260825T235526Z_heavy_c2048_a9ff2b,0,[N/A],[N/A],32095,40960,210.17,64
2026-08-26T00:05:36.053736+00:00,20260825T235526Z_heavy_c2048_a9ff2b,1,[N/A],[N/A],213,40960,34.32,28
2026-08-26T00:05:36.053736+00:00,20260825T235526Z_heavy_c2048_a9ff2b,2,[N/A],[N/A],213,40960,34.87,29
2026-08-26T00:05:37.129617+00:00,20260825T235526Z_heavy_c2048_a9ff2b,0,[N/A],[N/A],32095,40960,130.85,63
2026-08-26T00:05:37.129617+00:00,20260825T235526Z_heavy_c2048_a9ff2b,1,[N/A],[N/A],213,40960,34.34,28
2026-08-26T00:05:37.129617+00:00,20260825T235526Z_heavy_c2048_a9ff2b,2,[N/A],[N/A],213,40960,34.97,29
2026-08-26T00:05:38.220940+00:00,20260825T235526Z_heavy_c2048_a9ff2b,0,[N/A],[N/A],32095,40960,121.62,62
2026-08-26T00:05:38.220940+00:00,20260825T235526Z_heavy_c2048_a9ff2b,1,[N/A],[N/A],213,40960,34.22,28
2026-08-26T00:05:38.220940+00:00,20260825T235526Z_heavy_c2048_a9ff2b,2,[N/A],[N/A],213,40960,35.06,29
2026-08-26T00:05:39.297055+00:00,20260825T235526Z_heavy_c2048_a9ff2b,0,[N/A],[N/A],32095,40960,161.28,62
2026-08-26T00:05:39.297055+00:00,20260825T235526Z_heavy_c2048_a9ff2b,1,[N/A],[N/A],213,40960,34.34,28
2026-08-26T00:05:39.297055+00:00,20260825T235526Z_heavy_c2048_a9ff2b,2,[N/A],[N/A],213,40960,34.99,29
2026-08-26T00:05:40.378065+00:00,20260825T235526Z_heavy_c2048_a9ff2b,0,[N/A],[N/A],32095,40960,157.38,62
2026-08-26T00:05:40.378065+00:00,20260825T235526Z_heavy_c2048_a9ff2b,1,[N/A],[N/A],213,40960,34.22,28
2026-08-26T00:05:40.378065+00:00,20260825T235526Z_heavy_c2048_a9ff2b,2,[N/A],[N/A],213,40960,34.97,29
2026-08-26T00:05:41.447691+00:00,20260825T235526Z_heavy_c2048_a9ff2b,0,[N/A],[N/A],32095,40960,218.53,62
2026-08-26T00:05:41.447691+00:00,20260825T235526Z_heavy_c2048_a9ff2b,1,[N/A],[N/A],213,40960,34.34,28
2026-08-26T00:05:41.447691+00:00,20260825T235526Z_heavy_c2048_a9ff2b,2,[N/A],[N/A],213,40960,34.88,29
2026-08-26T00:05:42.520054+00:00,20260825T235526Z_heavy_c2048_a9ff2b,0,[N/A],[N/A],32095,40960,163.24,61
2026-08-26T00:05:42.520054+00:00,20260825T235526Z_heavy_c2048_a9ff2b,1,[N/A],[N/A],213,40960,34.34,28
2026-08-26T00:05:42.520054+00:00,20260825T235526Z_heavy_c2048_a9ff2b,2,[N/A],[N/A],213,40960,34.87,29
2026-08-26T00:05:43.618778+00:00,20260825T235526Z_heavy_c2048_a9ff2b,0,[N/A],[N/A],32095,40960,185.96,61
2026-08-26T00:05:43.618778+00:00,20260825T235526Z_heavy_c2048_a9ff2b,1,[N/A],[N/A],213,40960,34.24,28
2026-08-26T00:05:43.618778+00:00,20260825T235526Z_heavy_c2048_a9ff2b,2,[N/A],[N/A],213,40960,34.99,29
2026-08-26T00:05:44.720069+00:00,20260825T235526Z_heavy_c2048_a9ff2b,0,[N/A],[N/A],32095,40960,142.81,60
2026-08-26T00:05:44.720069+00:00,20260825T235526Z_heavy_c2048_a9ff2b,1,[N/A],[N/A],213,40960,34.74,28
2026-08-26T00:05:44.720069+00:00,20260825T235526Z_heavy_c2048_a9ff2b,2,[N/A],[N/A],213,40960,35.01,29
2026-08-26T00:05:45.790052+00:00,20260825T235526Z_heavy_c2048_a9ff2b,0,[N/A],[N/A],32095,40960,174.84,61
2026-08-26T00:05:45.790052+00:00,20260825T235526Z_heavy_c2048_a9ff2b,1,[N/A],[N/A],213,40960,34.34,28
2026-08-26T00:05:45.790052+00:00,20260825T235526Z_heavy_c2048_a9ff2b,2,[N/A],[N/A],213,40960,35.11,29
2026-08-26T00:05:46.877049+00:00,20260825T235526Z_heavy_c2048_a9ff2b,0,[N/A],[N/A],32431,40960,254.39,63
2026-08-26T00:05:46.877049+00:00,20260825T235526Z_heavy_c2048_a9ff2b,1,[N/A],[N/A],213,40960,34.28,28
2026-08-26T00:05:46.877049+00:00,20260825T235526Z_heavy_c2048_a9ff2b,2,[N/A],[N/A],213,40960,34.96,29
2026-08-26T00:05:47.981041+00:00,20260825T235526Z_heavy_c2048_a9ff2b,0,[N/A],[N/A],32431,40960,248.01,63
2026-08-26T00:05:47.981041+00:00,20260825T235526Z_heavy_c2048_a9ff2b,1,[N/A],[N/A],213,40960,34.32,28
2026-08-26T00:05:47.981041+00:00,20260825T235526Z_heavy_c2048_a9ff2b,2,[N/A],[N/A],213,40960,34.87,29
2026-08-26T00:05:49.055037+00:00,20260825T235526Z_heavy_c2048_a9ff2b,0,[N/A],[N/A],32431,40960,240.68,64
2026-08-26T00:05:49.055037+00:00,20260825T235526Z_heavy_c2048_a9ff2b,1,[N/A],[N/A],213,40960,34.20,28
2026-08-26T00:05:49.055037+00:00,20260825T235526Z_heavy_c2048_a9ff2b,2,[N/A],[N/A],213,40960,34.87,29
2026-08-26T00:05:50.155045+00:00,20260825T235526Z_heavy_c2048_a9ff2b,0,[N/A],[N/A],32431,40960,245.40,64
2026-08-26T00:05:50.155045+00:00,20260825T235526Z_heavy_c2048_a9ff2b,1,[N/A],[N/A],213,40960,34.31,28
2026-08-26T00:05:50.155045+00:00,20260825T235526Z_heavy_c2048_a9ff2b,2,[N/A],[N/A],213,40960,34.94,29
2026-08-26T00:05:51.265041+00:00,20260825T235526Z_heavy_c2048_a9ff2b,0,[N/A],[N/A],32431,40960,208.98,63
2026-08-26T00:05:51.265041+00:00,20260825T235526Z_heavy_c2048_a9ff2b,1,[N/A],[N/A],213,40960,34.32,28
2026-08-26T00:05:51.265041+00:00,20260825T235526Z_heavy_c2048_a9ff2b,2,[N/A],[N/A],213,40960,34.97,29
2026-08-26T00:05:52.367826+00:00,20260825T235526Z_heavy_c2048_a9ff2b,0,[N/A],[N/A],32431,40960,216.91,63
2026-08-26T00:05:52.367826+00:00,20260825T235526Z_heavy_c2048_a9ff2b,1,[N/A],[N/A],213,40960,34.32,28
2026-08-26T00:05:52.367826+00:00,20260825T235526Z_heavy_c2048_a9ff2b,2,[N/A],[N/A],213,40960,35.06,29
2026-08-26T00:05:53.460121+00:00,20260825T235526Z_heavy_c2048_a9ff2b,0,[N/A],[N/A],32431,40960,202.12,64
2026-08-26T00:05:53.460121+00:00,20260825T235526Z_heavy_c2048_a9ff2b,1,[N/A],[N/A],213,40960,34.40,28
2026-08-26T00:05:53.460121+00:00,20260825T235526Z_heavy_c2048_a9ff2b,2,[N/A],[N/A],213,40960,34.97,29
2026-08-26T00:05:54.543059+00:00,20260825T235526Z_heavy_c2048_a9ff2b,0,[N/A],[N/A],32431,40960,223.46,64
2026-08-26T00:05:54.543059+00:00,20260825T235526Z_heavy_c2048_a9ff2b,1,[N/A],[N/A],213,40960,34.30,28
2026-08-26T00:05:54.543059+00:00,20260825T235526Z_heavy_c2048_a9ff2b,2,[N/A],[N/A],213,40960,34.97,29
2026-08-26T00:05:55.649109+00:00,20260825T235526Z_heavy_c2048_a9ff2b,0,[N/A],[N/A],32431,40960,174.59,62
2026-08-26T00:05:55.649109+00:00,20260825T235526Z_heavy_c2048_a9ff2b,1,[N/A],[N/A],213,40960,34.34,28
2026-08-26T00:05:55.649109+00:00,20260825T235526Z_heavy_c2048_a9ff2b,2,[N/A],[N/A],213,40960,34.98,29
2026-08-26T00:05:56.736046+00:00,20260825T235526Z_heavy_c2048_a9ff2b,0,[N/A],[N/A],32431,40960,195.16,61
2026-08-26T00:05:56.736046+00:00,20260825T235526Z_heavy_c2048_a9ff2b,1,[N/A],[N/A],213,40960,34.53,28
2026-08-26T00:05:56.736046+00:00,20260825T235526Z_heavy_c2048_a9ff2b,2,[N/A],[N/A],213,40960,35.26,29
2026-08-26T00:05:57.843777+00:00,20260825T235526Z_heavy_c2048_a9ff2b,0,[N/A],[N/A],32431,40960,154.62,61
2026-08-26T00:05:57.843777+00:00,20260825T235526Z_heavy_c2048_a9ff2b,1,[N/A],[N/A],213,40960,34.33,28
2026-08-26T00:05:57.843777+00:00,20260825T235526Z_heavy_c2048_a9ff2b,2,[N/A],[N/A],213,40960,34.98,29
2026-08-26T00:05:58.934655+00:00,20260825T235526Z_heavy_c2048_a9ff2b,0,[N/A],[N/A],32431,40960,166.08,61
2026-08-26T00:05:58.934655+00:00,20260825T235526Z_heavy_c2048_a9ff2b,1,[N/A],[N/A],213,40960,34.34,28
2026-08-26T00:05:58.934655+00:00,20260825T235526Z_heavy_c2048_a9ff2b,2,[N/A],[N/A],213,40960,34.99,29
2026-08-26T00:06:00.013832+00:00,20260825T235526Z_heavy_c2048_a9ff2b,0,[N/A],[N/A],32431,40960,154.83,60
2026-08-26T00:06:00.013832+00:00,20260825T235526Z_heavy_c2048_a9ff2b,1,[N/A],[N/A],213,40960,34.32,28
2026-08-26T00:06:00.013832+00:00,20260825T235526Z_heavy_c2048_a9ff2b,2,[N/A],[N/A],213,40960,35.06,29
2026-08-26T00:06:01.107807+00:00,20260825T235526Z_heavy_c2048_a9ff2b,0,[N/A],[N/A],32431,40960,146.44,61
2026-08-26T00:06:01.107807+00:00,20260825T235526Z_heavy_c2048_a9ff2b,1,[N/A],[N/A],213,40960,34.32,28
2026-08-26T00:06:01.107807+00:00,20260825T235526Z_heavy_c2048_a9ff2b,2,[N/A],[N/A],213,40960,34.98,29
2026-08-26T00:06:02.202046+00:00,20260825T235526Z_heavy_c2048_a9ff2b,0,[N/A],[N/A],32431,40960,158.93,60
2026-08-26T00:06:02.202046+00:00,20260825T235526Z_heavy_c2048_a9ff2b,1,[N/A],[N/A],213,40960,34.43,28
2026-08-26T00:06:02.202046+00:00,20260825T235526Z_heavy_c2048_a9ff2b,2,[N/A],[N/A],213,40960,34.99,29
2026-08-26T00:06:03.304303+00:00,20260825T235526Z_heavy_c2048_a9ff2b,0,[N/A],[N/A],32767,40960,206.44,63
2026-08-26T00:06:03.304303+00:00,20260825T235526Z_heavy_c2048_a9ff2b,1,[N/A],[N/A],213,40960,34.39,28
2026-08-26T00:06:03.304303+00:00,20260825T235526Z_heavy_c2048_a9ff2b,2,[N/A],[N/A],213,40960,34.97,29
2026-08-26T00:06:04.398040+00:00,20260825T235526Z_heavy_c2048_a9ff2b,0,[N/A],[N/A],32767,40960,240.95,63
2026-08-26T00:06:04.398040+00:00,20260825T235526Z_heavy_c2048_a9ff2b,1,[N/A],[N/A],213,40960,34.30,28
2026-08-26T00:06:04.398040+00:00,20260825T235526Z_heavy_c2048_a9ff2b,2,[N/A],[N/A],213,40960,34.97,29
2026-08-26T00:06:05.484469+00:00,20260825T235526Z_heavy_c2048_a9ff2b,0,[N/A],[N/A],32767,40960,187.85,63
2026-08-26T00:06:05.484469+00:00,20260825T235526Z_heavy_c2048_a9ff2b,1,[N/A],[N/A],213,40960,34.32,28
2026-08-26T00:06:05.484469+00:00,20260825T235526Z_heavy_c2048_a9ff2b,2,[N/A],[N/A],213,40960,35.05,29
2026-08-26T00:06:06.566051+00:00,20260825T235526Z_heavy_c2048_a9ff2b,0,[N/A],[N/A],32767,40960,252.12,64
2026-08-26T00:06:06.566051+00:00,20260825T235526Z_heavy_c2048_a9ff2b,1,[N/A],[N/A],213,40960,34.32,28
2026-08-26T00:06:06.566051+00:00,20260825T235526Z_heavy_c2048_a9ff2b,2,[N/A],[N/A],213,40960,34.97,29
2026-08-26T00:06:07.651053+00:00,20260825T235526Z_heavy_c2048_a9ff2b,0,[N/A],[N/A],32767,40960,241.39,64
2026-08-26T00:06:07.651053+00:00,20260825T235526Z_heavy_c2048_a9ff2b,1,[N/A],[N/A],213,40960,34.39,28
2026-08-26T00:06:07.651053+00:00,20260825T235526Z_heavy_c2048_a9ff2b,2,[N/A],[N/A],213,40960,35.04,29
2026-08-26T00:06:08.753450+00:00,20260825T235526Z_heavy_c2048_a9ff2b,0,[N/A],[N/A],32767,40960,218.54,63
2026-08-26T00:06:08.753450+00:00,20260825T235526Z_heavy_c2048_a9ff2b,1,[N/A],[N/A],213,40960,34.31,28
2026-08-26T00:06:08.753450+00:00,20260825T235526Z_heavy_c2048_a9ff2b,2,[N/A],[N/A],213,40960,35.06,29
2026-08-26T00:06:09.852653+00:00,20260825T235526Z_heavy_c2048_a9ff2b,0,[N/A],[N/A],32767,40960,245.63,64
2026-08-26T00:06:09.852653+00:00,20260825T235526Z_heavy_c2048_a9ff2b,1,[N/A],[N/A],213,40960,34.42,28
2026-08-26T00:06:09.852653+00:00,20260825T235526Z_heavy_c2048_a9ff2b,2,[N/A],[N/A],213,40960,34.97,29
2026-08-26T00:06:10.933462+00:00,20260825T235526Z_heavy_c2048_a9ff2b,0,[N/A],[N/A],32767,40960,265.48,65
2026-08-26T00:06:10.933462+00:00,20260825T235526Z_heavy_c2048_a9ff2b,1,[N/A],[N/A],213,40960,34.39,28
2026-08-26T00:06:10.933462+00:00,20260825T235526Z_heavy_c2048_a9ff2b,2,[N/A],[N/A],213,40960,34.96,29
2026-08-26T00:06:12.019644+00:00,20260825T235526Z_heavy_c2048_a9ff2b,0,[N/A],[N/A],32767,40960,184.00,62
2026-08-26T00:06:12.019644+00:00,20260825T235526Z_heavy_c2048_a9ff2b,1,[N/A],[N/A],213,40960,34.54,28
2026-08-26T00:06:12.019644+00:00,20260825T235526Z_heavy_c2048_a9ff2b,2,[N/A],[N/A],213,40960,34.87,29
2026-08-26T00:06:13.107045+00:00,20260825T235526Z_heavy_c2048_a9ff2b,0,[N/A],[N/A],32767,40960,170.53,62
2026-08-26T00:06:13.107045+00:00,20260825T235526Z_heavy_c2048_a9ff2b,1,[N/A],[N/A],213,40960,34.34,28
2026-08-26T00:06:13.107045+00:00,20260825T235526Z_heavy_c2048_a9ff2b,2,[N/A],[N/A],213,40960,34.89,29
2026-08-26T00:06:14.200392+00:00,20260825T235526Z_heavy_c2048_a9ff2b,0,[N/A],[N/A],32767,40960,223.61,62
2026-08-26T00:06:14.200392+00:00,20260825T235526Z_heavy_c2048_a9ff2b,1,[N/A],[N/A],213,40960,34.43,28
2026-08-26T00:06:14.200392+00:00,20260825T235526Z_heavy_c2048_a9ff2b,2,[N/A],[N/A],213,40960,34.89,29
2026-08-26T00:06:15.286206+00:00,20260825T235526Z_heavy_c2048_a9ff2b,0,[N/A],[N/A],32767,40960,231.97,62
2026-08-26T00:06:15.286206+00:00,20260825T235526Z_heavy_c2048_a9ff2b,1,[N/A],[N/A],213,40960,34.32,28
2026-08-26T00:06:15.286206+00:00,20260825T235526Z_heavy_c2048_a9ff2b,2,[N/A],[N/A],213,40960,34.97,29
2026-08-26T00:06:16.365042+00:00,20260825T235526Z_heavy_c2048_a9ff2b,0,[N/A],[N/A],32767,40960,154.09,62
2026-08-26T00:06:16.365042+00:00,20260825T235526Z_heavy_c2048_a9ff2b,1,[N/A],[N/A],213,40960,34.42,28
2026-08-26T00:06:16.365042+00:00,20260825T235526Z_heavy_c2048_a9ff2b,2,[N/A],[N/A],213,40960,34.99,29
2026-08-26T00:06:17.433243+00:00,20260825T235526Z_heavy_c2048_a9ff2b,0,[N/A],[N/A],32767,40960,155.12,61
2026-08-26T00:06:17.433243+00:00,20260825T235526Z_heavy_c2048_a9ff2b,1,[N/A],[N/A],213,40960,34.43,28
2026-08-26T00:06:17.433243+00:00,20260825T235526Z_heavy_c2048_a9ff2b,2,[N/A],[N/A],213,40960,35.26,29
2026-08-26T00:06:18.541463+00:00,20260825T235526Z_heavy_c2048_a9ff2b,0,[N/A],[N/A],32767,40960,186.83,61
2026-08-26T00:06:18.541463+00:00,20260825T235526Z_heavy_c2048_a9ff2b,1,[N/A],[N/A],213,40960,34.73,28
2026-08-26T00:06:18.541463+00:00,20260825T235526Z_heavy_c2048_a9ff2b,2,[N/A],[N/A],213,40960,34.97,29
2026-08-26T00:06:19.634677+00:00,20260825T235526Z_heavy_c2048_a9ff2b,0,[N/A],[N/A],32767,40960,166.68,61
2026-08-26T00:06:19.634677+00:00,20260825T235526Z_heavy_c2048_a9ff2b,1,[N/A],[N/A],213,40960,34.54,28
2026-08-26T00:06:19.634677+00:00,20260825T235526Z_heavy_c2048_a9ff2b,2,[N/A],[N/A],213,40960,34.99,29
2026-08-26T00:06:20.735109+00:00,20260825T235526Z_heavy_c2048_a9ff2b,0,[N/A],[N/A],32767,40960,184.90,62
2026-08-26T00:06:20.735109+00:00,20260825T235526Z_heavy_c2048_a9ff2b,1,[N/A],[N/A],213,40960,34.42,28
2026-08-26T00:06:20.735109+00:00,20260825T235526Z_heavy_c2048_a9ff2b,2,[N/A],[N/A],213,40960,35.00,29
2026-08-26T00:06:21.831660+00:00,20260825T235526Z_heavy_c2048_a9ff2b,0,[N/A],[N/A],26375,40960,275.30,63
2026-08-26T00:06:21.831660+00:00,20260825T235526Z_heavy_c2048_a9ff2b,1,[N/A],[N/A],213,40960,34.31,28
2026-08-26T00:06:21.831660+00:00,20260825T235526Z_heavy_c2048_a9ff2b,2,[N/A],[N/A],213,40960,34.97,29
2026-08-26T00:06:22.921038+00:00,20260825T235526Z_heavy_c2048_a9ff2b,0,[N/A],[N/A],26375,40960,276.37,64
2026-08-26T00:06:22.921038+00:00,20260825T235526Z_heavy_c2048_a9ff2b,1,[N/A],[N/A],213,40960,34.39,28
2026-08-26T00:06:22.921038+00:00,20260825T235526Z_heavy_c2048_a9ff2b,2,[N/A],[N/A],213,40960,34.94,29
2026-08-26T00:06:24.028045+00:00,20260825T235526Z_heavy_c2048_a9ff2b,0,[N/A],[N/A],26375,40960,269.67,63
2026-08-26T00:06:24.028045+00:00,20260825T235526Z_heavy_c2048_a9ff2b,1,[N/A],[N/A],213,40960,34.42,28
2026-08-26T00:06:24.028045+00:00,20260825T235526Z_heavy_c2048_a9ff2b,2,[N/A],[N/A],213,40960,34.87,29
2026-08-26T00:06:25.102421+00:00,20260825T235526Z_heavy_c2048_a9ff2b,0,[N/A],[N/A],26375,40960,255.43,64
2026-08-26T00:06:25.102421+00:00,20260825T235526Z_heavy_c2048_a9ff2b,1,[N/A],[N/A],213,40960,34.30,28
2026-08-26T00:06:25.102421+00:00,20260825T235526Z_heavy_c2048_a9ff2b,2,[N/A],[N/A],213,40960,34.97,29
2026-08-26T00:06:26.212422+00:00,20260825T235526Z_heavy_c2048_a9ff2b,0,[N/A],[N/A],26375,40960,237.56,64
2026-08-26T00:06:26.212422+00:00,20260825T235526Z_heavy_c2048_a9ff2b,1,[N/A],[N/A],213,40960,34.39,29
2026-08-26T00:06:26.212422+00:00,20260825T235526Z_heavy_c2048_a9ff2b,2,[N/A],[N/A],213,40960,35.05,29
2026-08-26T00:06:27.299839+00:00,20260825T235526Z_heavy_c2048_a9ff2b,0,[N/A],[N/A],26375,40960,240.40,64
2026-08-26T00:06:27.299839+00:00,20260825T235526Z_heavy_c2048_a9ff2b,1,[N/A],[N/A],213,40960,34.49,29
2026-08-26T00:06:27.299839+00:00,20260825T235526Z_heavy_c2048_a9ff2b,2,[N/A],[N/A],213,40960,35.06,29
2026-08-26T00:06:28.387803+00:00,20260825T235526Z_heavy_c2048_a9ff2b,0,[N/A],[N/A],26375,40960,234.36,64
2026-08-26T00:06:28.387803+00:00,20260825T235526Z_heavy_c2048_a9ff2b,1,[N/A],[N/A],213,40960,34.48,28
2026-08-26T00:06:28.387803+00:00,20260825T235526Z_heavy_c2048_a9ff2b,2,[N/A],[N/A],213,40960,34.94,29
2026-08-26T00:06:29.469174+00:00,20260825T235526Z_heavy_c2048_a9ff2b,0,[N/A],[N/A],26375,40960,240.79,65
2026-08-26T00:06:29.469174+00:00,20260825T235526Z_heavy_c2048_a9ff2b,1,[N/A],[N/A],213,40960,34.41,29
2026-08-26T00:06:29.469174+00:00,20260825T235526Z_heavy_c2048_a9ff2b,2,[N/A],[N/A],213,40960,34.97,29
2026-08-26T00:06:30.547062+00:00,20260825T235526Z_heavy_c2048_a9ff2b,0,[N/A],[N/A],26377,40960,172.11,63
2026-08-26T00:06:30.547062+00:00,20260825T235526Z_heavy_c2048_a9ff2b,1,[N/A],[N/A],213,40960,34.42,29
2026-08-26T00:06:30.547062+00:00,20260825T235526Z_heavy_c2048_a9ff2b,2,[N/A],[N/A],213,40960,34.99,29
2026-08-26T00:06:31.659582+00:00,20260825T235526Z_heavy_c2048_a9ff2b,0,[N/A],[N/A],26377,40960,220.40,62
2026-08-26T00:06:31.659582+00:00,20260825T235526Z_heavy_c2048_a9ff2b,1,[N/A],[N/A],213,40960,34.42,29
2026-08-26T00:06:31.659582+00:00,20260825T235526Z_heavy_c2048_a9ff2b,2,[N/A],[N/A],213,40960,35.06,29
2026-08-26T00:06:32.752382+00:00,20260825T235526Z_heavy_c2048_a9ff2b,0,[N/A],[N/A],26377,40960,197.15,62
2026-08-26T00:06:32.752382+00:00,20260825T235526Z_heavy_c2048_a9ff2b,1,[N/A],[N/A],213,40960,34.44,29
2026-08-26T00:06:32.752382+00:00,20260825T235526Z_heavy_c2048_a9ff2b,2,[N/A],[N/A],213,40960,35.07,29
2026-08-26T00:06:33.830434+00:00,20260825T235526Z_heavy_c2048_a9ff2b,0,[N/A],[N/A],26377,40960,175.12,62
2026-08-26T00:06:33.830434+00:00,20260825T235526Z_heavy_c2048_a9ff2b,1,[N/A],[N/A],213,40960,34.32,29
2026-08-26T00:06:33.830434+00:00,20260825T235526Z_heavy_c2048_a9ff2b,2,[N/A],[N/A],213,40960,35.18,29
2026-08-26T00:06:34.904808+00:00,20260825T235526Z_heavy_c2048_a9ff2b,0,[N/A],[N/A],26377,40960,185.55,62
2026-08-26T00:06:34.904808+00:00,20260825T235526Z_heavy_c2048_a9ff2b,1,[N/A],[N/A],213,40960,34.34,29
2026-08-26T00:06:34.904808+00:00,20260825T235526Z_heavy_c2048_a9ff2b,2,[N/A],[N/A],213,40960,34.88,29
2026-08-26T00:06:35.993917+00:00,20260825T235526Z_heavy_c2048_a9ff2b,0,[N/A],[N/A],26377,40960,232.38,61
2026-08-26T00:06:35.993917+00:00,20260825T235526Z_heavy_c2048_a9ff2b,1,[N/A],[N/A],213,40960,34.44,29
2026-08-26T00:06:35.993917+00:00,20260825T235526Z_heavy_c2048_a9ff2b,2,[N/A],[N/A],213,40960,35.08,29
2026-08-26T00:06:37.099073+00:00,20260825T235526Z_heavy_c2048_a9ff2b,0,[N/A],[N/A],26713,40960,217.90,63
2026-08-26T00:06:37.099073+00:00,20260825T235526Z_heavy_c2048_a9ff2b,1,[N/A],[N/A],213,40960,34.22,29
2026-08-26T00:06:37.099073+00:00,20260825T235526Z_heavy_c2048_a9ff2b,2,[N/A],[N/A],213,40960,35.06,29
2026-08-26T00:06:38.192167+00:00,20260825T235526Z_heavy_c2048_a9ff2b,0,[N/A],[N/A],26713,40960,248.83,63
2026-08-26T00:06:38.192167+00:00,20260825T235526Z_heavy_c2048_a9ff2b,1,[N/A],[N/A],213,40960,34.39,29
2026-08-26T00:06:38.192167+00:00,20260825T235526Z_heavy_c2048_a9ff2b,2,[N/A],[N/A],213,40960,34.94,29
2026-08-26T00:06:39.287043+00:00,20260825T235526Z_heavy_c2048_a9ff2b,0,[N/A],[N/A],26713,40960,217.87,63
2026-08-26T00:06:39.287043+00:00,20260825T235526Z_heavy_c2048_a9ff2b,1,[N/A],[N/A],213,40960,34.32,29
2026-08-26T00:06:39.287043+00:00,20260825T235526Z_heavy_c2048_a9ff2b,2,[N/A],[N/A],213,40960,34.97,29
2026-08-26T00:06:40.386909+00:00,20260825T235526Z_heavy_c2048_a9ff2b,0,[N/A],[N/A],26713,40960,221.55,64
2026-08-26T00:06:40.386909+00:00,20260825T235526Z_heavy_c2048_a9ff2b,1,[N/A],[N/A],213,40960,34.30,29
2026-08-26T00:06:40.386909+00:00,20260825T235526Z_heavy_c2048_a9ff2b,2,[N/A],[N/A],213,40960,34.97,29
2026-08-26T00:06:41.484040+00:00,20260825T235526Z_heavy_c2048_a9ff2b,0,[N/A],[N/A],26713,40960,183.20,64
2026-08-26T00:06:41.484040+00:00,20260825T235526Z_heavy_c2048_a9ff2b,1,[N/A],[N/A],213,40960,34.40,29
2026-08-26T00:06:41.484040+00:00,20260825T235526Z_heavy_c2048_a9ff2b,2,[N/A],[N/A],213,40960,34.98,29
2026-08-26T00:06:42.563279+00:00,20260825T235526Z_heavy_c2048_a9ff2b,0,[N/A],[N/A],26713,40960,239.99,63
2026-08-26T00:06:42.563279+00:00,20260825T235526Z_heavy_c2048_a9ff2b,1,[N/A],[N/A],213,40960,34.40,29
2026-08-26T00:06:42.563279+00:00,20260825T235526Z_heavy_c2048_a9ff2b,2,[N/A],[N/A],213,40960,35.04,29
2026-08-26T00:06:43.663430+00:00,20260825T235526Z_heavy_c2048_a9ff2b,0,[N/A],[N/A],26713,40960,209.01,64
2026-08-26T00:06:43.663430+00:00,20260825T235526Z_heavy_c2048_a9ff2b,1,[N/A],[N/A],213,40960,34.30,29
2026-08-26T00:06:43.663430+00:00,20260825T235526Z_heavy_c2048_a9ff2b,2,[N/A],[N/A],213,40960,34.94,29
2026-08-26T00:06:44.762708+00:00,20260825T235526Z_heavy_c2048_a9ff2b,0,[N/A],[N/A],26713,40960,279.59,65
2026-08-26T00:06:44.762708+00:00,20260825T235526Z_heavy_c2048_a9ff2b,1,[N/A],[N/A],213,40960,34.49,29
2026-08-26T00:06:44.762708+00:00,20260825T235526Z_heavy_c2048_a9ff2b,2,[N/A],[N/A],213,40960,34.94,29
2026-08-26T00:06:45.877171+00:00,20260825T235526Z_heavy_c2048_a9ff2b,0,[N/A],[N/A],26713,40960,153.06,62
2026-08-26T00:06:45.877171+00:00,20260825T235526Z_heavy_c2048_a9ff2b,1,[N/A],[N/A],213,40960,34.42,29
2026-08-26T00:06:45.877171+00:00,20260825T235526Z_heavy_c2048_a9ff2b,2,[N/A],[N/A],213,40960,34.99,29
2026-08-26T00:06:46.974040+00:00,20260825T235526Z_heavy_c2048_a9ff2b,0,[N/A],[N/A],26713,40960,182.25,62
2026-08-26T00:06:46.974040+00:00,20260825T235526Z_heavy_c2048_a9ff2b,1,[N/A],[N/A],213,40960,34.42,29
2026-08-26T00:06:46.974040+00:00,20260825T235526Z_heavy_c2048_a9ff2b,2,[N/A],[N/A],213,40960,34.97,29
2026-08-26T00:06:48.049560+00:00,20260825T235526Z_heavy_c2048_a9ff2b,0,[N/A],[N/A],26713,40960,188.67,63
2026-08-26T00:06:48.049560+00:00,20260825T235526Z_heavy_c2048_a9ff2b,1,[N/A],[N/A],213,40960,34.31,29
2026-08-26T00:06:48.049560+00:00,20260825T235526Z_heavy_c2048_a9ff2b,2,[N/A],[N/A],213,40960,34.97,29
2026-08-26T00:06:49.121442+00:00,20260825T235526Z_heavy_c2048_a9ff2b,0,[N/A],[N/A],27049,40960,274.92,64
2026-08-26T00:06:49.121442+00:00,20260825T235526Z_heavy_c2048_a9ff2b,1,[N/A],[N/A],213,40960,34.42,29
2026-08-26T00:06:49.121442+00:00,20260825T235526Z_heavy_c2048_a9ff2b,2,[N/A],[N/A],213,40960,34.87,29
2026-08-26T00:06:50.226502+00:00,20260825T235526Z_heavy_c2048_a9ff2b,0,[N/A],[N/A],27049,40960,278.90,64
2026-08-26T00:06:50.226502+00:00,20260825T235526Z_heavy_c2048_a9ff2b,1,[N/A],[N/A],213,40960,34.31,29
2026-08-26T00:06:50.226502+00:00,20260825T235526Z_heavy_c2048_a9ff2b,2,[N/A],[N/A],213,40960,34.97,29
2026-08-26T00:06:51.314051+00:00,20260825T235526Z_heavy_c2048_a9ff2b,0,[N/A],[N/A],27049,40960,261.01,64
2026-08-26T00:06:51.314051+00:00,20260825T235526Z_heavy_c2048_a9ff2b,1,[N/A],[N/A],213,40960,34.30,29
2026-08-26T00:06:51.314051+00:00,20260825T235526Z_heavy_c2048_a9ff2b,2,[N/A],[N/A],213,40960,35.06,29
2026-08-26T00:06:52.400049+00:00,20260825T235526Z_heavy_c2048_a9ff2b,0,[N/A],[N/A],27049,40960,229.65,64
2026-08-26T00:06:52.400049+00:00,20260825T235526Z_heavy_c2048_a9ff2b,1,[N/A],[N/A],213,40960,34.42,29
2026-08-26T00:06:52.400049+00:00,20260825T235526Z_heavy_c2048_a9ff2b,2,[N/A],[N/A],213,40960,35.06,29
2026-08-26T00:06:53.476676+00:00,20260825T235526Z_heavy_c2048_a9ff2b,0,[N/A],[N/A],27049,40960,256.32,64
2026-08-26T00:06:53.476676+00:00,20260825T235526Z_heavy_c2048_a9ff2b,1,[N/A],[N/A],213,40960,34.32,29
2026-08-26T00:06:53.476676+00:00,20260825T235526Z_heavy_c2048_a9ff2b,2,[N/A],[N/A],213,40960,34.97,29
2026-08-26T00:06:54.574049+00:00,20260825T235526Z_heavy_c2048_a9ff2b,0,[N/A],[N/A],27049,40960,139.27,62
2026-08-26T00:06:54.574049+00:00,20260825T235526Z_heavy_c2048_a9ff2b,1,[N/A],[N/A],213,40960,34.35,29
2026-08-26T00:06:54.574049+00:00,20260825T235526Z_heavy_c2048_a9ff2b,2,[N/A],[N/A],213,40960,34.99,29
2026-08-26T00:06:55.648913+00:00,20260825T235526Z_heavy_c2048_a9ff2b,0,[N/A],[N/A],27049,40960,189.80,62
2026-08-26T00:06:55.648913+00:00,20260825T235526Z_heavy_c2048_a9ff2b,1,[N/A],[N/A],213,40960,34.42,29
2026-08-26T00:06:55.648913+00:00,20260825T235526Z_heavy_c2048_a9ff2b,2,[N/A],[N/A],213,40960,34.89,29
2026-08-26T00:06:56.733211+00:00,20260825T235526Z_heavy_c2048_a9ff2b,0,[N/A],[N/A],27049,40960,208.05,62
2026-08-26T00:06:56.733211+00:00,20260825T235526Z_heavy_c2048_a9ff2b,1,[N/A],[N/A],213,40960,34.51,29
2026-08-26T00:06:56.733211+00:00,20260825T235526Z_heavy_c2048_a9ff2b,2,[N/A],[N/A],213,40960,34.89,29
2026-08-26T00:06:57.804546+00:00,20260825T235526Z_heavy_c2048_a9ff2b,0,[N/A],[N/A],27049,40960,180.98,61
2026-08-26T00:06:57.804546+00:00,20260825T235526Z_heavy_c2048_a9ff2b,1,[N/A],[N/A],213,40960,34.72,29
2026-08-26T00:06:57.804546+00:00,20260825T235526Z_heavy_c2048_a9ff2b,2,[N/A],[N/A],213,40960,34.97,29
2026-08-26T00:06:58.908111+00:00,20260825T235526Z_heavy_c2048_a9ff2b,0,[N/A],[N/A],27049,40960,205.73,62
2026-08-26T00:06:58.908111+00:00,20260825T235526Z_heavy_c2048_a9ff2b,1,[N/A],[N/A],213,40960,34.31,29
2026-08-26T00:06:58.908111+00:00,20260825T235526Z_heavy_c2048_a9ff2b,2,[N/A],[N/A],213,40960,34.99,29
2026-08-26T00:06:59.993263+00:00,20260825T235526Z_heavy_c2048_a9ff2b,0,[N/A],[N/A],27049,40960,167.30,62
2026-08-26T00:06:59.993263+00:00,20260825T235526Z_heavy_c2048_a9ff2b,1,[N/A],[N/A],213,40960,34.42,29
2026-08-26T00:06:59.993263+00:00,20260825T235526Z_heavy_c2048_a9ff2b,2,[N/A],[N/A],213,40960,34.97,29
2026-08-26T00:07:01.083761+00:00,20260825T235526Z_heavy_c2048_a9ff2b,0,[N/A],[N/A],27049,40960,207.22,62
2026-08-26T00:07:01.083761+00:00,20260825T235526Z_heavy_c2048_a9ff2b,1,[N/A],[N/A],213,40960,34.51,29
2026-08-26T00:07:01.083761+00:00,20260825T235526Z_heavy_c2048_a9ff2b,2,[N/A],[N/A],213,40960,34.99,29
2026-08-26T00:07:02.168898+00:00,20260825T235526Z_heavy_c2048_a9ff2b,0,[N/A],[N/A],27049,40960,211.21,62
2026-08-26T00:07:02.168898+00:00,20260825T235526Z_heavy_c2048_a9ff2b,1,[N/A],[N/A],213,40960,34.40,29
2026-08-26T00:07:02.168898+00:00,20260825T235526Z_heavy_c2048_a9ff2b,2,[N/A],[N/A],213,40960,35.18,29
2026-08-26T00:07:03.261050+00:00,20260825T235526Z_heavy_c2048_a9ff2b,0,[N/A],[N/A],27049,40960,173.37,62
2026-08-26T00:07:03.261050+00:00,20260825T235526Z_heavy_c2048_a9ff2b,1,[N/A],[N/A],213,40960,34.42,29
2026-08-26T00:07:03.261050+00:00,20260825T235526Z_heavy_c2048_a9ff2b,2,[N/A],[N/A],213,40960,35.28,29
2026-08-26T00:07:04.334299+00:00,20260825T235526Z_heavy_c2048_a9ff2b,0,[N/A],[N/A],27049,40960,218.79,62
2026-08-26T00:07:04.334299+00:00,20260825T235526Z_heavy_c2048_a9ff2b,1,[N/A],[N/A],213,40960,34.32,29
2026-08-26T00:07:04.334299+00:00,20260825T235526Z_heavy_c2048_a9ff2b,2,[N/A],[N/A],213,40960,34.97,29
2026-08-26T00:07:05.400045+00:00,20260825T235526Z_heavy_c2048_a9ff2b,0,[N/A],[N/A],27049,40960,219.85,62
2026-08-26T00:07:05.400045+00:00,20260825T235526Z_heavy_c2048_a9ff2b,1,[N/A],[N/A],213,40960,34.43,29
2026-08-26T00:07:05.400045+00:00,20260825T235526Z_heavy_c2048_a9ff2b,2,[N/A],[N/A],213,40960,34.97,29
2026-08-26T00:07:06.504822+00:00,20260825T235526Z_heavy_c2048_a9ff2b,0,[N/A],[N/A],27049,40960,193.31,61
2026-08-26T00:07:06.504822+00:00,20260825T235526Z_heavy_c2048_a9ff2b,1,[N/A],[N/A],213,40960,34.44,29
2026-08-26T00:07:06.504822+00:00,20260825T235526Z_heavy_c2048_a9ff2b,2,[N/A],[N/A],213,40960,35.09,29
2026-08-26T00:07:07.600202+00:00,20260825T235526Z_heavy_c2048_a9ff2b,0,[N/A],[N/A],27049,40960,199.16,61
2026-08-26T00:07:07.600202+00:00,20260825T235526Z_heavy_c2048_a9ff2b,1,[N/A],[N/A],213,40960,34.52,29
2026-08-26T00:07:07.600202+00:00,20260825T235526Z_heavy_c2048_a9ff2b,2,[N/A],[N/A],213,40960,35.06,29
2026-08-26T00:07:08.670730+00:00,20260825T235526Z_heavy_c2048_a9ff2b,0,[N/A],[N/A],27385,40960,264.32,63
2026-08-26T00:07:08.670730+00:00,20260825T235526Z_heavy_c2048_a9ff2b,1,[N/A],[N/A],213,40960,34.41,29
2026-08-26T00:07:08.670730+00:00,20260825T235526Z_heavy_c2048_a9ff2b,2,[N/A],[N/A],213,40960,35.06,29
2026-08-26T00:07:09.752829+00:00,20260825T235526Z_heavy_c2048_a9ff2b,0,[N/A],[N/A],27385,40960,233.27,63
2026-08-26T00:07:09.752829+00:00,20260825T235526Z_heavy_c2048_a9ff2b,1,[N/A],[N/A],213,40960,34.42,29
2026-08-26T00:07:09.752829+00:00,20260825T235526Z_heavy_c2048_a9ff2b,2,[N/A],[N/A],213,40960,34.97,29
2026-08-26T00:07:10.857205+00:00,20260825T235526Z_heavy_c2048_a9ff2b,0,[N/A],[N/A],27385,40960,236.86,64
2026-08-26T00:07:10.857205+00:00,20260825T235526Z_heavy_c2048_a9ff2b,1,[N/A],[N/A],213,40960,34.39,29
2026-08-26T00:07:10.857205+00:00,20260825T235526Z_heavy_c2048_a9ff2b,2,[N/A],[N/A],213,40960,35.16,29
2026-08-26T00:07:11.928176+00:00,20260825T235526Z_heavy_c2048_a9ff2b,0,[N/A],[N/A],27385,40960,197.03,63
2026-08-26T00:07:11.928176+00:00,20260825T235526Z_heavy_c2048_a9ff2b,1,[N/A],[N/A],213,40960,34.30,29
2026-08-26T00:07:11.928176+00:00,20260825T235526Z_heavy_c2048_a9ff2b,2,[N/A],[N/A],213,40960,35.16,29
2026-08-26T00:07:13.003344+00:00,20260825T235526Z_heavy_c2048_a9ff2b,0,[N/A],[N/A],27385,40960,258.36,64
2026-08-26T00:07:13.003344+00:00,20260825T235526Z_heavy_c2048_a9ff2b,1,[N/A],[N/A],213,40960,34.39,29
2026-08-26T00:07:13.003344+00:00,20260825T235526Z_heavy_c2048_a9ff2b,2,[N/A],[N/A],213,40960,35.16,29
2026-08-26T00:07:14.099044+00:00,20260825T235526Z_heavy_c2048_a9ff2b,0,[N/A],[N/A],27385,40960,245.78,64
2026-08-26T00:07:14.099044+00:00,20260825T235526Z_heavy_c2048_a9ff2b,1,[N/A],[N/A],213,40960,34.68,29
2026-08-26T00:07:14.099044+00:00,20260825T235526Z_heavy_c2048_a9ff2b,2,[N/A],[N/A],213,40960,35.34,29
2026-08-26T00:07:15.184507+00:00,20260825T235526Z_heavy_c2048_a9ff2b,0,[N/A],[N/A],27385,40960,224.71,64
2026-08-26T00:07:15.184507+00:00,20260825T235526Z_heavy_c2048_a9ff2b,1,[N/A],[N/A],213,40960,34.39,29
2026-08-26T00:07:15.184507+00:00,20260825T235526Z_heavy_c2048_a9ff2b,2,[N/A],[N/A],213,40960,35.06,29
2026-08-26T00:07:16.271878+00:00,20260825T235526Z_heavy_c2048_a9ff2b,0,[N/A],[N/A],27385,40960,250.06,64
2026-08-26T00:07:16.271878+00:00,20260825T235526Z_heavy_c2048_a9ff2b,1,[N/A],[N/A],213,40960,34.39,29
2026-08-26T00:07:16.271878+00:00,20260825T235526Z_heavy_c2048_a9ff2b,2,[N/A],[N/A],213,40960,35.15,29
2026-08-26T00:07:17.354171+00:00,20260825T235526Z_heavy_c2048_a9ff2b,0,[N/A],[N/A],27385,40960,222.38,64
2026-08-26T00:07:17.354171+00:00,20260825T235526Z_heavy_c2048_a9ff2b,1,[N/A],[N/A],213,40960,34.39,29
2026-08-26T00:07:17.354171+00:00,20260825T235526Z_heavy_c2048_a9ff2b,2,[N/A],[N/A],213,40960,34.85,29
2026-08-26T00:07:18.427540+00:00,20260825T235526Z_heavy_c2048_a9ff2b,0,[N/A],[N/A],27385,40960,163.83,62
2026-08-26T00:07:18.427540+00:00,20260825T235526Z_heavy_c2048_a9ff2b,1,[N/A],[N/A],213,40960,34.43,29
2026-08-26T00:07:18.427540+00:00,20260825T235526Z_heavy_c2048_a9ff2b,2,[N/A],[N/A],213,40960,35.06,29
2026-08-26T00:07:19.521598+00:00,20260825T235526Z_heavy_c2048_a9ff2b,0,[N/A],[N/A],27385,40960,163.78,62
2026-08-26T00:07:19.521598+00:00,20260825T235526Z_heavy_c2048_a9ff2b,1,[N/A],[N/A],213,40960,34.54,29
2026-08-26T00:07:19.521598+00:00,20260825T235526Z_heavy_c2048_a9ff2b,2,[N/A],[N/A],213,40960,34.99,29
2026-08-26T00:07:20.625058+00:00,20260825T235526Z_heavy_c2048_a9ff2b,0,[N/A],[N/A],27385,40960,169.61,62
2026-08-26T00:07:20.625058+00:00,20260825T235526Z_heavy_c2048_a9ff2b,1,[N/A],[N/A],213,40960,34.42,29
2026-08-26T00:07:20.625058+00:00,20260825T235526Z_heavy_c2048_a9ff2b,2,[N/A],[N/A],213,40960,35.08,29
2026-08-26T00:07:21.742901+00:00,20260825T235526Z_heavy_c2048_a9ff2b,0,[N/A],[N/A],27385,40960,169.37,62
2026-08-26T00:07:21.742901+00:00,20260825T235526Z_heavy_c2048_a9ff2b,1,[N/A],[N/A],213,40960,34.44,29
2026-08-26T00:07:21.742901+00:00,20260825T235526Z_heavy_c2048_a9ff2b,2,[N/A],[N/A],213,40960,35.09,29
2026-08-26T00:07:22.840324+00:00,20260825T235526Z_heavy_c2048_a9ff2b,0,[N/A],[N/A],27385,40960,217.66,62
2026-08-26T00:07:22.840324+00:00,20260825T235526Z_heavy_c2048_a9ff2b,1,[N/A],[N/A],213,40960,34.44,29
2026-08-26T00:07:22.840324+00:00,20260825T235526Z_heavy_c2048_a9ff2b,2,[N/A],[N/A],213,40960,34.99,29
2026-08-26T00:07:23.910938+00:00,20260825T235526Z_heavy_c2048_a9ff2b,0,[N/A],[N/A],27385,40960,222.07,61
2026-08-26T00:07:23.910938+00:00,20260825T235526Z_heavy_c2048_a9ff2b,1,[N/A],[N/A],213,40960,34.42,29
2026-08-26T00:07:23.910938+00:00,20260825T235526Z_heavy_c2048_a9ff2b,2,[N/A],[N/A],213,40960,34.89,29
2026-08-26T00:07:24.994735+00:00,20260825T235526Z_heavy_c2048_a9ff2b,0,[N/A],[N/A],27385,40960,91.52,62
2026-08-26T00:07:24.994735+00:00,20260825T235526Z_heavy_c2048_a9ff2b,1,[N/A],[N/A],213,40960,34.32,29
2026-08-26T00:07:24.994735+00:00,20260825T235526Z_heavy_c2048_a9ff2b,2,[N/A],[N/A],213,40960,34.97,29
2026-08-26T00:07:26.084920+00:00,20260825T235526Z_heavy_c2048_a9ff2b,0,[N/A],[N/A],27385,40960,185.72,62
2026-08-26T00:07:26.084920+00:00,20260825T235526Z_heavy_c2048_a9ff2b,1,[N/A],[N/A],213,40960,34.43,29
2026-08-26T00:07:26.084920+00:00,20260825T235526Z_heavy_c2048_a9ff2b,2,[N/A],[N/A],213,40960,34.89,29
2026-08-26T00:07:27.178045+00:00,20260825T235526Z_heavy_c2048_a9ff2b,0,[N/A],[N/A],27385,40960,154.78,61
2026-08-26T00:07:27.178045+00:00,20260825T235526Z_heavy_c2048_a9ff2b,1,[N/A],[N/A],213,40960,34.51,29
2026-08-26T00:07:27.178045+00:00,20260825T235526Z_heavy_c2048_a9ff2b,2,[N/A],[N/A],213,40960,34.99,29
2026-08-26T00:07:28.255453+00:00,20260825T235526Z_heavy_c2048_a9ff2b,0,[N/A],[N/A],27385,40960,198.50,61
2026-08-26T00:07:28.255453+00:00,20260825T235526Z_heavy_c2048_a9ff2b,1,[N/A],[N/A],213,40960,34.84,29
2026-08-26T00:07:28.255453+00:00,20260825T235526Z_heavy_c2048_a9ff2b,2,[N/A],[N/A],213,40960,34.97,29
2026-08-26T00:07:29.338051+00:00,20260825T235526Z_heavy_c2048_a9ff2b,0,[N/A],[N/A],27721,40960,227.48,63
2026-08-26T00:07:29.338051+00:00,20260825T235526Z_heavy_c2048_a9ff2b,1,[N/A],[N/A],213,40960,34.42,29
2026-08-26T00:07:29.338051+00:00,20260825T235526Z_heavy_c2048_a9ff2b,2,[N/A],[N/A],213,40960,34.87,29
2026-08-26T00:07:30.430256+00:00,20260825T235526Z_heavy_c2048_a9ff2b,0,[N/A],[N/A],27721,40960,261.60,63
2026-08-26T00:07:30.430256+00:00,20260825T235526Z_heavy_c2048_a9ff2b,1,[N/A],[N/A],213,40960,34.39,29
2026-08-26T00:07:30.430256+00:00,20260825T235526Z_heavy_c2048_a9ff2b,2,[N/A],[N/A],213,40960,35.06,29
2026-08-26T00:07:31.526186+00:00,20260825T235526Z_heavy_c2048_a9ff2b,0,[N/A],[N/A],27721,40960,254.76,64
2026-08-26T00:07:31.526186+00:00,20260825T235526Z_heavy_c2048_a9ff2b,1,[N/A],[N/A],213,40960,34.40,29
2026-08-26T00:07:31.526186+00:00,20260825T235526Z_heavy_c2048_a9ff2b,2,[N/A],[N/A],213,40960,34.95,29
2026-08-26T00:07:32.614351+00:00,20260825T235526Z_heavy_c2048_a9ff2b,0,[N/A],[N/A],27721,40960,250.88,64
2026-08-26T00:07:32.614351+00:00,20260825T235526Z_heavy_c2048_a9ff2b,1,[N/A],[N/A],213,40960,34.60,29
2026-08-26T00:07:32.614351+00:00,20260825T235526Z_heavy_c2048_a9ff2b,2,[N/A],[N/A],213,40960,34.95,29
2026-08-26T00:07:33.713037+00:00,20260825T235526Z_heavy_c2048_a9ff2b,0,[N/A],[N/A],27721,40960,216.72,64
2026-08-26T00:07:33.713037+00:00,20260825T235526Z_heavy_c2048_a9ff2b,1,[N/A],[N/A],213,40960,34.50,29
2026-08-26T00:07:33.713037+00:00,20260825T235526Z_heavy_c2048_a9ff2b,2,[N/A],[N/A],213,40960,35.06,29
2026-08-26T00:07:34.807052+00:00,20260825T235526Z_heavy_c2048_a9ff2b,0,[N/A],[N/A],27721,40960,240.11,64
2026-08-26T00:07:34.807052+00:00,20260825T235526Z_heavy_c2048_a9ff2b,1,[N/A],[N/A],213,40960,34.40,29
2026-08-26T00:07:34.807052+00:00,20260825T235526Z_heavy_c2048_a9ff2b,2,[N/A],[N/A],213,40960,35.06,29
2026-08-26T00:07:35.878733+00:00,20260825T235526Z_heavy_c2048_a9ff2b,0,[N/A],[N/A],27721,40960,259.07,64
2026-08-26T00:07:35.878733+00:00,20260825T235526Z_heavy_c2048_a9ff2b,1,[N/A],[N/A],213,40960,34.61,29
2026-08-26T00:07:35.878733+00:00,20260825T235526Z_heavy_c2048_a9ff2b,2,[N/A],[N/A],213,40960,35.37,29
2026-08-26T00:07:36.992202+00:00,20260825T235526Z_heavy_c2048_a9ff2b,0,[N/A],[N/A],27721,40960,240.78,64
2026-08-26T00:07:36.992202+00:00,20260825T235526Z_heavy_c2048_a9ff2b,1,[N/A],[N/A],213,40960,34.70,29
2026-08-26T00:07:36.992202+00:00,20260825T235526Z_heavy_c2048_a9ff2b,2,[N/A],[N/A],213,40960,35.36,29
2026-08-26T00:07:38.090040+00:00,20260825T235526Z_heavy_c2048_a9ff2b,0,[N/A],[N/A],27723,40960,172.44,62
2026-08-26T00:07:38.090040+00:00,20260825T235526Z_heavy_c2048_a9ff2b,1,[N/A],[N/A],213,40960,34.93,29
2026-08-26T00:07:38.090040+00:00,20260825T235526Z_heavy_c2048_a9ff2b,2,[N/A],[N/A],213,40960,34.98,29
2026-08-26T00:07:39.184052+00:00,20260825T235526Z_heavy_c2048_a9ff2b,0,[N/A],[N/A],27723,40960,139.90,62
2026-08-26T00:07:39.184052+00:00,20260825T235526Z_heavy_c2048_a9ff2b,1,[N/A],[N/A],213,40960,34.42,29
2026-08-26T00:07:39.184052+00:00,20260825T235526Z_heavy_c2048_a9ff2b,2,[N/A],[N/A],213,40960,34.99,29
2026-08-26T00:07:40.284042+00:00,20260825T235526Z_heavy_c2048_a9ff2b,0,[N/A],[N/A],27723,40960,191.18,62
2026-08-26T00:07:40.284042+00:00,20260825T235526Z_heavy_c2048_a9ff2b,1,[N/A],[N/A],213,40960,34.52,29
2026-08-26T00:07:40.284042+00:00,20260825T235526Z_heavy_c2048_a9ff2b,2,[N/A],[N/A],213,40960,35.06,29
2026-08-26T00:07:41.358133+00:00,20260825T235526Z_heavy_c2048_a9ff2b,0,[N/A],[N/A],27723,40960,183.32,62
2026-08-26T00:07:41.358133+00:00,20260825T235526Z_heavy_c2048_a9ff2b,1,[N/A],[N/A],213,40960,34.42,29
2026-08-26T00:07:41.358133+00:00,20260825T235526Z_heavy_c2048_a9ff2b,2,[N/A],[N/A],213,40960,35.07,29
2026-08-26T00:07:42.443238+00:00,20260825T235526Z_heavy_c2048_a9ff2b,0,[N/A],[N/A],27723,40960,177.13,62
2026-08-26T00:07:42.443238+00:00,20260825T235526Z_heavy_c2048_a9ff2b,1,[N/A],[N/A],213,40960,34.42,29
2026-08-26T00:07:42.443238+00:00,20260825T235526Z_heavy_c2048_a9ff2b,2,[N/A],[N/A],213,40960,35.36,29
2026-08-26T00:07:43.511043+00:00,20260825T235526Z_heavy_c2048_a9ff2b,0,[N/A],[N/A],28059,40960,228.65,63
2026-08-26T00:07:43.511043+00:00,20260825T235526Z_heavy_c2048_a9ff2b,1,[N/A],[N/A],213,40960,34.10,29
2026-08-26T00:07:43.511043+00:00,20260825T235526Z_heavy_c2048_a9ff2b,2,[N/A],[N/A],213,40960,35.06,29
2026-08-26T00:07:44.606121+00:00,20260825T235526Z_heavy_c2048_a9ff2b,0,[N/A],[N/A],28059,40960,224.54,63
2026-08-26T00:07:44.606121+00:00,20260825T235526Z_heavy_c2048_a9ff2b,1,[N/A],[N/A],213,40960,34.39,29
2026-08-26T00:07:44.606121+00:00,20260825T235526Z_heavy_c2048_a9ff2b,2,[N/A],[N/A],213,40960,35.07,29
2026-08-26T00:07:45.687059+00:00,20260825T235526Z_heavy_c2048_a9ff2b,0,[N/A],[N/A],28059,40960,219.90,64
2026-08-26T00:07:45.687059+00:00,20260825T235526Z_heavy_c2048_a9ff2b,1,[N/A],[N/A],213,40960,34.30,29
2026-08-26T00:07:45.687059+00:00,20260825T235526Z_heavy_c2048_a9ff2b,2,[N/A],[N/A],213,40960,35.06,29
2026-08-26T00:07:46.765472+00:00,20260825T235526Z_heavy_c2048_a9ff2b,0,[N/A],[N/A],28059,40960,246.84,64
2026-08-26T00:07:46.765472+00:00,20260825T235526Z_heavy_c2048_a9ff2b,1,[N/A],[N/A],213,40960,34.39,29
2026-08-26T00:07:46.765472+00:00,20260825T235526Z_heavy_c2048_a9ff2b,2,[N/A],[N/A],213,40960,35.06,29
2026-08-26T00:07:47.867484+00:00,20260825T235526Z_heavy_c2048_a9ff2b,0,[N/A],[N/A],28059,40960,208.46,64
2026-08-26T00:07:47.867484+00:00,20260825T235526Z_heavy_c2048_a9ff2b,1,[N/A],[N/A],213,40960,34.42,29
2026-08-26T00:07:47.867484+00:00,20260825T235526Z_heavy_c2048_a9ff2b,2,[N/A],[N/A],213,40960,34.95,29
2026-08-26T00:07:48.953446+00:00,20260825T235526Z_heavy_c2048_a9ff2b,0,[N/A],[N/A],28059,40960,189.71,64
2026-08-26T00:07:48.953446+00:00,20260825T235526Z_heavy_c2048_a9ff2b,1,[N/A],[N/A],213,40960,34.42,29
2026-08-26T00:07:48.953446+00:00,20260825T235526Z_heavy_c2048_a9ff2b,2,[N/A],[N/A],213,40960,35.16,29
2026-08-26T00:07:50.045224+00:00,20260825T235526Z_heavy_c2048_a9ff2b,0,[N/A],[N/A],28059,40960,254.49,65
2026-08-26T00:07:50.045224+00:00,20260825T235526Z_heavy_c2048_a9ff2b,1,[N/A],[N/A],213,40960,34.39,29
2026-08-26T00:07:50.045224+00:00,20260825T235526Z_heavy_c2048_a9ff2b,2,[N/A],[N/A],213,40960,35.04,29
2026-08-26T00:07:51.113228+00:00,20260825T235526Z_heavy_c2048_a9ff2b,0,[N/A],[N/A],28059,40960,231.88,64
2026-08-26T00:07:51.113228+00:00,20260825T235526Z_heavy_c2048_a9ff2b,1,[N/A],[N/A],213,40960,34.40,29
2026-08-26T00:07:51.113228+00:00,20260825T235526Z_heavy_c2048_a9ff2b,2,[N/A],[N/A],213,40960,34.97,29
2026-08-26T00:07:52.212041+00:00,20260825T235526Z_heavy_c2048_a9ff2b,0,[N/A],[N/A],28063,40960,177.68,63
2026-08-26T00:07:52.212041+00:00,20260825T235526Z_heavy_c2048_a9ff2b,1,[N/A],[N/A],213,40960,34.44,29
2026-08-26T00:07:52.212041+00:00,20260825T235526Z_heavy_c2048_a9ff2b,2,[N/A],[N/A],213,40960,35.09,29
2026-08-26T00:07:53.302082+00:00,20260825T235526Z_heavy_c2048_a9ff2b,0,[N/A],[N/A],28063,40960,182.56,63
2026-08-26T00:07:53.302082+00:00,20260825T235526Z_heavy_c2048_a9ff2b,1,[N/A],[N/A],213,40960,34.63,29
2026-08-26T00:07:53.302082+00:00,20260825T235526Z_heavy_c2048_a9ff2b,2,[N/A],[N/A],213,40960,35.09,29
2026-08-26T00:07:54.367871+00:00,20260825T235526Z_heavy_c2048_a9ff2b,0,[N/A],[N/A],28063,40960,155.04,63
2026-08-26T00:07:54.367871+00:00,20260825T235526Z_heavy_c2048_a9ff2b,1,[N/A],[N/A],213,40960,34.34,29
2026-08-26T00:07:54.367871+00:00,20260825T235526Z_heavy_c2048_a9ff2b,2,[N/A],[N/A],213,40960,35.06,29
2026-08-26T00:07:55.439299+00:00,20260825T235526Z_heavy_c2048_a9ff2b,0,[N/A],[N/A],28063,40960,187.23,62
2026-08-26T00:07:55.439299+00:00,20260825T235526Z_heavy_c2048_a9ff2b,1,[N/A],[N/A],213,40960,34.31,29
2026-08-26T00:07:55.439299+00:00,20260825T235526Z_heavy_c2048_a9ff2b,2,[N/A],[N/A],213,40960,34.97,29
2026-08-26T00:07:56.537041+00:00,20260825T235526Z_heavy_c2048_a9ff2b,0,[N/A],[N/A],28063,40960,174.01,62
2026-08-26T00:07:56.537041+00:00,20260825T235526Z_heavy_c2048_a9ff2b,1,[N/A],[N/A],213,40960,34.44,29
2026-08-26T00:07:56.537041+00:00,20260825T235526Z_heavy_c2048_a9ff2b,2,[N/A],[N/A],213,40960,35.06,29
2026-08-26T00:07:57.632494+00:00,20260825T235526Z_heavy_c2048_a9ff2b,0,[N/A],[N/A],28063,40960,188.55,62
2026-08-26T00:07:57.632494+00:00,20260825T235526Z_heavy_c2048_a9ff2b,1,[N/A],[N/A],213,40960,34.43,29
2026-08-26T00:07:57.632494+00:00,20260825T235526Z_heavy_c2048_a9ff2b,2,[N/A],[N/A],213,40960,35.06,29
2026-08-26T00:07:58.700593+00:00,20260825T235526Z_heavy_c2048_a9ff2b,0,[N/A],[N/A],28063,40960,140.97,62
2026-08-26T00:07:58.700593+00:00,20260825T235526Z_heavy_c2048_a9ff2b,1,[N/A],[N/A],213,40960,34.43,29
2026-08-26T00:07:58.700593+00:00,20260825T235526Z_heavy_c2048_a9ff2b,2,[N/A],[N/A],213,40960,35.07,29
2026-08-26T00:07:59.802400+00:00,20260825T235526Z_heavy_c2048_a9ff2b,0,[N/A],[N/A],28287,40960,163.74,61
2026-08-26T00:07:59.802400+00:00,20260825T235526Z_heavy_c2048_a9ff2b,1,[N/A],[N/A],213,40960,34.40,29
2026-08-26T00:07:59.802400+00:00,20260825T235526Z_heavy_c2048_a9ff2b,2,[N/A],[N/A],213,40960,34.97,29
2026-08-26T00:08:00.887519+00:00,20260825T235526Z_heavy_c2048_a9ff2b,0,[N/A],[N/A],28399,40960,280.57,64
2026-08-26T00:08:00.887519+00:00,20260825T235526Z_heavy_c2048_a9ff2b,1,[N/A],[N/A],213,40960,34.39,29
2026-08-26T00:08:00.887519+00:00,20260825T235526Z_heavy_c2048_a9ff2b,2,[N/A],[N/A],213,40960,35.05,29
2026-08-26T00:08:01.975046+00:00,20260825T235526Z_heavy_c2048_a9ff2b,0,[N/A],[N/A],28399,40960,213.89,64
2026-08-26T00:08:01.975046+00:00,20260825T235526Z_heavy_c2048_a9ff2b,1,[N/A],[N/A],213,40960,34.42,29
2026-08-26T00:08:01.975046+00:00,20260825T235526Z_heavy_c2048_a9ff2b,2,[N/A],[N/A],213,40960,35.06,29
2026-08-26T00:08:03.085231+00:00,20260825T235526Z_heavy_c2048_a9ff2b,0,[N/A],[N/A],28399,40960,250.95,64
2026-08-26T00:08:03.085231+00:00,20260825T235526Z_heavy_c2048_a9ff2b,1,[N/A],[N/A],213,40960,34.30,29
2026-08-26T00:08:03.085231+00:00,20260825T235526Z_heavy_c2048_a9ff2b,2,[N/A],[N/A],213,40960,34.97,29
2026-08-26T00:08:04.174600+00:00,20260825T235526Z_heavy_c2048_a9ff2b,0,[N/A],[N/A],28399,40960,238.96,64
2026-08-26T00:08:04.174600+00:00,20260825T235526Z_heavy_c2048_a9ff2b,1,[N/A],[N/A],213,40960,34.39,29
2026-08-26T00:08:04.174600+00:00,20260825T235526Z_heavy_c2048_a9ff2b,2,[N/A],[N/A],213,40960,35.16,29
2026-08-26T00:08:05.270865+00:00,20260825T235526Z_heavy_c2048_a9ff2b,0,[N/A],[N/A],28399,40960,245.61,64
2026-08-26T00:08:05.270865+00:00,20260825T235526Z_heavy_c2048_a9ff2b,1,[N/A],[N/A],213,40960,34.39,29
2026-08-26T00:08:05.270865+00:00,20260825T235526Z_heavy_c2048_a9ff2b,2,[N/A],[N/A],213,40960,35.04,29
2026-08-26T00:08:06.375253+00:00,20260825T235526Z_heavy_c2048_a9ff2b,0,[N/A],[N/A],28399,40960,230.61,64
2026-08-26T00:08:06.375253+00:00,20260825T235526Z_heavy_c2048_a9ff2b,1,[N/A],[N/A],213,40960,34.39,29
2026-08-26T00:08:06.375253+00:00,20260825T235526Z_heavy_c2048_a9ff2b,2,[N/A],[N/A],213,40960,35.06,29
2026-08-26T00:08:07.446572+00:00,20260825T235526Z_heavy_c2048_a9ff2b,0,[N/A],[N/A],28399,40960,242.65,64
2026-08-26T00:08:07.446572+00:00,20260825T235526Z_heavy_c2048_a9ff2b,1,[N/A],[N/A],213,40960,34.41,29
2026-08-26T00:08:07.446572+00:00,20260825T235526Z_heavy_c2048_a9ff2b,2,[N/A],[N/A],213,40960,35.06,29
2026-08-26T00:08:08.525359+00:00,20260825T235526Z_heavy_c2048_a9ff2b,0,[N/A],[N/A],28399,40960,165.84,65
2026-08-26T00:08:08.525359+00:00,20260825T235526Z_heavy_c2048_a9ff2b,1,[N/A],[N/A],213,40960,34.39,29
2026-08-26T00:08:08.525359+00:00,20260825T235526Z_heavy_c2048_a9ff2b,2,[N/A],[N/A],213,40960,35.14,29
2026-08-26T00:08:09.599057+00:00,20260825T235526Z_heavy_c2048_a9ff2b,0,[N/A],[N/A],28399,40960,172.87,63
2026-08-26T00:08:09.599057+00:00,20260825T235526Z_heavy_c2048_a9ff2b,1,[N/A],[N/A],213,40960,34.42,29
2026-08-26T00:08:09.599057+00:00,20260825T235526Z_heavy_c2048_a9ff2b,2,[N/A],[N/A],213,40960,35.16,29
2026-08-26T00:08:10.672059+00:00,20260825T235526Z_heavy_c2048_a9ff2b,0,[N/A],[N/A],28399,40960,188.44,63
2026-08-26T00:08:10.672059+00:00,20260825T235526Z_heavy_c2048_a9ff2b,1,[N/A],[N/A],213,40960,34.42,29
2026-08-26T00:08:10.672059+00:00,20260825T235526Z_heavy_c2048_a9ff2b,2,[N/A],[N/A],213,40960,35.08,29
2026-08-26T00:08:11.746059+00:00,20260825T235526Z_heavy_c2048_a9ff2b,0,[N/A],[N/A],28399,40960,117.50,62
2026-08-26T00:08:11.746059+00:00,20260825T235526Z_heavy_c2048_a9ff2b,1,[N/A],[N/A],213,40960,34.42,29
2026-08-26T00:08:11.746059+00:00,20260825T235526Z_heavy_c2048_a9ff2b,2,[N/A],[N/A],213,40960,35.09,29
2026-08-26T00:08:12.825063+00:00,20260825T235526Z_heavy_c2048_a9ff2b,0,[N/A],[N/A],28399,40960,163.93,62
2026-08-26T00:08:12.825063+00:00,20260825T235526Z_heavy_c2048_a9ff2b,1,[N/A],[N/A],213,40960,34.42,29
2026-08-26T00:08:12.825063+00:00,20260825T235526Z_heavy_c2048_a9ff2b,2,[N/A],[N/A],213,40960,35.07,29
2026-08-26T00:08:13.901175+00:00,20260825T235526Z_heavy_c2048_a9ff2b,0,[N/A],[N/A],28399,40960,180.11,62
2026-08-26T00:08:13.901175+00:00,20260825T235526Z_heavy_c2048_a9ff2b,1,[N/A],[N/A],213,40960,34.44,29
2026-08-26T00:08:13.901175+00:00,20260825T235526Z_heavy_c2048_a9ff2b,2,[N/A],[N/A],213,40960,35.09,29
2026-08-26T00:08:15.004012+00:00,20260825T235526Z_heavy_c2048_a9ff2b,0,[N/A],[N/A],28623,40960,233.67,62
2026-08-26T00:08:15.004012+00:00,20260825T235526Z_heavy_c2048_a9ff2b,1,[N/A],[N/A],213,40960,34.51,29
2026-08-26T00:08:15.004012+00:00,20260825T235526Z_heavy_c2048_a9ff2b,2,[N/A],[N/A],213,40960,35.16,29
2026-08-26T00:08:16.105809+00:00,20260825T235526Z_heavy_c2048_a9ff2b,0,[N/A],[N/A],28735,40960,237.85,64
2026-08-26T00:08:16.105809+00:00,20260825T235526Z_heavy_c2048_a9ff2b,1,[N/A],[N/A],213,40960,34.39,29
2026-08-26T00:08:16.105809+00:00,20260825T235526Z_heavy_c2048_a9ff2b,2,[N/A],[N/A],213,40960,35.06,29
2026-08-26T00:08:17.188059+00:00,20260825T235526Z_heavy_c2048_a9ff2b,0,[N/A],[N/A],28735,40960,251.96,64
2026-08-26T00:08:17.188059+00:00,20260825T235526Z_heavy_c2048_a9ff2b,1,[N/A],[N/A],213,40960,34.39,29
2026-08-26T00:08:17.188059+00:00,20260825T235526Z_heavy_c2048_a9ff2b,2,[N/A],[N/A],213,40960,35.24,29
2026-08-26T00:08:18.286047+00:00,20260825T235526Z_heavy_c2048_a9ff2b,0,[N/A],[N/A],28735,40960,193.16,64
2026-08-26T00:08:18.286047+00:00,20260825T235526Z_heavy_c2048_a9ff2b,1,[N/A],[N/A],213,40960,34.42,29
2026-08-26T00:08:18.286047+00:00,20260825T235526Z_heavy_c2048_a9ff2b,2,[N/A],[N/A],213,40960,35.06,29
2026-08-26T00:08:19.379387+00:00,20260825T235526Z_heavy_c2048_a9ff2b,0,[N/A],[N/A],28735,40960,210.95,64
2026-08-26T00:08:19.379387+00:00,20260825T235526Z_heavy_c2048_a9ff2b,1,[N/A],[N/A],213,40960,34.49,29
2026-08-26T00:08:19.379387+00:00,20260825T235526Z_heavy_c2048_a9ff2b,2,[N/A],[N/A],213,40960,35.06,29
2026-08-26T00:08:20.477538+00:00,20260825T235526Z_heavy_c2048_a9ff2b,0,[N/A],[N/A],28735,40960,234.43,64
2026-08-26T00:08:20.477538+00:00,20260825T235526Z_heavy_c2048_a9ff2b,1,[N/A],[N/A],213,40960,34.39,29
2026-08-26T00:08:20.477538+00:00,20260825T235526Z_heavy_c2048_a9ff2b,2,[N/A],[N/A],213,40960,34.95,29
2026-08-26T00:08:21.558223+00:00,20260825T235526Z_heavy_c2048_a9ff2b,0,[N/A],[N/A],28735,40960,228.48,64
2026-08-26T00:08:21.558223+00:00,20260825T235526Z_heavy_c2048_a9ff2b,1,[N/A],[N/A],213,40960,34.32,29
2026-08-26T00:08:21.558223+00:00,20260825T235526Z_heavy_c2048_a9ff2b,2,[N/A],[N/A],213,40960,35.06,29
2026-08-26T00:08:22.646943+00:00,20260825T235526Z_heavy_c2048_a9ff2b,0,[N/A],[N/A],28735,40960,292.23,64
2026-08-26T00:08:22.646943+00:00,20260825T235526Z_heavy_c2048_a9ff2b,1,[N/A],[N/A],213,40960,34.41,29
2026-08-26T00:08:22.646943+00:00,20260825T235526Z_heavy_c2048_a9ff2b,2,[N/A],[N/A],213,40960,35.06,29
2026-08-26T00:08:23.721430+00:00,20260825T235526Z_heavy_c2048_a9ff2b,0,[N/A],[N/A],28735,40960,240.19,65
2026-08-26T00:08:23.721430+00:00,20260825T235526Z_heavy_c2048_a9ff2b,1,[N/A],[N/A],213,40960,34.42,29
2026-08-26T00:08:23.721430+00:00,20260825T235526Z_heavy_c2048_a9ff2b,2,[N/A],[N/A],213,40960,35.53,29
2026-08-26T00:08:24.821048+00:00,20260825T235526Z_heavy_c2048_a9ff2b,0,[N/A],[N/A],28735,40960,225.42,63
2026-08-26T00:08:24.821048+00:00,20260825T235526Z_heavy_c2048_a9ff2b,1,[N/A],[N/A],213,40960,34.61,29
2026-08-26T00:08:24.821048+00:00,20260825T235526Z_heavy_c2048_a9ff2b,2,[N/A],[N/A],213,40960,35.06,29
2026-08-26T00:08:25.902042+00:00,20260825T235526Z_heavy_c2048_a9ff2b,0,[N/A],[N/A],28735,40960,213.63,63
2026-08-26T00:08:25.902042+00:00,20260825T235526Z_heavy_c2048_a9ff2b,1,[N/A],[N/A],213,40960,34.52,29
2026-08-26T00:08:25.902042+00:00,20260825T235526Z_heavy_c2048_a9ff2b,2,[N/A],[N/A],213,40960,34.99,29
2026-08-26T00:08:27.010274+00:00,20260825T235526Z_heavy_c2048_a9ff2b,0,[N/A],[N/A],28735,40960,104.97,62
2026-08-26T00:08:27.010274+00:00,20260825T235526Z_heavy_c2048_a9ff2b,1,[N/A],[N/A],213,40960,34.33,29
2026-08-26T00:08:27.010274+00:00,20260825T235526Z_heavy_c2048_a9ff2b,2,[N/A],[N/A],213,40960,34.89,29
2026-08-26T00:08:28.078068+00:00,20260825T235526Z_heavy_c2048_a9ff2b,0,[N/A],[N/A],28735,40960,159.05,62
2026-08-26T00:08:28.078068+00:00,20260825T235526Z_heavy_c2048_a9ff2b,1,[N/A],[N/A],213,40960,34.43,29
2026-08-26T00:08:28.078068+00:00,20260825T235526Z_heavy_c2048_a9ff2b,2,[N/A],[N/A],213,40960,34.98,29
2026-08-26T00:08:29.181059+00:00,20260825T235526Z_heavy_c2048_a9ff2b,0,[N/A],[N/A],28735,40960,166.33,61
2026-08-26T00:08:29.181059+00:00,20260825T235526Z_heavy_c2048_a9ff2b,1,[N/A],[N/A],213,40960,34.43,29
2026-08-26T00:08:29.181059+00:00,20260825T235526Z_heavy_c2048_a9ff2b,2,[N/A],[N/A],213,40960,35.28,29
2026-08-26T00:08:30.282573+00:00,20260825T235526Z_heavy_c2048_a9ff2b,0,[N/A],[N/A],28735,40960,183.61,61
2026-08-26T00:08:30.282573+00:00,20260825T235526Z_heavy_c2048_a9ff2b,1,[N/A],[N/A],213,40960,34.51,29
2026-08-26T00:08:30.282573+00:00,20260825T235526Z_heavy_c2048_a9ff2b,2,[N/A],[N/A],213,40960,34.99,29
2026-08-26T00:08:31.403066+00:00,20260825T235526Z_heavy_c2048_a9ff2b,0,[N/A],[N/A],28735,40960,192.79,61
2026-08-26T00:08:31.403066+00:00,20260825T235526Z_heavy_c2048_a9ff2b,1,[N/A],[N/A],213,40960,34.43,29
2026-08-26T00:08:31.403066+00:00,20260825T235526Z_heavy_c2048_a9ff2b,2,[N/A],[N/A],213,40960,35.06,29
2026-08-26T00:08:32.476056+00:00,20260825T235526Z_heavy_c2048_a9ff2b,0,[N/A],[N/A],28735,40960,188.27,62
2026-08-26T00:08:32.476056+00:00,20260825T235526Z_heavy_c2048_a9ff2b,1,[N/A],[N/A],213,40960,34.43,29
2026-08-26T00:08:32.476056+00:00,20260825T235526Z_heavy_c2048_a9ff2b,2,[N/A],[N/A],213,40960,35.09,29
2026-08-26T00:08:33.585351+00:00,20260825T235526Z_heavy_c2048_a9ff2b,0,[N/A],[N/A],29071,40960,243.81,63
2026-08-26T00:08:33.585351+00:00,20260825T235526Z_heavy_c2048_a9ff2b,1,[N/A],[N/A],213,40960,34.39,29
2026-08-26T00:08:33.585351+00:00,20260825T235526Z_heavy_c2048_a9ff2b,2,[N/A],[N/A],213,40960,35.06,29
2026-08-26T00:08:34.684063+00:00,20260825T235526Z_heavy_c2048_a9ff2b,0,[N/A],[N/A],29071,40960,306.32,64
2026-08-26T00:08:34.684063+00:00,20260825T235526Z_heavy_c2048_a9ff2b,1,[N/A],[N/A],213,40960,34.42,29
2026-08-26T00:08:34.684063+00:00,20260825T235526Z_heavy_c2048_a9ff2b,2,[N/A],[N/A],213,40960,35.06,29
2026-08-26T00:08:35.759066+00:00,20260825T235526Z_heavy_c2048_a9ff2b,0,[N/A],[N/A],29071,40960,257.23,64
2026-08-26T00:08:35.759066+00:00,20260825T235526Z_heavy_c2048_a9ff2b,1,[N/A],[N/A],213,40960,34.50,29
2026-08-26T00:08:35.759066+00:00,20260825T235526Z_heavy_c2048_a9ff2b,2,[N/A],[N/A],213,40960,35.05,29
2026-08-26T00:08:36.868924+00:00,20260825T235526Z_heavy_c2048_a9ff2b,0,[N/A],[N/A],29071,40960,222.50,64
2026-08-26T00:08:36.868924+00:00,20260825T235526Z_heavy_c2048_a9ff2b,1,[N/A],[N/A],213,40960,34.39,29
2026-08-26T00:08:36.868924+00:00,20260825T235526Z_heavy_c2048_a9ff2b,2,[N/A],[N/A],213,40960,35.16,29
2026-08-26T00:08:37.997490+00:00,20260825T235526Z_heavy_c2048_a9ff2b,0,[N/A],[N/A],29071,40960,234.85,64
2026-08-26T00:08:37.997490+00:00,20260825T235526Z_heavy_c2048_a9ff2b,1,[N/A],[N/A],213,40960,34.30,29
2026-08-26T00:08:37.997490+00:00,20260825T235526Z_heavy_c2048_a9ff2b,2,[N/A],[N/A],213,40960,35.06,29
2026-08-26T00:08:39.084663+00:00,20260825T235526Z_heavy_c2048_a9ff2b,0,[N/A],[N/A],29071,40960,264.81,64
2026-08-26T00:08:39.084663+00:00,20260825T235526Z_heavy_c2048_a9ff2b,1,[N/A],[N/A],213,40960,34.59,29
2026-08-26T00:08:39.084663+00:00,20260825T235526Z_heavy_c2048_a9ff2b,2,[N/A],[N/A],213,40960,35.06,29
2026-08-26T00:08:40.179338+00:00,20260825T235526Z_heavy_c2048_a9ff2b,0,[N/A],[N/A],29071,40960,280.55,64
2026-08-26T00:08:40.179338+00:00,20260825T235526Z_heavy_c2048_a9ff2b,1,[N/A],[N/A],213,40960,34.50,29
2026-08-26T00:08:40.179338+00:00,20260825T235526Z_heavy_c2048_a9ff2b,2,[N/A],[N/A],213,40960,35.06,29
2026-08-26T00:08:41.269825+00:00,20260825T235526Z_heavy_c2048_a9ff2b,0,[N/A],[N/A],29071,40960,190.77,65
2026-08-26T00:08:41.269825+00:00,20260825T235526Z_heavy_c2048_a9ff2b,1,[N/A],[N/A],213,40960,34.51,29
2026-08-26T00:08:41.269825+00:00,20260825T235526Z_heavy_c2048_a9ff2b,2,[N/A],[N/A],213,40960,35.06,29
2026-08-26T00:08:42.357374+00:00,20260825T235526Z_heavy_c2048_a9ff2b,0,[N/A],[N/A],29071,40960,180.21,63
2026-08-26T00:08:42.357374+00:00,20260825T235526Z_heavy_c2048_a9ff2b,1,[N/A],[N/A],213,40960,34.43,29
2026-08-26T00:08:42.357374+00:00,20260825T235526Z_heavy_c2048_a9ff2b,2,[N/A],[N/A],213,40960,35.09,29
2026-08-26T00:08:43.444939+00:00,20260825T235526Z_heavy_c2048_a9ff2b,0,[N/A],[N/A],29071,40960,165.90,62
2026-08-26T00:08:43.444939+00:00,20260825T235526Z_heavy_c2048_a9ff2b,1,[N/A],[N/A],213,40960,34.44,29
2026-08-26T00:08:43.444939+00:00,20260825T235526Z_heavy_c2048_a9ff2b,2,[N/A],[N/A],213,40960,35.08,29
2026-08-26T00:08:44.551624+00:00,20260825T235526Z_heavy_c2048_a9ff2b,0,[N/A],[N/A],29071,40960,172.03,62
2026-08-26T00:08:44.551624+00:00,20260825T235526Z_heavy_c2048_a9ff2b,1,[N/A],[N/A],213,40960,34.32,29
2026-08-26T00:08:44.551624+00:00,20260825T235526Z_heavy_c2048_a9ff2b,2,[N/A],[N/A],213,40960,35.09,29
2026-08-26T00:08:45.628064+00:00,20260825T235526Z_heavy_c2048_a9ff2b,0,[N/A],[N/A],29071,40960,168.08,62
2026-08-26T00:08:45.628064+00:00,20260825T235526Z_heavy_c2048_a9ff2b,1,[N/A],[N/A],213,40960,34.42,29
2026-08-26T00:08:45.628064+00:00,20260825T235526Z_heavy_c2048_a9ff2b,2,[N/A],[N/A],213,40960,34.97,29
2026-08-26T00:08:46.714578+00:00,20260825T235526Z_heavy_c2048_a9ff2b,0,[N/A],[N/A],29071,40960,224.26,61
2026-08-26T00:08:46.714578+00:00,20260825T235526Z_heavy_c2048_a9ff2b,1,[N/A],[N/A],213,40960,34.74,29
2026-08-26T00:08:46.714578+00:00,20260825T235526Z_heavy_c2048_a9ff2b,2,[N/A],[N/A],213,40960,35.10,29
2026-08-26T00:08:47.802783+00:00,20260825T235526Z_heavy_c2048_a9ff2b,0,[N/A],[N/A],29071,40960,220.89,62
2026-08-26T00:08:47.802783+00:00,20260825T235526Z_heavy_c2048_a9ff2b,1,[N/A],[N/A],213,40960,34.44,29
2026-08-26T00:08:47.802783+00:00,20260825T235526Z_heavy_c2048_a9ff2b,2,[N/A],[N/A],213,40960,34.99,29
2026-08-26T00:08:48.871061+00:00,20260825T235526Z_heavy_c2048_a9ff2b,0,[N/A],[N/A],29071,40960,225.75,62
2026-08-26T00:08:48.871061+00:00,20260825T235526Z_heavy_c2048_a9ff2b,1,[N/A],[N/A],213,40960,34.42,29
2026-08-26T00:08:48.871061+00:00,20260825T235526Z_heavy_c2048_a9ff2b,2,[N/A],[N/A],213,40960,35.28,29
2026-08-26T00:08:49.947132+00:00,20260825T235526Z_heavy_c2048_a9ff2b,0,[N/A],[N/A],29071,40960,165.40,61
2026-08-26T00:08:49.947132+00:00,20260825T235526Z_heavy_c2048_a9ff2b,1,[N/A],[N/A],213,40960,34.42,29
2026-08-26T00:08:49.947132+00:00,20260825T235526Z_heavy_c2048_a9ff2b,2,[N/A],[N/A],213,40960,35.06,29
2026-08-26T00:08:51.039045+00:00,20260825T235526Z_heavy_c2048_a9ff2b,0,[N/A],[N/A],29407,40960,251.47,64
2026-08-26T00:08:51.039045+00:00,20260825T235526Z_heavy_c2048_a9ff2b,1,[N/A],[N/A],213,40960,34.39,29
2026-08-26T00:08:51.039045+00:00,20260825T235526Z_heavy_c2048_a9ff2b,2,[N/A],[N/A],213,40960,35.02,29
2026-08-26T00:08:52.118063+00:00,20260825T235526Z_heavy_c2048_a9ff2b,0,[N/A],[N/A],29407,40960,258.00,63
2026-08-26T00:08:52.118063+00:00,20260825T235526Z_heavy_c2048_a9ff2b,1,[N/A],[N/A],213,40960,34.50,29
2026-08-26T00:08:52.118063+00:00,20260825T235526Z_heavy_c2048_a9ff2b,2,[N/A],[N/A],213,40960,35.07,29
2026-08-26T00:08:53.209072+00:00,20260825T235526Z_heavy_c2048_a9ff2b,0,[N/A],[N/A],29407,40960,238.13,64
2026-08-26T00:08:53.209072+00:00,20260825T235526Z_heavy_c2048_a9ff2b,1,[N/A],[N/A],213,40960,34.59,29
2026-08-26T00:08:53.209072+00:00,20260825T235526Z_heavy_c2048_a9ff2b,2,[N/A],[N/A],213,40960,35.06,29
2026-08-26T00:08:54.317057+00:00,20260825T235526Z_heavy_c2048_a9ff2b,0,[N/A],[N/A],29407,40960,221.12,64
2026-08-26T00:08:54.317057+00:00,20260825T235526Z_heavy_c2048_a9ff2b,1,[N/A],[N/A],213,40960,34.37,29
2026-08-26T00:08:54.317057+00:00,20260825T235526Z_heavy_c2048_a9ff2b,2,[N/A],[N/A],213,40960,35.14,29
2026-08-26T00:08:55.392231+00:00,20260825T235526Z_heavy_c2048_a9ff2b,0,[N/A],[N/A],29407,40960,247.17,64
2026-08-26T00:08:55.392231+00:00,20260825T235526Z_heavy_c2048_a9ff2b,1,[N/A],[N/A],213,40960,34.49,29
2026-08-26T00:08:55.392231+00:00,20260825T235526Z_heavy_c2048_a9ff2b,2,[N/A],[N/A],213,40960,35.06,29
2026-08-26T00:08:56.488334+00:00,20260825T235526Z_heavy_c2048_a9ff2b,0,[N/A],[N/A],29407,40960,264.61,64
2026-08-26T00:08:56.488334+00:00,20260825T235526Z_heavy_c2048_a9ff2b,1,[N/A],[N/A],213,40960,34.39,29
2026-08-26T00:08:56.488334+00:00,20260825T235526Z_heavy_c2048_a9ff2b,2,[N/A],[N/A],213,40960,35.16,29
2026-08-26T00:08:57.589055+00:00,20260825T235526Z_heavy_c2048_a9ff2b,0,[N/A],[N/A],29407,40960,194.77,65
2026-08-26T00:08:57.589055+00:00,20260825T235526Z_heavy_c2048_a9ff2b,1,[N/A],[N/A],213,40960,34.37,29
2026-08-26T00:08:57.589055+00:00,20260825T235526Z_heavy_c2048_a9ff2b,2,[N/A],[N/A],213,40960,34.97,29
2026-08-26T00:08:58.663664+00:00,20260825T235526Z_heavy_c2048_a9ff2b,0,[N/A],[N/A],29407,40960,224.42,64
2026-08-26T00:08:58.663664+00:00,20260825T235526Z_heavy_c2048_a9ff2b,1,[N/A],[N/A],213,40960,34.49,29
2026-08-26T00:08:58.663664+00:00,20260825T235526Z_heavy_c2048_a9ff2b,2,[N/A],[N/A],213,40960,35.06,29
2026-08-26T00:08:59.759291+00:00,20260825T235526Z_heavy_c2048_a9ff2b,0,[N/A],[N/A],29407,40960,192.59,62
2026-08-26T00:08:59.759291+00:00,20260825T235526Z_heavy_c2048_a9ff2b,1,[N/A],[N/A],213,40960,34.44,29
2026-08-26T00:08:59.759291+00:00,20260825T235526Z_heavy_c2048_a9ff2b,2,[N/A],[N/A],213,40960,35.07,29
2026-08-26T00:09:00.874059+00:00,20260825T235526Z_heavy_c2048_a9ff2b,0,[N/A],[N/A],29407,40960,164.80,62
2026-08-26T00:09:00.874059+00:00,20260825T235526Z_heavy_c2048_a9ff2b,1,[N/A],[N/A],213,40960,34.44,29
2026-08-26T00:09:00.874059+00:00,20260825T235526Z_heavy_c2048_a9ff2b,2,[N/A],[N/A],213,40960,35.09,29
2026-08-26T00:09:01.953051+00:00,20260825T235526Z_heavy_c2048_a9ff2b,0,[N/A],[N/A],29407,40960,179.04,61
2026-08-26T00:09:01.953051+00:00,20260825T235526Z_heavy_c2048_a9ff2b,1,[N/A],[N/A],213,40960,34.83,29
2026-08-26T00:09:01.953051+00:00,20260825T235526Z_heavy_c2048_a9ff2b,2,[N/A],[N/A],213,40960,35.18,29
2026-08-26T00:09:03.047223+00:00,20260825T235526Z_heavy_c2048_a9ff2b,0,[N/A],[N/A],29407,40960,115.83,61
2026-08-26T00:09:03.047223+00:00,20260825T235526Z_heavy_c2048_a9ff2b,1,[N/A],[N/A],213,40960,34.53,29
2026-08-26T00:09:03.047223+00:00,20260825T235526Z_heavy_c2048_a9ff2b,2,[N/A],[N/A],213,40960,35.18,29
2026-08-26T00:09:04.140062+00:00,20260825T235526Z_heavy_c2048_a9ff2b,0,[N/A],[N/A],29407,40960,180.32,61
2026-08-26T00:09:04.140062+00:00,20260825T235526Z_heavy_c2048_a9ff2b,1,[N/A],[N/A],213,40960,34.34,29
2026-08-26T00:09:04.140062+00:00,20260825T235526Z_heavy_c2048_a9ff2b,2,[N/A],[N/A],213,40960,35.09,29
2026-08-26T00:09:05.236891+00:00,20260825T235526Z_heavy_c2048_a9ff2b,0,[N/A],[N/A],29407,40960,181.63,61
2026-08-26T00:09:05.236891+00:00,20260825T235526Z_heavy_c2048_a9ff2b,1,[N/A],[N/A],213,40960,34.44,29
2026-08-26T00:09:05.236891+00:00,20260825T235526Z_heavy_c2048_a9ff2b,2,[N/A],[N/A],213,40960,35.09,29
2026-08-26T00:09:06.332041+00:00,20260825T235526Z_heavy_c2048_a9ff2b,0,[N/A],[N/A],29407,40960,197.54,62
2026-08-26T00:09:06.332041+00:00,20260825T235526Z_heavy_c2048_a9ff2b,1,[N/A],[N/A],213,40960,34.51,29
2026-08-26T00:09:06.332041+00:00,20260825T235526Z_heavy_c2048_a9ff2b,2,[N/A],[N/A],213,40960,35.08,29
2026-08-26T00:09:07.412747+00:00,20260825T235526Z_heavy_c2048_a9ff2b,0,[N/A],[N/A],29407,40960,176.60,61
2026-08-26T00:09:07.412747+00:00,20260825T235526Z_heavy_c2048_a9ff2b,1,[N/A],[N/A],213,40960,34.43,29
2026-08-26T00:09:07.412747+00:00,20260825T235526Z_heavy_c2048_a9ff2b,2,[N/A],[N/A],213,40960,35.09,29
2026-08-26T00:09:08.498176+00:00,20260825T235526Z_heavy_c2048_a9ff2b,0,[N/A],[N/A],29743,40960,205.10,63
2026-08-26T00:09:08.498176+00:00,20260825T235526Z_heavy_c2048_a9ff2b,1,[N/A],[N/A],213,40960,34.51,29
2026-08-26T00:09:08.498176+00:00,20260825T235526Z_heavy_c2048_a9ff2b,2,[N/A],[N/A],213,40960,35.06,29
2026-08-26T00:09:09.589534+00:00,20260825T235526Z_heavy_c2048_a9ff2b,0,[N/A],[N/A],29743,40960,244.38,64
2026-08-26T00:09:09.589534+00:00,20260825T235526Z_heavy_c2048_a9ff2b,1,[N/A],[N/A],213,40960,34.59,29
2026-08-26T00:09:09.589534+00:00,20260825T235526Z_heavy_c2048_a9ff2b,2,[N/A],[N/A],213,40960,35.14,29
2026-08-26T00:09:10.682164+00:00,20260825T235526Z_heavy_c2048_a9ff2b,0,[N/A],[N/A],29743,40960,269.37,64
2026-08-26T00:09:10.682164+00:00,20260825T235526Z_heavy_c2048_a9ff2b,1,[N/A],[N/A],213,40960,34.38,29
2026-08-26T00:09:10.682164+00:00,20260825T235526Z_heavy_c2048_a9ff2b,2,[N/A],[N/A],213,40960,35.17,29
2026-08-26T00:09:11.767553+00:00,20260825T235526Z_heavy_c2048_a9ff2b,0,[N/A],[N/A],29743,40960,224.33,63
2026-08-26T00:09:11.767553+00:00,20260825T235526Z_heavy_c2048_a9ff2b,1,[N/A],[N/A],213,40960,34.42,29
2026-08-26T00:09:11.767553+00:00,20260825T235526Z_heavy_c2048_a9ff2b,2,[N/A],[N/A],213,40960,35.16,29
2026-08-26T00:09:12.866276+00:00,20260825T235526Z_heavy_c2048_a9ff2b,0,[N/A],[N/A],29743,40960,248.30,65
2026-08-26T00:09:12.866276+00:00,20260825T235526Z_heavy_c2048_a9ff2b,1,[N/A],[N/A],213,40960,34.49,29
2026-08-26T00:09:12.866276+00:00,20260825T235526Z_heavy_c2048_a9ff2b,2,[N/A],[N/A],213,40960,35.14,29
2026-08-26T00:09:13.936341+00:00,20260825T235526Z_heavy_c2048_a9ff2b,0,[N/A],[N/A],29743,40960,244.31,64
2026-08-26T00:09:13.936341+00:00,20260825T235526Z_heavy_c2048_a9ff2b,1,[N/A],[N/A],213,40960,34.49,29
2026-08-26T00:09:13.936341+00:00,20260825T235526Z_heavy_c2048_a9ff2b,2,[N/A],[N/A],213,40960,35.14,29
2026-08-26T00:09:15.041579+00:00,20260825T235526Z_heavy_c2048_a9ff2b,0,[N/A],[N/A],29743,40960,246.67,64
2026-08-26T00:09:15.041579+00:00,20260825T235526Z_heavy_c2048_a9ff2b,1,[N/A],[N/A],213,40960,34.38,29
2026-08-26T00:09:15.041579+00:00,20260825T235526Z_heavy_c2048_a9ff2b,2,[N/A],[N/A],213,40960,35.14,29
2026-08-26T00:09:16.128624+00:00,20260825T235526Z_heavy_c2048_a9ff2b,0,[N/A],[N/A],29743,40960,243.68,64
2026-08-26T00:09:16.128624+00:00,20260825T235526Z_heavy_c2048_a9ff2b,1,[N/A],[N/A],213,40960,34.49,29
2026-08-26T00:09:16.128624+00:00,20260825T235526Z_heavy_c2048_a9ff2b,2,[N/A],[N/A],213,40960,35.15,29
2026-08-26T00:09:17.216791+00:00,20260825T235526Z_heavy_c2048_a9ff2b,0,[N/A],[N/A],29743,40960,225.35,63
2026-08-26T00:09:17.216791+00:00,20260825T235526Z_heavy_c2048_a9ff2b,1,[N/A],[N/A],213,40960,34.45,29
2026-08-26T00:09:17.216791+00:00,20260825T235526Z_heavy_c2048_a9ff2b,2,[N/A],[N/A],213,40960,35.18,29
2026-08-26T00:09:18.297941+00:00,20260825T235526Z_heavy_c2048_a9ff2b,0,[N/A],[N/A],29743,40960,177.90,62
2026-08-26T00:09:18.297941+00:00,20260825T235526Z_heavy_c2048_a9ff2b,1,[N/A],[N/A],213,40960,34.33,29
2026-08-26T00:09:18.297941+00:00,20260825T235526Z_heavy_c2048_a9ff2b,2,[N/A],[N/A],213,40960,35.18,29
2026-08-26T00:09:19.395004+00:00,20260825T235526Z_heavy_c2048_a9ff2b,0,[N/A],[N/A],29743,40960,223.63,63
2026-08-26T00:09:19.395004+00:00,20260825T235526Z_heavy_c2048_a9ff2b,1,[N/A],[N/A],213,40960,34.44,29
2026-08-26T00:09:19.395004+00:00,20260825T235526Z_heavy_c2048_a9ff2b,2,[N/A],[N/A],213,40960,35.09,29
2026-08-26T00:09:20.496420+00:00,20260825T235526Z_heavy_c2048_a9ff2b,0,[N/A],[N/A],29743,40960,227.38,62
2026-08-26T00:09:20.496420+00:00,20260825T235526Z_heavy_c2048_a9ff2b,1,[N/A],[N/A],213,40960,34.51,29
2026-08-26T00:09:20.496420+00:00,20260825T235526Z_heavy_c2048_a9ff2b,2,[N/A],[N/A],213,40960,35.09,29
2026-08-26T00:09:21.575071+00:00,20260825T235526Z_heavy_c2048_a9ff2b,0,[N/A],[N/A],29743,40960,189.21,62
2026-08-26T00:09:21.575071+00:00,20260825T235526Z_heavy_c2048_a9ff2b,1,[N/A],[N/A],213,40960,34.52,29
2026-08-26T00:09:21.575071+00:00,20260825T235526Z_heavy_c2048_a9ff2b,2,[N/A],[N/A],213,40960,35.07,29
2026-08-26T00:09:22.650897+00:00,20260825T235526Z_heavy_c2048_a9ff2b,0,[N/A],[N/A],29743,40960,231.17,63
2026-08-26T00:09:22.650897+00:00,20260825T235526Z_heavy_c2048_a9ff2b,1,[N/A],[N/A],213,40960,34.42,29
2026-08-26T00:09:22.650897+00:00,20260825T235526Z_heavy_c2048_a9ff2b,2,[N/A],[N/A],213,40960,35.06,29
2026-08-26T00:09:23.727373+00:00,20260825T235526Z_heavy_c2048_a9ff2b,0,[N/A],[N/A],29743,40960,210.77,62
2026-08-26T00:09:23.727373+00:00,20260825T235526Z_heavy_c2048_a9ff2b,1,[N/A],[N/A],213,40960,34.42,29
2026-08-26T00:09:23.727373+00:00,20260825T235526Z_heavy_c2048_a9ff2b,2,[N/A],[N/A],213,40960,35.06,29
2026-08-26T00:09:24.825054+00:00,20260825T235526Z_heavy_c2048_a9ff2b,0,[N/A],[N/A],30079,40960,260.70,63
2026-08-26T00:09:24.825054+00:00,20260825T235526Z_heavy_c2048_a9ff2b,1,[N/A],[N/A],213,40960,34.39,29
2026-08-26T00:09:24.825054+00:00,20260825T235526Z_heavy_c2048_a9ff2b,2,[N/A],[N/A],213,40960,35.15,29
2026-08-26T00:09:25.898630+00:00,20260825T235526Z_heavy_c2048_a9ff2b,0,[N/A],[N/A],30079,40960,249.02,64
2026-08-26T00:09:25.898630+00:00,20260825T235526Z_heavy_c2048_a9ff2b,1,[N/A],[N/A],213,40960,34.39,29
2026-08-26T00:09:25.898630+00:00,20260825T235526Z_heavy_c2048_a9ff2b,2,[N/A],[N/A],213,40960,35.15,29
2026-08-26T00:09:26.989390+00:00,20260825T235526Z_heavy_c2048_a9ff2b,0,[N/A],[N/A],30079,40960,238.64,64
2026-08-26T00:09:26.989390+00:00,20260825T235526Z_heavy_c2048_a9ff2b,1,[N/A],[N/A],213,40960,34.59,29
2026-08-26T00:09:26.989390+00:00,20260825T235526Z_heavy_c2048_a9ff2b,2,[N/A],[N/A],213,40960,35.06,29
2026-08-26T00:09:28.086070+00:00,20260825T235526Z_heavy_c2048_a9ff2b,0,[N/A],[N/A],30079,40960,263.63,64
2026-08-26T00:09:28.086070+00:00,20260825T235526Z_heavy_c2048_a9ff2b,1,[N/A],[N/A],213,40960,34.39,29
2026-08-26T00:09:28.086070+00:00,20260825T235526Z_heavy_c2048_a9ff2b,2,[N/A],[N/A],213,40960,35.04,29
2026-08-26T00:09:29.180168+00:00,20260825T235526Z_heavy_c2048_a9ff2b,0,[N/A],[N/A],30079,40960,204.01,64
2026-08-26T00:09:29.180168+00:00,20260825T235526Z_heavy_c2048_a9ff2b,1,[N/A],[N/A],213,40960,34.61,29
2026-08-26T00:09:29.180168+00:00,20260825T235526Z_heavy_c2048_a9ff2b,2,[N/A],[N/A],213,40960,35.16,29
2026-08-26T00:09:30.286517+00:00,20260825T235526Z_heavy_c2048_a9ff2b,0,[N/A],[N/A],30079,40960,225.75,64
2026-08-26T00:09:30.286517+00:00,20260825T235526Z_heavy_c2048_a9ff2b,1,[N/A],[N/A],213,40960,34.51,29
2026-08-26T00:09:30.286517+00:00,20260825T235526Z_heavy_c2048_a9ff2b,2,[N/A],[N/A],213,40960,35.16,29
2026-08-26T00:09:31.355677+00:00,20260825T235526Z_heavy_c2048_a9ff2b,0,[N/A],[N/A],30079,40960,245.30,65
2026-08-26T00:09:31.355677+00:00,20260825T235526Z_heavy_c2048_a9ff2b,1,[N/A],[N/A],213,40960,34.39,29
2026-08-26T00:09:31.355677+00:00,20260825T235526Z_heavy_c2048_a9ff2b,2,[N/A],[N/A],213,40960,35.05,29
2026-08-26T00:09:32.470042+00:00,20260825T235526Z_heavy_c2048_a9ff2b,0,[N/A],[N/A],30079,40960,262.75,65
2026-08-26T00:09:32.470042+00:00,20260825T235526Z_heavy_c2048_a9ff2b,1,[N/A],[N/A],213,40960,34.49,29
2026-08-26T00:09:32.470042+00:00,20260825T235526Z_heavy_c2048_a9ff2b,2,[N/A],[N/A],213,40960,35.06,29
2026-08-26T00:09:33.575395+00:00,20260825T235526Z_heavy_c2048_a9ff2b,0,[N/A],[N/A],30079,40960,195.56,62
2026-08-26T00:09:33.575395+00:00,20260825T235526Z_heavy_c2048_a9ff2b,1,[N/A],[N/A],213,40960,34.51,29
2026-08-26T00:09:33.575395+00:00,20260825T235526Z_heavy_c2048_a9ff2b,2,[N/A],[N/A],213,40960,35.09,29
2026-08-26T00:09:34.675452+00:00,20260825T235526Z_heavy_c2048_a9ff2b,0,[N/A],[N/A],30079,40960,183.92,62
2026-08-26T00:09:34.675452+00:00,20260825T235526Z_heavy_c2048_a9ff2b,1,[N/A],[N/A],213,40960,34.42,29
2026-08-26T00:09:34.675452+00:00,20260825T235526Z_heavy_c2048_a9ff2b,2,[N/A],[N/A],213,40960,34.99,29
2026-08-26T00:09:35.765042+00:00,20260825T235526Z_heavy_c2048_a9ff2b,0,[N/A],[N/A],30079,40960,152.06,62
2026-08-26T00:09:35.765042+00:00,20260825T235526Z_heavy_c2048_a9ff2b,1,[N/A],[N/A],213,40960,34.34,29
2026-08-26T00:09:35.765042+00:00,20260825T235526Z_heavy_c2048_a9ff2b,2,[N/A],[N/A],213,40960,35.09,29
2026-08-26T00:09:36.833064+00:00,20260825T235526Z_heavy_c2048_a9ff2b,0,[N/A],[N/A],30079,40960,194.71,62
2026-08-26T00:09:36.833064+00:00,20260825T235526Z_heavy_c2048_a9ff2b,1,[N/A],[N/A],213,40960,34.53,29
2026-08-26T00:09:36.833064+00:00,20260825T235526Z_heavy_c2048_a9ff2b,2,[N/A],[N/A],213,40960,35.45,29
2026-08-26T00:09:37.916545+00:00,20260825T235526Z_heavy_c2048_a9ff2b,0,[N/A],[N/A],30079,40960,188.43,62
2026-08-26T00:09:37.916545+00:00,20260825T235526Z_heavy_c2048_a9ff2b,1,[N/A],[N/A],213,40960,34.51,29
2026-08-26T00:09:37.916545+00:00,20260825T235526Z_heavy_c2048_a9ff2b,2,[N/A],[N/A],213,40960,35.09,29
2026-08-26T00:09:38.986788+00:00,20260825T235526Z_heavy_c2048_a9ff2b,0,[N/A],[N/A],30415,40960,285.11,64
2026-08-26T00:09:38.986788+00:00,20260825T235526Z_heavy_c2048_a9ff2b,1,[N/A],[N/A],213,40960,34.42,29
2026-08-26T00:09:38.986788+00:00,20260825T235526Z_heavy_c2048_a9ff2b,2,[N/A],[N/A],213,40960,34.97,29
2026-08-26T00:09:40.100278+00:00,20260825T235526Z_heavy_c2048_a9ff2b,0,[N/A],[N/A],30415,40960,201.44,63
2026-08-26T00:09:40.100278+00:00,20260825T235526Z_heavy_c2048_a9ff2b,1,[N/A],[N/A],213,40960,34.42,29
2026-08-26T00:09:40.100278+00:00,20260825T235526Z_heavy_c2048_a9ff2b,2,[N/A],[N/A],213,40960,35.17,29
2026-08-26T00:09:41.177051+00:00,20260825T235526Z_heavy_c2048_a9ff2b,0,[N/A],[N/A],30415,40960,250.28,64
2026-08-26T00:09:41.177051+00:00,20260825T235526Z_heavy_c2048_a9ff2b,1,[N/A],[N/A],213,40960,34.39,29
2026-08-26T00:09:41.177051+00:00,20260825T235526Z_heavy_c2048_a9ff2b,2,[N/A],[N/A],213,40960,35.16,29
2026-08-26T00:09:42.266494+00:00,20260825T235526Z_heavy_c2048_a9ff2b,0,[N/A],[N/A],30415,40960,225.21,64
2026-08-26T00:09:42.266494+00:00,20260825T235526Z_heavy_c2048_a9ff2b,1,[N/A],[N/A],213,40960,34.59,29
2026-08-26T00:09:42.266494+00:00,20260825T235526Z_heavy_c2048_a9ff2b,2,[N/A],[N/A],213,40960,35.21,29
2026-08-26T00:09:43.360607+00:00,20260825T235526Z_heavy_c2048_a9ff2b,0,[N/A],[N/A],30415,40960,241.59,65
2026-08-26T00:09:43.360607+00:00,20260825T235526Z_heavy_c2048_a9ff2b,1,[N/A],[N/A],213,40960,34.79,29
2026-08-26T00:09:43.360607+00:00,20260825T235526Z_heavy_c2048_a9ff2b,2,[N/A],[N/A],213,40960,35.06,29
2026-08-26T00:09:44.430947+00:00,20260825T235526Z_heavy_c2048_a9ff2b,0,[N/A],[N/A],30415,40960,254.57,65
2026-08-26T00:09:44.430947+00:00,20260825T235526Z_heavy_c2048_a9ff2b,1,[N/A],[N/A],213,40960,34.51,29
2026-08-26T00:09:44.430947+00:00,20260825T235526Z_heavy_c2048_a9ff2b,2,[N/A],[N/A],213,40960,35.06,29
2026-08-26T00:09:45.532312+00:00,20260825T235526Z_heavy_c2048_a9ff2b,0,[N/A],[N/A],30415,40960,224.53,65
2026-08-26T00:09:45.532312+00:00,20260825T235526Z_heavy_c2048_a9ff2b,1,[N/A],[N/A],213,40960,34.40,29
2026-08-26T00:09:45.532312+00:00,20260825T235526Z_heavy_c2048_a9ff2b,2,[N/A],[N/A],213,40960,35.04,29
2026-08-26T00:09:46.600826+00:00,20260825T235526Z_heavy_c2048_a9ff2b,0,[N/A],[N/A],30415,40960,280.18,65
2026-08-26T00:09:46.600826+00:00,20260825T235526Z_heavy_c2048_a9ff2b,1,[N/A],[N/A],213,40960,34.49,29
2026-08-26T00:09:46.600826+00:00,20260825T235526Z_heavy_c2048_a9ff2b,2,[N/A],[N/A],213,40960,35.14,29
2026-08-26T00:09:47.693057+00:00,20260825T235526Z_heavy_c2048_a9ff2b,0,[N/A],[N/A],30415,40960,133.86,63
2026-08-26T00:09:47.693057+00:00,20260825T235526Z_heavy_c2048_a9ff2b,1,[N/A],[N/A],213,40960,34.54,29
2026-08-26T00:09:47.693057+00:00,20260825T235526Z_heavy_c2048_a9ff2b,2,[N/A],[N/A],213,40960,35.28,29
2026-08-26T00:09:48.779032+00:00,20260825T235526Z_heavy_c2048_a9ff2b,0,[N/A],[N/A],30415,40960,139.65,62
2026-08-26T00:09:48.779032+00:00,20260825T235526Z_heavy_c2048_a9ff2b,1,[N/A],[N/A],213,40960,34.54,29
2026-08-26T00:09:48.779032+00:00,20260825T235526Z_heavy_c2048_a9ff2b,2,[N/A],[N/A],213,40960,35.00,29
2026-08-26T00:09:49.852270+00:00,20260825T235526Z_heavy_c2048_a9ff2b,0,[N/A],[N/A],30415,40960,163.36,62
2026-08-26T00:09:49.852270+00:00,20260825T235526Z_heavy_c2048_a9ff2b,1,[N/A],[N/A],213,40960,34.44,29
2026-08-26T00:09:49.852270+00:00,20260825T235526Z_heavy_c2048_a9ff2b,2,[N/A],[N/A],213,40960,35.09,29
2026-08-26T00:09:50.938041+00:00,20260825T235526Z_heavy_c2048_a9ff2b,0,[N/A],[N/A],30415,40960,172.60,62
2026-08-26T00:09:50.938041+00:00,20260825T235526Z_heavy_c2048_a9ff2b,1,[N/A],[N/A],213,40960,34.53,29
2026-08-26T00:09:50.938041+00:00,20260825T235526Z_heavy_c2048_a9ff2b,2,[N/A],[N/A],213,40960,35.17,29
2026-08-26T00:09:52.025560+00:00,20260825T235526Z_heavy_c2048_a9ff2b,0,[N/A],[N/A],30415,40960,226.39,62
2026-08-26T00:09:52.025560+00:00,20260825T235526Z_heavy_c2048_a9ff2b,1,[N/A],[N/A],213,40960,34.51,29
2026-08-26T00:09:52.025560+00:00,20260825T235526Z_heavy_c2048_a9ff2b,2,[N/A],[N/A],213,40960,35.09,29
2026-08-26T00:09:53.116061+00:00,20260825T235526Z_heavy_c2048_a9ff2b,0,[N/A],[N/A],30415,40960,212.67,62
2026-08-26T00:09:53.116061+00:00,20260825T235526Z_heavy_c2048_a9ff2b,1,[N/A],[N/A],213,40960,34.60,29
2026-08-26T00:09:53.116061+00:00,20260825T235526Z_heavy_c2048_a9ff2b,2,[N/A],[N/A],213,40960,34.99,29
2026-08-26T00:09:54.196533+00:00,20260825T235526Z_heavy_c2048_a9ff2b,0,[N/A],[N/A],30751,40960,226.58,63
2026-08-26T00:09:54.196533+00:00,20260825T235526Z_heavy_c2048_a9ff2b,1,[N/A],[N/A],213,40960,34.51,29
2026-08-26T00:09:54.196533+00:00,20260825T235526Z_heavy_c2048_a9ff2b,2,[N/A],[N/A],213,40960,35.06,29
2026-08-26T00:09:55.274973+00:00,20260825T235526Z_heavy_c2048_a9ff2b,0,[N/A],[N/A],30751,40960,230.41,64
2026-08-26T00:09:55.274973+00:00,20260825T235526Z_heavy_c2048_a9ff2b,1,[N/A],[N/A],213,40960,34.39,29
2026-08-26T00:09:55.274973+00:00,20260825T235526Z_heavy_c2048_a9ff2b,2,[N/A],[N/A],213,40960,35.15,29
2026-08-26T00:09:56.350241+00:00,20260825T235526Z_heavy_c2048_a9ff2b,0,[N/A],[N/A],30751,40960,237.19,64
2026-08-26T00:09:56.350241+00:00,20260825T235526Z_heavy_c2048_a9ff2b,1,[N/A],[N/A],213,40960,34.41,29
2026-08-26T00:09:56.350241+00:00,20260825T235526Z_heavy_c2048_a9ff2b,2,[N/A],[N/A],213,40960,35.15,29
2026-08-26T00:09:57.435745+00:00,20260825T235526Z_heavy_c2048_a9ff2b,0,[N/A],[N/A],30751,40960,264.23,64
2026-08-26T00:09:57.435745+00:00,20260825T235526Z_heavy_c2048_a9ff2b,1,[N/A],[N/A],213,40960,34.42,29
2026-08-26T00:09:57.435745+00:00,20260825T235526Z_heavy_c2048_a9ff2b,2,[N/A],[N/A],213,40960,35.33,29
2026-08-26T00:09:58.540785+00:00,20260825T235526Z_heavy_c2048_a9ff2b,0,[N/A],[N/A],30751,40960,302.96,64
2026-08-26T00:09:58.540785+00:00,20260825T235526Z_heavy_c2048_a9ff2b,1,[N/A],[N/A],213,40960,34.51,29
2026-08-26T00:09:58.540785+00:00,20260825T235526Z_heavy_c2048_a9ff2b,2,[N/A],[N/A],213,40960,35.03,29
2026-08-26T00:09:59.621182+00:00,20260825T235526Z_heavy_c2048_a9ff2b,0,[N/A],[N/A],30751,40960,250.38,64
2026-08-26T00:09:59.621182+00:00,20260825T235526Z_heavy_c2048_a9ff2b,1,[N/A],[N/A],213,40960,34.49,29
2026-08-26T00:09:59.621182+00:00,20260825T235526Z_heavy_c2048_a9ff2b,2,[N/A],[N/A],213,40960,35.06,29
2026-08-26T00:10:00.728056+00:00,20260825T235526Z_heavy_c2048_a9ff2b,0,[N/A],[N/A],30751,40960,234.01,65
2026-08-26T00:10:00.728056+00:00,20260825T235526Z_heavy_c2048_a9ff2b,1,[N/A],[N/A],213,40960,34.41,29
2026-08-26T00:10:00.728056+00:00,20260825T235526Z_heavy_c2048_a9ff2b,2,[N/A],[N/A],213,40960,34.96,29
2026-08-26T00:10:01.810052+00:00,20260825T235526Z_heavy_c2048_a9ff2b,0,[N/A],[N/A],30751,40960,244.52,65
2026-08-26T00:10:01.810052+00:00,20260825T235526Z_heavy_c2048_a9ff2b,1,[N/A],[N/A],213,40960,34.40,29
2026-08-26T00:10:01.810052+00:00,20260825T235526Z_heavy_c2048_a9ff2b,2,[N/A],[N/A],213,40960,35.04,29
2026-08-26T00:10:02.898893+00:00,20260825T235526Z_heavy_c2048_a9ff2b,0,[N/A],[N/A],30751,40960,115.85,63
2026-08-26T00:10:02.898893+00:00,20260825T235526Z_heavy_c2048_a9ff2b,1,[N/A],[N/A],213,40960,34.44,29
2026-08-26T00:10:02.898893+00:00,20260825T235526Z_heavy_c2048_a9ff2b,2,[N/A],[N/A],213,40960,35.09,29
2026-08-26T00:10:04.003128+00:00,20260825T235526Z_heavy_c2048_a9ff2b,0,[N/A],[N/A],30751,40960,166.38,62
2026-08-26T00:10:04.003128+00:00,20260825T235526Z_heavy_c2048_a9ff2b,1,[N/A],[N/A],213,40960,34.44,29
2026-08-26T00:10:04.003128+00:00,20260825T235526Z_heavy_c2048_a9ff2b,2,[N/A],[N/A],213,40960,35.18,29
2026-08-26T00:10:05.096066+00:00,20260825T235526Z_heavy_c2048_a9ff2b,0,[N/A],[N/A],30751,40960,225.68,62
2026-08-26T00:10:05.096066+00:00,20260825T235526Z_heavy_c2048_a9ff2b,1,[N/A],[N/A],213,40960,34.42,29
2026-08-26T00:10:05.096066+00:00,20260825T235526Z_heavy_c2048_a9ff2b,2,[N/A],[N/A],213,40960,35.17,29
2026-08-26T00:10:06.183252+00:00,20260825T235526Z_heavy_c2048_a9ff2b,0,[N/A],[N/A],31087,40960,239.35,64
2026-08-26T00:10:06.183252+00:00,20260825T235526Z_heavy_c2048_a9ff2b,1,[N/A],[N/A],213,40960,34.49,29
2026-08-26T00:10:06.183252+00:00,20260825T235526Z_heavy_c2048_a9ff2b,2,[N/A],[N/A],213,40960,35.04,29
2026-08-26T00:10:07.289550+00:00,20260825T235526Z_heavy_c2048_a9ff2b,0,[N/A],[N/A],31087,40960,213.37,65
2026-08-26T00:10:07.289550+00:00,20260825T235526Z_heavy_c2048_a9ff2b,1,[N/A],[N/A],213,40960,34.39,29
2026-08-26T00:10:07.289550+00:00,20260825T235526Z_heavy_c2048_a9ff2b,2,[N/A],[N/A],213,40960,35.16,29
2026-08-26T00:10:08.403718+00:00,20260825T235526Z_heavy_c2048_a9ff2b,0,[N/A],[N/A],31087,40960,257.13,65
2026-08-26T00:10:08.403718+00:00,20260825T235526Z_heavy_c2048_a9ff2b,1,[N/A],[N/A],213,40960,34.39,29
2026-08-26T00:10:08.403718+00:00,20260825T235526Z_heavy_c2048_a9ff2b,2,[N/A],[N/A],213,40960,35.04,29
2026-08-26T00:10:09.507045+00:00,20260825T235526Z_heavy_c2048_a9ff2b,0,[N/A],[N/A],31087,40960,189.61,63
2026-08-26T00:10:09.507045+00:00,20260825T235526Z_heavy_c2048_a9ff2b,1,[N/A],[N/A],213,40960,34.51,29
2026-08-26T00:10:09.507045+00:00,20260825T235526Z_heavy_c2048_a9ff2b,2,[N/A],[N/A],213,40960,35.09,29
2026-08-26T00:10:10.593059+00:00,20260825T235526Z_heavy_c2048_a9ff2b,0,[N/A],[N/A],31087,40960,164.42,63
2026-08-26T00:10:10.593059+00:00,20260825T235526Z_heavy_c2048_a9ff2b,1,[N/A],[N/A],213,40960,34.34,29
2026-08-26T00:10:10.593059+00:00,20260825T235526Z_heavy_c2048_a9ff2b,2,[N/A],[N/A],213,40960,35.07,29
2026-08-26T00:10:11.684574+00:00,20260825T235526Z_heavy_c2048_a9ff2b,0,[N/A],[N/A],31087,40960,186.42,63
2026-08-26T00:10:11.684574+00:00,20260825T235526Z_heavy_c2048_a9ff2b,1,[N/A],[N/A],213,40960,34.42,29
2026-08-26T00:10:11.684574+00:00,20260825T235526Z_heavy_c2048_a9ff2b,2,[N/A],[N/A],213,40960,35.08,29
2026-08-26T00:10:12.765210+00:00,20260825T235526Z_heavy_c2048_a9ff2b,0,[N/A],[N/A],31087,40960,225.93,63
2026-08-26T00:10:12.765210+00:00,20260825T235526Z_heavy_c2048_a9ff2b,1,[N/A],[N/A],213,40960,34.41,29
2026-08-26T00:10:12.765210+00:00,20260825T235526Z_heavy_c2048_a9ff2b,2,[N/A],[N/A],213,40960,35.26,29
2026-08-26T00:10:13.848904+00:00,20260825T235526Z_heavy_c2048_a9ff2b,0,[N/A],[N/A],31087,40960,155.22,62
2026-08-26T00:10:13.848904+00:00,20260825T235526Z_heavy_c2048_a9ff2b,1,[N/A],[N/A],213,40960,34.42,29
2026-08-26T00:10:13.848904+00:00,20260825T235526Z_heavy_c2048_a9ff2b,2,[N/A],[N/A],213,40960,35.18,29
2026-08-26T00:10:14.939214+00:00,20260825T235526Z_heavy_c2048_a9ff2b,0,[N/A],[N/A],31087,40960,148.45,62
2026-08-26T00:10:14.939214+00:00,20260825T235526Z_heavy_c2048_a9ff2b,1,[N/A],[N/A],213,40960,34.44,29
2026-08-26T00:10:14.939214+00:00,20260825T235526Z_heavy_c2048_a9ff2b,2,[N/A],[N/A],213,40960,35.28,29
2026-08-26T00:10:16.028946+00:00,20260825T235526Z_heavy_c2048_a9ff2b,0,[N/A],[N/A],31087,40960,154.19,61
2026-08-26T00:10:16.028946+00:00,20260825T235526Z_heavy_c2048_a9ff2b,1,[N/A],[N/A],213,40960,34.44,29
2026-08-26T00:10:16.028946+00:00,20260825T235526Z_heavy_c2048_a9ff2b,2,[N/A],[N/A],213,40960,35.09,29
2026-08-26T00:10:17.107805+00:00,20260825T235526Z_heavy_c2048_a9ff2b,0,[N/A],[N/A],12818,40960,146.59,61
2026-08-26T00:10:17.107805+00:00,20260825T235526Z_heavy_c2048_a9ff2b,1,[N/A],[N/A],213,40960,34.42,29
2026-08-26T00:10:17.107805+00:00,20260825T235526Z_heavy_c2048_a9ff2b,2,[N/A],[N/A],213,40960,35.09,29
2026-08-26T00:10:18.219147+00:00,20260825T235526Z_heavy_c2048_a9ff2b,0,[N/A],[N/A],12818,40960,180.84,62
2026-08-26T00:10:18.219147+00:00,20260825T235526Z_heavy_c2048_a9ff2b,1,[N/A],[N/A],213,40960,34.51,29
2026-08-26T00:10:18.219147+00:00,20260825T235526Z_heavy_c2048_a9ff2b,2,[N/A],[N/A],213,40960,35.09,29
2026-08-26T00:10:19.290291+00:00,20260825T235526Z_heavy_c2048_a9ff2b,0,[N/A],[N/A],12818,40960,164.14,61
2026-08-26T00:10:19.290291+00:00,20260825T235526Z_heavy_c2048_a9ff2b,1,[N/A],[N/A],213,40960,34.54,29
2026-08-26T00:10:19.290291+00:00,20260825T235526Z_heavy_c2048_a9ff2b,2,[N/A],[N/A],213,40960,35.28,29
2026-08-26T00:10:20.381041+00:00,20260825T235526Z_heavy_c2048_a9ff2b,0,[N/A],[N/A],12818,40960,219.82,61
2026-08-26T00:10:20.381041+00:00,20260825T235526Z_heavy_c2048_a9ff2b,1,[N/A],[N/A],213,40960,34.53,29
2026-08-26T00:10:20.381041+00:00,20260825T235526Z_heavy_c2048_a9ff2b,2,[N/A],[N/A],213,40960,35.28,29
2026-08-26T00:10:21.458137+00:00,20260825T235526Z_heavy_c2048_a9ff2b,0,[N/A],[N/A],12818,40960,153.93,61
2026-08-26T00:10:21.458137+00:00,20260825T235526Z_heavy_c2048_a9ff2b,1,[N/A],[N/A],213,40960,34.54,29
2026-08-26T00:10:21.458137+00:00,20260825T235526Z_heavy_c2048_a9ff2b,2,[N/A],[N/A],213,40960,35.45,29
2026-08-26T00:10:22.558414+00:00,20260825T235526Z_heavy_c2048_a9ff2b,0,[N/A],[N/A],12818,40960,167.65,61
2026-08-26T00:10:22.558414+00:00,20260825T235526Z_heavy_c2048_a9ff2b,1,[N/A],[N/A],213,40960,34.53,29
2026-08-26T00:10:22.558414+00:00,20260825T235526Z_heavy_c2048_a9ff2b,2,[N/A],[N/A],213,40960,35.09,29
2026-08-26T00:10:23.636054+00:00,20260825T235526Z_heavy_c2048_a9ff2b,0,[N/A],[N/A],12818,40960,224.69,62
2026-08-26T00:10:23.636054+00:00,20260825T235526Z_heavy_c2048_a9ff2b,1,[N/A],[N/A],213,40960,34.82,29
2026-08-26T00:10:23.636054+00:00,20260825T235526Z_heavy_c2048_a9ff2b,2,[N/A],[N/A],213,40960,35.06,29
2026-08-26T00:10:24.710055+00:00,20260825T235526Z_heavy_c2048_a9ff2b,0,[N/A],[N/A],12818,40960,159.91,61
2026-08-26T00:10:24.710055+00:00,20260825T235526Z_heavy_c2048_a9ff2b,1,[N/A],[N/A],213,40960,34.44,29
2026-08-26T00:10:24.710055+00:00,20260825T235526Z_heavy_c2048_a9ff2b,2,[N/A],[N/A],213,40960,35.16,29
2026-08-26T00:10:25.792478+00:00,20260825T235526Z_heavy_c2048_a9ff2b,0,[N/A],[N/A],12818,40960,182.30,61
2026-08-26T00:10:25.792478+00:00,20260825T235526Z_heavy_c2048_a9ff2b,1,[N/A],[N/A],213,40960,34.61,29
2026-08-26T00:10:25.792478+00:00,20260825T235526Z_heavy_c2048_a9ff2b,2,[N/A],[N/A],213,40960,35.07,29
2026-08-26T00:10:26.862047+00:00,20260825T235526Z_heavy_c2048_a9ff2b,0,[N/A],[N/A],12818,40960,177.28,61
2026-08-26T00:10:26.862047+00:00,20260825T235526Z_heavy_c2048_a9ff2b,1,[N/A],[N/A],213,40960,34.51,29
2026-08-26T00:10:26.862047+00:00,20260825T235526Z_heavy_c2048_a9ff2b,2,[N/A],[N/A],213,40960,35.18,29
2026-08-26T00:10:27.932394+00:00,20260825T235526Z_heavy_c2048_a9ff2b,0,[N/A],[N/A],12818,40960,183.25,62
2026-08-26T00:10:27.932394+00:00,20260825T235526Z_heavy_c2048_a9ff2b,1,[N/A],[N/A],213,40960,34.54,29
2026-08-26T00:10:27.932394+00:00,20260825T235526Z_heavy_c2048_a9ff2b,2,[N/A],[N/A],213,40960,35.17,29
2026-08-26T00:10:29.004909+00:00,20260825T235526Z_heavy_c2048_a9ff2b,0,[N/A],[N/A],12818,40960,150.42,62
2026-08-26T00:10:29.004909+00:00,20260825T235526Z_heavy_c2048_a9ff2b,1,[N/A],[N/A],213,40960,34.51,29
2026-08-26T00:10:29.004909+00:00,20260825T235526Z_heavy_c2048_a9ff2b,2,[N/A],[N/A],213,40960,35.18,29
2026-08-26T00:10:30.074059+00:00,20260825T235526Z_heavy_c2048_a9ff2b,0,[N/A],[N/A],12818,40960,191.13,61
2026-08-26T00:10:30.074059+00:00,20260825T235526Z_heavy_c2048_a9ff2b,1,[N/A],[N/A],213,40960,34.42,29
2026-08-26T00:10:30.074059+00:00,20260825T235526Z_heavy_c2048_a9ff2b,2,[N/A],[N/A],213,40960,35.26,29
2026-08-26T00:10:31.152041+00:00,20260825T235526Z_heavy_c2048_a9ff2b,0,[N/A],[N/A],12818,40960,171.37,61
2026-08-26T00:10:31.152041+00:00,20260825T235526Z_heavy_c2048_a9ff2b,1,[N/A],[N/A],213,40960,34.54,29
2026-08-26T00:10:31.152041+00:00,20260825T235526Z_heavy_c2048_a9ff2b,2,[N/A],[N/A],213,40960,35.18,29
2026-08-26T00:10:32.220772+00:00,20260825T235526Z_heavy_c2048_a9ff2b,0,[N/A],[N/A],12818,40960,131.50,60
2026-08-26T00:10:32.220772+00:00,20260825T235526Z_heavy_c2048_a9ff2b,1,[N/A],[N/A],213,40960,34.54,29
2026-08-26T00:10:32.220772+00:00,20260825T235526Z_heavy_c2048_a9ff2b,2,[N/A],[N/A],213,40960,35.18,29
2026-08-26T00:10:33.313042+00:00,20260825T235526Z_heavy_c2048_a9ff2b,0,[N/A],[N/A],12818,40960,166.13,61
2026-08-26T00:10:33.313042+00:00,20260825T235526Z_heavy_c2048_a9ff2b,1,[N/A],[N/A],213,40960,34.42,29
2026-08-26T00:10:33.313042+00:00,20260825T235526Z_heavy_c2048_a9ff2b,2,[N/A],[N/A],213,40960,35.06,29
2026-08-26T00:10:34.390464+00:00,20260825T235526Z_heavy_c2048_a9ff2b,0,[N/A],[N/A],12818,40960,184.82,60
2026-08-26T00:10:34.390464+00:00,20260825T235526Z_heavy_c2048_a9ff2b,1,[N/A],[N/A],213,40960,34.61,29
2026-08-26T00:10:34.390464+00:00,20260825T235526Z_heavy_c2048_a9ff2b,2,[N/A],[N/A],213,40960,35.18,29
2026-08-26T00:10:35.486078+00:00,20260825T235526Z_heavy_c2048_a9ff2b,0,[N/A],[N/A],12818,40960,163.18,60
2026-08-26T00:10:35.486078+00:00,20260825T235526Z_heavy_c2048_a9ff2b,1,[N/A],[N/A],213,40960,34.93,29
2026-08-26T00:10:35.486078+00:00,20260825T235526Z_heavy_c2048_a9ff2b,2,[N/A],[N/A],213,40960,35.26,29
2026-08-26T00:10:36.558063+00:00,20260825T235526Z_heavy_c2048_a9ff2b,0,[N/A],[N/A],12818,40960,180.78,60
2026-08-26T00:10:36.558063+00:00,20260825T235526Z_heavy_c2048_a9ff2b,1,[N/A],[N/A],213,40960,34.54,29
2026-08-26T00:10:36.558063+00:00,20260825T235526Z_heavy_c2048_a9ff2b,2,[N/A],[N/A],213,40960,35.18,29
2026-08-26T00:10:37.673058+00:00,20260825T235526Z_heavy_c2048_a9ff2b,0,[N/A],[N/A],12818,40960,161.49,60
2026-08-26T00:10:37.673058+00:00,20260825T235526Z_heavy_c2048_a9ff2b,1,[N/A],[N/A],213,40960,34.94,29
2026-08-26T00:10:37.673058+00:00,20260825T235526Z_heavy_c2048_a9ff2b,2,[N/A],[N/A],213,40960,35.26,29
2026-08-26T00:10:38.773054+00:00,20260825T235526Z_heavy_c2048_a9ff2b,0,[N/A],[N/A],12818,40960,176.30,60
2026-08-26T00:10:38.773054+00:00,20260825T235526Z_heavy_c2048_a9ff2b,1,[N/A],[N/A],213,40960,34.92,29
2026-08-26T00:10:38.773054+00:00,20260825T235526Z_heavy_c2048_a9ff2b,2,[N/A],[N/A],213,40960,35.18,29
2026-08-26T00:10:39.870891+00:00,20260825T235526Z_heavy_c2048_a9ff2b,0,[N/A],[N/A],12818,40960,139.31,60
2026-08-26T00:10:39.870891+00:00,20260825T235526Z_heavy_c2048_a9ff2b,1,[N/A],[N/A],213,40960,34.43,29
2026-08-26T00:10:39.870891+00:00,20260825T235526Z_heavy_c2048_a9ff2b,2,[N/A],[N/A],213,40960,35.07,29
2026-08-26T00:10:40.937983+00:00,20260825T235526Z_heavy_c2048_a9ff2b,0,[N/A],[N/A],12818,40960,142.31,61
2026-08-26T00:10:40.937983+00:00,20260825T235526Z_heavy_c2048_a9ff2b,1,[N/A],[N/A],213,40960,34.51,29
2026-08-26T00:10:40.937983+00:00,20260825T235526Z_heavy_c2048_a9ff2b,2,[N/A],[N/A],213,40960,35.08,29
2026-08-26T00:10:42.012703+00:00,20260825T235526Z_heavy_c2048_a9ff2b,0,[N/A],[N/A],12818,40960,214.95,60
2026-08-26T00:10:42.012703+00:00,20260825T235526Z_heavy_c2048_a9ff2b,1,[N/A],[N/A],213,40960,34.54,29
2026-08-26T00:10:42.012703+00:00,20260825T235526Z_heavy_c2048_a9ff2b,2,[N/A],[N/A],213,40960,35.26,29
2026-08-26T00:10:43.088895+00:00,20260825T235526Z_heavy_c2048_a9ff2b,0,[N/A],[N/A],12818,40960,197.63,60
2026-08-26T00:10:43.088895+00:00,20260825T235526Z_heavy_c2048_a9ff2b,1,[N/A],[N/A],213,40960,34.51,29
2026-08-26T00:10:43.088895+00:00,20260825T235526Z_heavy_c2048_a9ff2b,2,[N/A],[N/A],213,40960,35.09,29
2026-08-26T00:10:44.187462+00:00,20260825T235526Z_heavy_c2048_a9ff2b,0,[N/A],[N/A],12818,40960,221.09,60
2026-08-26T00:10:44.187462+00:00,20260825T235526Z_heavy_c2048_a9ff2b,1,[N/A],[N/A],213,40960,34.62,29
2026-08-26T00:10:44.187462+00:00,20260825T235526Z_heavy_c2048_a9ff2b,2,[N/A],[N/A],213,40960,35.28,29
2026-08-26T00:10:45.272041+00:00,20260825T235526Z_heavy_c2048_a9ff2b,0,[N/A],[N/A],12818,40960,162.99,61
2026-08-26T00:10:45.272041+00:00,20260825T235526Z_heavy_c2048_a9ff2b,1,[N/A],[N/A],213,40960,34.45,29
2026-08-26T00:10:45.272041+00:00,20260825T235526Z_heavy_c2048_a9ff2b,2,[N/A],[N/A],213,40960,35.18,29
2026-08-26T00:10:46.353051+00:00,20260825T235526Z_heavy_c2048_a9ff2b,0,[N/A],[N/A],12818,40960,176.61,60
2026-08-26T00:10:46.353051+00:00,20260825T235526Z_heavy_c2048_a9ff2b,1,[N/A],[N/A],213,40960,34.63,29
2026-08-26T00:10:46.353051+00:00,20260825T235526Z_heavy_c2048_a9ff2b,2,[N/A],[N/A],213,40960,35.08,29
2026-08-26T00:10:47.427304+00:00,20260825T235526Z_heavy_c2048_a9ff2b,0,[N/A],[N/A],12818,40960,124.68,60
2026-08-26T00:10:47.427304+00:00,20260825T235526Z_heavy_c2048_a9ff2b,1,[N/A],[N/A],213,40960,34.72,29
2026-08-26T00:10:47.427304+00:00,20260825T235526Z_heavy_c2048_a9ff2b,2,[N/A],[N/A],213,40960,35.06,29
2026-08-26T00:10:48.514057+00:00,20260825T235526Z_heavy_c2048_a9ff2b,0,[N/A],[N/A],12818,40960,167.66,61
2026-08-26T00:10:48.514057+00:00,20260825T235526Z_heavy_c2048_a9ff2b,1,[N/A],[N/A],213,40960,34.51,29
2026-08-26T00:10:48.514057+00:00,20260825T235526Z_heavy_c2048_a9ff2b,2,[N/A],[N/A],213,40960,35.08,29
2026-08-26T00:10:49.587444+00:00,20260825T235526Z_heavy_c2048_a9ff2b,0,[N/A],[N/A],12818,40960,185.24,60
2026-08-26T00:10:49.587444+00:00,20260825T235526Z_heavy_c2048_a9ff2b,1,[N/A],[N/A],213,40960,34.53,29
2026-08-26T00:10:49.587444+00:00,20260825T235526Z_heavy_c2048_a9ff2b,2,[N/A],[N/A],213,40960,35.09,29
2026-08-26T00:10:50.663103+00:00,20260825T235526Z_heavy_c2048_a9ff2b,0,[N/A],[N/A],12818,40960,150.89,61
2026-08-26T00:10:50.663103+00:00,20260825T235526Z_heavy_c2048_a9ff2b,1,[N/A],[N/A],213,40960,34.51,29
2026-08-26T00:10:50.663103+00:00,20260825T235526Z_heavy_c2048_a9ff2b,2,[N/A],[N/A],213,40960,35.16,29
2026-08-26T00:10:51.741785+00:00,20260825T235526Z_heavy_c2048_a9ff2b,0,[N/A],[N/A],12818,40960,191.25,61
2026-08-26T00:10:51.741785+00:00,20260825T235526Z_heavy_c2048_a9ff2b,1,[N/A],[N/A],213,40960,34.63,29
2026-08-26T00:10:51.741785+00:00,20260825T235526Z_heavy_c2048_a9ff2b,2,[N/A],[N/A],213,40960,35.26,29
2026-08-26T00:10:52.843883+00:00,20260825T235526Z_heavy_c2048_a9ff2b,0,[N/A],[N/A],12818,40960,186.12,60
2026-08-26T00:10:52.843883+00:00,20260825T235526Z_heavy_c2048_a9ff2b,1,[N/A],[N/A],213,40960,34.54,29
2026-08-26T00:10:52.843883+00:00,20260825T235526Z_heavy_c2048_a9ff2b,2,[N/A],[N/A],213,40960,35.09,29
2026-08-26T00:10:53.929877+00:00,20260825T235526Z_heavy_c2048_a9ff2b,0,[N/A],[N/A],12818,40960,184.68,61
2026-08-26T00:10:53.929877+00:00,20260825T235526Z_heavy_c2048_a9ff2b,1,[N/A],[N/A],213,40960,34.52,29
2026-08-26T00:10:53.929877+00:00,20260825T235526Z_heavy_c2048_a9ff2b,2,[N/A],[N/A],213,40960,35.29,29
2026-08-26T00:10:55.020113+00:00,20260825T235526Z_heavy_c2048_a9ff2b,0,[N/A],[N/A],12818,40960,191.37,60
2026-08-26T00:10:55.020113+00:00,20260825T235526Z_heavy_c2048_a9ff2b,1,[N/A],[N/A],213,40960,34.54,29
2026-08-26T00:10:55.020113+00:00,20260825T235526Z_heavy_c2048_a9ff2b,2,[N/A],[N/A],213,40960,35.19,29
2026-08-26T00:10:56.085052+00:00,20260825T235526Z_heavy_c2048_a9ff2b,0,[N/A],[N/A],12818,40960,165.61,59
2026-08-26T00:10:56.085052+00:00,20260825T235526Z_heavy_c2048_a9ff2b,1,[N/A],[N/A],213,40960,34.63,29
2026-08-26T00:10:56.085052+00:00,20260825T235526Z_heavy_c2048_a9ff2b,2,[N/A],[N/A],213,40960,35.09,29
2026-08-26T00:10:57.182354+00:00,20260825T235526Z_heavy_c2048_a9ff2b,0,[N/A],[N/A],12818,40960,192.84,61
2026-08-26T00:10:57.182354+00:00,20260825T235526Z_heavy_c2048_a9ff2b,1,[N/A],[N/A],213,40960,34.41,29
2026-08-26T00:10:57.182354+00:00,20260825T235526Z_heavy_c2048_a9ff2b,2,[N/A],[N/A],213,40960,35.18,29
2026-08-26T00:10:58.249391+00:00,20260825T235526Z_heavy_c2048_a9ff2b,0,[N/A],[N/A],12818,40960,180.92,60
2026-08-26T00:10:58.249391+00:00,20260825T235526Z_heavy_c2048_a9ff2b,1,[N/A],[N/A],213,40960,34.53,29
2026-08-26T00:10:58.249391+00:00,20260825T235526Z_heavy_c2048_a9ff2b,2,[N/A],[N/A],213,40960,35.18,29
2026-08-26T00:10:59.328281+00:00,20260825T235526Z_heavy_c2048_a9ff2b,0,[N/A],[N/A],12818,40960,171.74,59
2026-08-26T00:10:59.328281+00:00,20260825T235526Z_heavy_c2048_a9ff2b,1,[N/A],[N/A],213,40960,34.44,29
2026-08-26T00:10:59.328281+00:00,20260825T235526Z_heavy_c2048_a9ff2b,2,[N/A],[N/A],213,40960,35.09,29
2026-08-26T00:11:00.421762+00:00,20260825T235526Z_heavy_c2048_a9ff2b,0,[N/A],[N/A],12818,40960,164.88,59
2026-08-26T00:11:00.421762+00:00,20260825T235526Z_heavy_c2048_a9ff2b,1,[N/A],[N/A],213,40960,34.63,29
2026-08-26T00:11:00.421762+00:00,20260825T235526Z_heavy_c2048_a9ff2b,2,[N/A],[N/A],213,40960,35.18,29
2026-08-26T00:11:01.484754+00:00,20260825T235526Z_heavy_c2048_a9ff2b,0,[N/A],[N/A],12818,40960,158.16,59
2026-08-26T00:11:01.484754+00:00,20260825T235526Z_heavy_c2048_a9ff2b,1,[N/A],[N/A],213,40960,34.76,29
2026-08-26T00:11:01.484754+00:00,20260825T235526Z_heavy_c2048_a9ff2b,2,[N/A],[N/A],213,40960,35.28,29
2026-08-26T00:11:02.595061+00:00,20260825T235526Z_heavy_c2048_a9ff2b,0,[N/A],[N/A],12818,40960,176.89,60
2026-08-26T00:11:02.595061+00:00,20260825T235526Z_heavy_c2048_a9ff2b,1,[N/A],[N/A],213,40960,34.81,29
2026-08-26T00:11:02.595061+00:00,20260825T235526Z_heavy_c2048_a9ff2b,2,[N/A],[N/A],213,40960,35.16,29
2026-08-26T00:11:03.681310+00:00,20260825T235526Z_heavy_c2048_a9ff2b,0,[N/A],[N/A],12818,40960,185.08,60
2026-08-26T00:11:03.681310+00:00,20260825T235526Z_heavy_c2048_a9ff2b,1,[N/A],[N/A],213,40960,34.41,29
2026-08-26T00:11:03.681310+00:00,20260825T235526Z_heavy_c2048_a9ff2b,2,[N/A],[N/A],213,40960,35.17,29
2026-08-26T00:11:04.789062+00:00,20260825T235526Z_heavy_c2048_a9ff2b,0,[N/A],[N/A],12818,40960,163.88,60
2026-08-26T00:11:04.789062+00:00,20260825T235526Z_heavy_c2048_a9ff2b,1,[N/A],[N/A],213,40960,34.42,29
2026-08-26T00:11:04.789062+00:00,20260825T235526Z_heavy_c2048_a9ff2b,2,[N/A],[N/A],213,40960,35.38,29
2026-08-26T00:11:05.876044+00:00,20260825T235526Z_heavy_c2048_a9ff2b,0,[N/A],[N/A],12818,40960,191.23,59
2026-08-26T00:11:05.876044+00:00,20260825T235526Z_heavy_c2048_a9ff2b,1,[N/A],[N/A],213,40960,34.32,29
2026-08-26T00:11:05.876044+00:00,20260825T235526Z_heavy_c2048_a9ff2b,2,[N/A],[N/A],213,40960,35.09,29
2026-08-26T00:11:06.963008+00:00,20260825T235526Z_heavy_c2048_a9ff2b,0,[N/A],[N/A],12818,40960,146.99,59
2026-08-26T00:11:06.963008+00:00,20260825T235526Z_heavy_c2048_a9ff2b,1,[N/A],[N/A],213,40960,34.54,29
2026-08-26T00:11:06.963008+00:00,20260825T235526Z_heavy_c2048_a9ff2b,2,[N/A],[N/A],213,40960,35.09,29
2026-08-26T00:11:08.063483+00:00,20260825T235526Z_heavy_c2048_a9ff2b,0,[N/A],[N/A],12818,40960,168.82,59
2026-08-26T00:11:08.063483+00:00,20260825T235526Z_heavy_c2048_a9ff2b,1,[N/A],[N/A],213,40960,34.51,29
2026-08-26T00:11:08.063483+00:00,20260825T235526Z_heavy_c2048_a9ff2b,2,[N/A],[N/A],213,40960,35.18,29
2026-08-26T00:11:09.166012+00:00,20260825T235526Z_heavy_c2048_a9ff2b,0,[N/A],[N/A],12818,40960,160.05,59
2026-08-26T00:11:09.166012+00:00,20260825T235526Z_heavy_c2048_a9ff2b,1,[N/A],[N/A],213,40960,34.42,29
2026-08-26T00:11:09.166012+00:00,20260825T235526Z_heavy_c2048_a9ff2b,2,[N/A],[N/A],213,40960,35.18,29
2026-08-26T00:11:10.264075+00:00,20260825T235526Z_heavy_c2048_a9ff2b,0,[N/A],[N/A],12818,40960,154.64,59
2026-08-26T00:11:10.264075+00:00,20260825T235526Z_heavy_c2048_a9ff2b,1,[N/A],[N/A],213,40960,34.44,29
2026-08-26T00:11:10.264075+00:00,20260825T235526Z_heavy_c2048_a9ff2b,2,[N/A],[N/A],213,40960,35.09,30
2026-08-26T00:11:11.347500+00:00,20260825T235526Z_heavy_c2048_a9ff2b,0,[N/A],[N/A],12818,40960,167.98,58
2026-08-26T00:11:11.347500+00:00,20260825T235526Z_heavy_c2048_a9ff2b,1,[N/A],[N/A],213,40960,34.51,29
2026-08-26T00:11:11.347500+00:00,20260825T235526Z_heavy_c2048_a9ff2b,2,[N/A],[N/A],213,40960,35.19,30
2026-08-26T00:11:12.431817+00:00,20260825T235526Z_heavy_c2048_a9ff2b,0,[N/A],[N/A],12818,40960,157.17,59
2026-08-26T00:11:12.431817+00:00,20260825T235526Z_heavy_c2048_a9ff2b,1,[N/A],[N/A],213,40960,34.53,29
2026-08-26T00:11:12.431817+00:00,20260825T235526Z_heavy_c2048_a9ff2b,2,[N/A],[N/A],213,40960,35.28,30
2026-08-26T00:11:13.542048+00:00,20260825T235526Z_heavy_c2048_a9ff2b,0,[N/A],[N/A],12818,40960,195.32,59
2026-08-26T00:11:13.542048+00:00,20260825T235526Z_heavy_c2048_a9ff2b,1,[N/A],[N/A],213,40960,34.63,29
2026-08-26T00:11:13.542048+00:00,20260825T235526Z_heavy_c2048_a9ff2b,2,[N/A],[N/A],213,40960,35.28,30
2026-08-26T00:11:14.633067+00:00,20260825T235526Z_heavy_c2048_a9ff2b,0,[N/A],[N/A],12818,40960,182.05,59
2026-08-26T00:11:14.633067+00:00,20260825T235526Z_heavy_c2048_a9ff2b,1,[N/A],[N/A],213,40960,34.64,29
2026-08-26T00:11:14.633067+00:00,20260825T235526Z_heavy_c2048_a9ff2b,2,[N/A],[N/A],213,40960,35.18,30
2026-08-26T00:11:15.703064+00:00,20260825T235526Z_heavy_c2048_a9ff2b,0,[N/A],[N/A],12818,40960,170.43,59
2026-08-26T00:11:15.703064+00:00,20260825T235526Z_heavy_c2048_a9ff2b,1,[N/A],[N/A],213,40960,34.51,29
2026-08-26T00:11:15.703064+00:00,20260825T235526Z_heavy_c2048_a9ff2b,2,[N/A],[N/A],213,40960,35.18,30
2026-08-26T00:11:16.799043+00:00,20260825T235526Z_heavy_c2048_a9ff2b,0,[N/A],[N/A],12818,40960,131.31,59
2026-08-26T00:11:16.799043+00:00,20260825T235526Z_heavy_c2048_a9ff2b,1,[N/A],[N/A],213,40960,34.53,29
2026-08-26T00:11:16.799043+00:00,20260825T235526Z_heavy_c2048_a9ff2b,2,[N/A],[N/A],213,40960,35.18,30
2026-08-26T00:11:17.868042+00:00,20260825T235526Z_heavy_c2048_a9ff2b,0,[N/A],[N/A],12818,40960,145.39,59
2026-08-26T00:11:17.868042+00:00,20260825T235526Z_heavy_c2048_a9ff2b,1,[N/A],[N/A],213,40960,34.61,29
2026-08-26T00:11:17.868042+00:00,20260825T235526Z_heavy_c2048_a9ff2b,2,[N/A],[N/A],213,40960,35.18,30
2026-08-26T00:11:18.952039+00:00,20260825T235526Z_heavy_c2048_a9ff2b,0,[N/A],[N/A],12818,40960,120.35,59
2026-08-26T00:11:18.952039+00:00,20260825T235526Z_heavy_c2048_a9ff2b,1,[N/A],[N/A],213,40960,34.63,29
2026-08-26T00:11:18.952039+00:00,20260825T235526Z_heavy_c2048_a9ff2b,2,[N/A],[N/A],213,40960,35.20,30
2026-08-26T00:11:20.028851+00:00,20260825T235526Z_heavy_c2048_a9ff2b,0,[N/A],[N/A],12818,40960,181.07,59
2026-08-26T00:11:20.028851+00:00,20260825T235526Z_heavy_c2048_a9ff2b,1,[N/A],[N/A],213,40960,34.42,29
2026-08-26T00:11:20.028851+00:00,20260825T235526Z_heavy_c2048_a9ff2b,2,[N/A],[N/A],213,40960,35.18,30
2026-08-26T00:11:21.107063+00:00,20260825T235526Z_heavy_c2048_a9ff2b,0,[N/A],[N/A],12818,40960,177.34,58
2026-08-26T00:11:21.107063+00:00,20260825T235526Z_heavy_c2048_a9ff2b,1,[N/A],[N/A],213,40960,34.54,29
2026-08-26T00:11:21.107063+00:00,20260825T235526Z_heavy_c2048_a9ff2b,2,[N/A],[N/A],213,40960,35.10,30
2026-08-26T00:11:22.183080+00:00,20260825T235526Z_heavy_c2048_a9ff2b,0,[N/A],[N/A],12818,40960,218.17,59
2026-08-26T00:11:22.183080+00:00,20260825T235526Z_heavy_c2048_a9ff2b,1,[N/A],[N/A],213,40960,34.83,29
2026-08-26T00:11:22.183080+00:00,20260825T235526Z_heavy_c2048_a9ff2b,2,[N/A],[N/A],213,40960,35.28,30
2026-08-26T00:11:23.274339+00:00,20260825T235526Z_heavy_c2048_a9ff2b,0,[N/A],[N/A],12818,40960,174.80,59
2026-08-26T00:11:23.274339+00:00,20260825T235526Z_heavy_c2048_a9ff2b,1,[N/A],[N/A],213,40960,34.44,29
2026-08-26T00:11:23.274339+00:00,20260825T235526Z_heavy_c2048_a9ff2b,2,[N/A],[N/A],213,40960,35.29,30
2026-08-26T00:11:24.349067+00:00,20260825T235526Z_heavy_c2048_a9ff2b,0,[N/A],[N/A],12818,40960,136.55,59
2026-08-26T00:11:24.349067+00:00,20260825T235526Z_heavy_c2048_a9ff2b,1,[N/A],[N/A],213,40960,34.63,29
2026-08-26T00:11:24.349067+00:00,20260825T235526Z_heavy_c2048_a9ff2b,2,[N/A],[N/A],213,40960,35.19,30
2026-08-26T00:11:25.430233+00:00,20260825T235526Z_heavy_c2048_a9ff2b,0,[N/A],[N/A],12818,40960,128.20,58
2026-08-26T00:11:25.430233+00:00,20260825T235526Z_heavy_c2048_a9ff2b,1,[N/A],[N/A],213,40960,34.54,29
2026-08-26T00:11:25.430233+00:00,20260825T235526Z_heavy_c2048_a9ff2b,2,[N/A],[N/A],213,40960,35.19,30
2026-08-26T00:11:26.500494+00:00,20260825T235526Z_heavy_c2048_a9ff2b,0,[N/A],[N/A],12818,40960,163.76,58
2026-08-26T00:11:26.500494+00:00,20260825T235526Z_heavy_c2048_a9ff2b,1,[N/A],[N/A],213,40960,34.51,29
2026-08-26T00:11:26.500494+00:00,20260825T235526Z_heavy_c2048_a9ff2b,2,[N/A],[N/A],213,40960,35.26,30
2026-08-26T00:11:27.592270+00:00,20260825T235526Z_heavy_c2048_a9ff2b,0,[N/A],[N/A],12818,40960,212.15,59
2026-08-26T00:11:27.592270+00:00,20260825T235526Z_heavy_c2048_a9ff2b,1,[N/A],[N/A],213,40960,34.54,29
2026-08-26T00:11:27.592270+00:00,20260825T235526Z_heavy_c2048_a9ff2b,2,[N/A],[N/A],213,40960,35.21,30
2026-08-26T00:11:28.672081+00:00,20260825T235526Z_heavy_c2048_a9ff2b,0,[N/A],[N/A],12818,40960,143.75,58
2026-08-26T00:11:28.672081+00:00,20260825T235526Z_heavy_c2048_a9ff2b,1,[N/A],[N/A],213,40960,34.54,29
2026-08-26T00:11:28.672081+00:00,20260825T235526Z_heavy_c2048_a9ff2b,2,[N/A],[N/A],213,40960,35.18,30
2026-08-26T00:11:29.761788+00:00,20260825T235526Z_heavy_c2048_a9ff2b,0,[N/A],[N/A],12818,40960,182.26,59
2026-08-26T00:11:29.761788+00:00,20260825T235526Z_heavy_c2048_a9ff2b,1,[N/A],[N/A],213,40960,34.51,29
2026-08-26T00:11:29.761788+00:00,20260825T235526Z_heavy_c2048_a9ff2b,2,[N/A],[N/A],213,40960,35.18,30
2026-08-26T00:11:30.844950+00:00,20260825T235526Z_heavy_c2048_a9ff2b,0,[N/A],[N/A],12818,40960,223.41,60
2026-08-26T00:11:30.844950+00:00,20260825T235526Z_heavy_c2048_a9ff2b,1,[N/A],[N/A],213,40960,34.51,29
2026-08-26T00:11:30.844950+00:00,20260825T235526Z_heavy_c2048_a9ff2b,2,[N/A],[N/A],213,40960,35.28,30
2026-08-26T00:11:31.912069+00:00,20260825T235526Z_heavy_c2048_a9ff2b,0,[N/A],[N/A],12818,40960,93.85,58
2026-08-26T00:11:31.912069+00:00,20260825T235526Z_heavy_c2048_a9ff2b,1,[N/A],[N/A],213,40960,34.54,29
2026-08-26T00:11:31.912069+00:00,20260825T235526Z_heavy_c2048_a9ff2b,2,[N/A],[N/A],213,40960,35.19,30
2026-08-26T00:11:33.003692+00:00,20260825T235526Z_heavy_c2048_a9ff2b,0,[N/A],[N/A],12818,40960,180.10,59
2026-08-26T00:11:33.003692+00:00,20260825T235526Z_heavy_c2048_a9ff2b,1,[N/A],[N/A],213,40960,34.63,29
2026-08-26T00:11:33.003692+00:00,20260825T235526Z_heavy_c2048_a9ff2b,2,[N/A],[N/A],213,40960,35.19,30
2026-08-26T00:11:34.087360+00:00,20260825T235526Z_heavy_c2048_a9ff2b,0,[N/A],[N/A],12818,40960,159.92,59
2026-08-26T00:11:34.087360+00:00,20260825T235526Z_heavy_c2048_a9ff2b,1,[N/A],[N/A],213,40960,34.54,29
2026-08-26T00:11:34.087360+00:00,20260825T235526Z_heavy_c2048_a9ff2b,2,[N/A],[N/A],213,40960,35.28,30
2026-08-26T00:11:35.153227+00:00,20260825T235526Z_heavy_c2048_a9ff2b,0,[N/A],[N/A],12818,40960,166.92,59
2026-08-26T00:11:35.153227+00:00,20260825T235526Z_heavy_c2048_a9ff2b,1,[N/A],[N/A],213,40960,34.63,29
2026-08-26T00:11:35.153227+00:00,20260825T235526Z_heavy_c2048_a9ff2b,2,[N/A],[N/A],213,40960,35.28,30
2026-08-26T00:11:36.248948+00:00,20260825T235526Z_heavy_c2048_a9ff2b,0,[N/A],[N/A],12818,40960,116.75,59
2026-08-26T00:11:36.248948+00:00,20260825T235526Z_heavy_c2048_a9ff2b,1,[N/A],[N/A],213,40960,34.44,29
2026-08-26T00:11:36.248948+00:00,20260825T235526Z_heavy_c2048_a9ff2b,2,[N/A],[N/A],213,40960,35.16,30
2026-08-26T00:11:37.322948+00:00,20260825T235526Z_heavy_c2048_a9ff2b,0,[N/A],[N/A],12818,40960,82.62,60
2026-08-26T00:11:37.322948+00:00,20260825T235526Z_heavy_c2048_a9ff2b,1,[N/A],[N/A],213,40960,34.61,29
2026-08-26T00:11:37.322948+00:00,20260825T235526Z_heavy_c2048_a9ff2b,2,[N/A],[N/A],213,40960,35.16,30
2026-08-26T00:11:38.390093+00:00,20260825T235526Z_heavy_c2048_a9ff2b,0,[N/A],[N/A],12818,40960,208.43,60
2026-08-26T00:11:38.390093+00:00,20260825T235526Z_heavy_c2048_a9ff2b,1,[N/A],[N/A],213,40960,34.51,29
2026-08-26T00:11:38.390093+00:00,20260825T235526Z_heavy_c2048_a9ff2b,2,[N/A],[N/A],213,40960,35.26,30
2026-08-26T00:11:39.490052+00:00,20260825T235526Z_heavy_c2048_a9ff2b,0,[N/A],[N/A],12818,40960,191.12,59
2026-08-26T00:11:39.490052+00:00,20260825T235526Z_heavy_c2048_a9ff2b,1,[N/A],[N/A],213,40960,34.63,29
2026-08-26T00:11:39.490052+00:00,20260825T235526Z_heavy_c2048_a9ff2b,2,[N/A],[N/A],213,40960,35.18,30
2026-08-26T00:11:40.599999+00:00,20260825T235526Z_heavy_c2048_a9ff2b,0,[N/A],[N/A],12818,40960,161.63,59
2026-08-26T00:11:40.599999+00:00,20260825T235526Z_heavy_c2048_a9ff2b,1,[N/A],[N/A],213,40960,34.52,29
2026-08-26T00:11:40.599999+00:00,20260825T235526Z_heavy_c2048_a9ff2b,2,[N/A],[N/A],213,40960,35.28,30
2026-08-26T00:11:41.693974+00:00,20260825T235526Z_heavy_c2048_a9ff2b,0,[N/A],[N/A],12818,40960,167.41,59
2026-08-26T00:11:41.693974+00:00,20260825T235526Z_heavy_c2048_a9ff2b,1,[N/A],[N/A],213,40960,34.51,29
2026-08-26T00:11:41.693974+00:00,20260825T235526Z_heavy_c2048_a9ff2b,2,[N/A],[N/A],213,40960,35.28,30
2026-08-26T00:11:42.785658+00:00,20260825T235526Z_heavy_c2048_a9ff2b,0,[N/A],[N/A],12818,40960,189.19,59
2026-08-26T00:11:42.785658+00:00,20260825T235526Z_heavy_c2048_a9ff2b,1,[N/A],[N/A],213,40960,34.63,29
2026-08-26T00:11:42.785658+00:00,20260825T235526Z_heavy_c2048_a9ff2b,2,[N/A],[N/A],213,40960,35.28,30
2026-08-26T00:11:43.875729+00:00,20260825T235526Z_heavy_c2048_a9ff2b,0,[N/A],[N/A],12818,40960,134.61,59
2026-08-26T00:11:43.875729+00:00,20260825T235526Z_heavy_c2048_a9ff2b,1,[N/A],[N/A],213,40960,34.51,29
2026-08-26T00:11:43.875729+00:00,20260825T235526Z_heavy_c2048_a9ff2b,2,[N/A],[N/A],213,40960,35.77,30
2026-08-26T00:11:44.953403+00:00,20260825T235526Z_heavy_c2048_a9ff2b,0,[N/A],[N/A],12818,40960,169.90,60
2026-08-26T00:11:44.953403+00:00,20260825T235526Z_heavy_c2048_a9ff2b,1,[N/A],[N/A],213,40960,34.53,29
2026-08-26T00:11:44.953403+00:00,20260825T235526Z_heavy_c2048_a9ff2b,2,[N/A],[N/A],213,40960,35.28,30
2026-08-26T00:11:46.037833+00:00,20260825T235526Z_heavy_c2048_a9ff2b,0,[N/A],[N/A],12818,40960,194.68,60
2026-08-26T00:11:46.037833+00:00,20260825T235526Z_heavy_c2048_a9ff2b,1,[N/A],[N/A],213,40960,34.54,29
2026-08-26T00:11:46.037833+00:00,20260825T235526Z_heavy_c2048_a9ff2b,2,[N/A],[N/A],213,40960,35.28,30
2026-08-26T00:11:47.106063+00:00,20260825T235526Z_heavy_c2048_a9ff2b,0,[N/A],[N/A],12818,40960,203.01,59
2026-08-26T00:11:47.106063+00:00,20260825T235526Z_heavy_c2048_a9ff2b,1,[N/A],[N/A],213,40960,34.62,29
2026-08-26T00:11:47.106063+00:00,20260825T235526Z_heavy_c2048_a9ff2b,2,[N/A],[N/A],213,40960,35.28,30
2026-08-26T00:11:48.190669+00:00,20260825T235526Z_heavy_c2048_a9ff2b,0,[N/A],[N/A],12818,40960,212.34,59
2026-08-26T00:11:48.190669+00:00,20260825T235526Z_heavy_c2048_a9ff2b,1,[N/A],[N/A],213,40960,34.54,29
2026-08-26T00:11:48.190669+00:00,20260825T235526Z_heavy_c2048_a9ff2b,2,[N/A],[N/A],213,40960,35.17,30
2026-08-26T00:11:49.276892+00:00,20260825T235526Z_heavy_c2048_a9ff2b,0,[N/A],[N/A],12818,40960,118.06,59
2026-08-26T00:11:49.276892+00:00,20260825T235526Z_heavy_c2048_a9ff2b,1,[N/A],[N/A],213,40960,34.61,29
2026-08-26T00:11:49.276892+00:00,20260825T235526Z_heavy_c2048_a9ff2b,2,[N/A],[N/A],213,40960,35.09,30
2026-08-26T00:11:50.360777+00:00,20260825T235526Z_heavy_c2048_a9ff2b,0,[N/A],[N/A],12818,40960,158.34,59
2026-08-26T00:11:50.360777+00:00,20260825T235526Z_heavy_c2048_a9ff2b,1,[N/A],[N/A],213,40960,34.72,29
2026-08-26T00:11:50.360777+00:00,20260825T235526Z_heavy_c2048_a9ff2b,2,[N/A],[N/A],213,40960,35.09,30
2026-08-26T00:11:51.448046+00:00,20260825T235526Z_heavy_c2048_a9ff2b,0,[N/A],[N/A],12818,40960,162.71,59
2026-08-26T00:11:51.448046+00:00,20260825T235526Z_heavy_c2048_a9ff2b,1,[N/A],[N/A],213,40960,34.63,29
2026-08-26T00:11:51.448046+00:00,20260825T235526Z_heavy_c2048_a9ff2b,2,[N/A],[N/A],213,40960,35.28,30
2026-08-26T00:11:52.512341+00:00,20260825T235526Z_heavy_c2048_a9ff2b,0,[N/A],[N/A],12818,40960,184.18,60
2026-08-26T00:11:52.512341+00:00,20260825T235526Z_heavy_c2048_a9ff2b,1,[N/A],[N/A],213,40960,34.63,29
2026-08-26T00:11:52.512341+00:00,20260825T235526Z_heavy_c2048_a9ff2b,2,[N/A],[N/A],213,40960,35.30,30
2026-08-26T00:11:53.588275+00:00,20260825T235526Z_heavy_c2048_a9ff2b,0,[N/A],[N/A],12818,40960,177.59,60
2026-08-26T00:11:53.588275+00:00,20260825T235526Z_heavy_c2048_a9ff2b,1,[N/A],[N/A],213,40960,34.61,29
2026-08-26T00:11:53.588275+00:00,20260825T235526Z_heavy_c2048_a9ff2b,2,[N/A],[N/A],213,40960,35.48,30
2026-08-26T00:11:54.695048+00:00,20260825T235526Z_heavy_c2048_a9ff2b,0,[N/A],[N/A],12818,40960,171.11,60
2026-08-26T00:11:54.695048+00:00,20260825T235526Z_heavy_c2048_a9ff2b,1,[N/A],[N/A],213,40960,34.61,29
2026-08-26T00:11:54.695048+00:00,20260825T235526Z_heavy_c2048_a9ff2b,2,[N/A],[N/A],213,40960,35.18,30
2026-08-26T00:11:55.787044+00:00,20260825T235526Z_heavy_c2048_a9ff2b,0,[N/A],[N/A],12818,40960,207.14,60
2026-08-26T00:11:55.787044+00:00,20260825T235526Z_heavy_c2048_a9ff2b,1,[N/A],[N/A],213,40960,34.65,29
2026-08-26T00:11:55.787044+00:00,20260825T235526Z_heavy_c2048_a9ff2b,2,[N/A],[N/A],213,40960,35.57,30
2026-08-26T00:11:56.897329+00:00,20260825T235526Z_heavy_c2048_a9ff2b,0,[N/A],[N/A],12818,40960,178.48,59
2026-08-26T00:11:56.897329+00:00,20260825T235526Z_heavy_c2048_a9ff2b,1,[N/A],[N/A],213,40960,34.63,29
2026-08-26T00:11:56.897329+00:00,20260825T235526Z_heavy_c2048_a9ff2b,2,[N/A],[N/A],213,40960,35.26,30
2026-08-26T00:11:57.968076+00:00,20260825T235526Z_heavy_c2048_a9ff2b,0,[N/A],[N/A],12818,40960,167.42,60
2026-08-26T00:11:57.968076+00:00,20260825T235526Z_heavy_c2048_a9ff2b,1,[N/A],[N/A],213,40960,34.82,29
2026-08-26T00:11:57.968076+00:00,20260825T235526Z_heavy_c2048_a9ff2b,2,[N/A],[N/A],213,40960,35.27,30
2026-08-26T00:11:59.039068+00:00,20260825T235526Z_heavy_c2048_a9ff2b,0,[N/A],[N/A],12818,40960,223.80,60
2026-08-26T00:11:59.039068+00:00,20260825T235526Z_heavy_c2048_a9ff2b,1,[N/A],[N/A],213,40960,34.63,29
2026-08-26T00:11:59.039068+00:00,20260825T235526Z_heavy_c2048_a9ff2b,2,[N/A],[N/A],213,40960,35.18,30
2026-08-26T00:12:00.111752+00:00,20260825T235526Z_heavy_c2048_a9ff2b,0,[N/A],[N/A],12818,40960,174.26,60
2026-08-26T00:12:00.111752+00:00,20260825T235526Z_heavy_c2048_a9ff2b,1,[N/A],[N/A],213,40960,34.61,29
2026-08-26T00:12:00.111752+00:00,20260825T235526Z_heavy_c2048_a9ff2b,2,[N/A],[N/A],213,40960,35.28,30
2026-08-26T00:12:01.213046+00:00,20260825T235526Z_heavy_c2048_a9ff2b,0,[N/A],[N/A],12818,40960,180.34,60
2026-08-26T00:12:01.213046+00:00,20260825T235526Z_heavy_c2048_a9ff2b,1,[N/A],[N/A],213,40960,34.42,29
2026-08-26T00:12:01.213046+00:00,20260825T235526Z_heavy_c2048_a9ff2b,2,[N/A],[N/A],213,40960,35.28,30
2026-08-26T00:12:02.289183+00:00,20260825T235526Z_heavy_c2048_a9ff2b,0,[N/A],[N/A],12818,40960,228.15,60
2026-08-26T00:12:02.289183+00:00,20260825T235526Z_heavy_c2048_a9ff2b,1,[N/A],[N/A],213,40960,34.63,29
2026-08-26T00:12:02.289183+00:00,20260825T235526Z_heavy_c2048_a9ff2b,2,[N/A],[N/A],213,40960,35.28,30
2026-08-26T00:12:03.372755+00:00,20260825T235526Z_heavy_c2048_a9ff2b,0,[N/A],[N/A],12818,40960,170.93,60
2026-08-26T00:12:03.372755+00:00,20260825T235526Z_heavy_c2048_a9ff2b,1,[N/A],[N/A],213,40960,34.63,29
2026-08-26T00:12:03.372755+00:00,20260825T235526Z_heavy_c2048_a9ff2b,2,[N/A],[N/A],213,40960,35.29,30
2026-08-26T00:12:04.444871+00:00,20260825T235526Z_heavy_c2048_a9ff2b,0,[N/A],[N/A],12818,40960,219.72,60
2026-08-26T00:12:04.444871+00:00,20260825T235526Z_heavy_c2048_a9ff2b,1,[N/A],[N/A],213,40960,34.74,29
2026-08-26T00:12:04.444871+00:00,20260825T235526Z_heavy_c2048_a9ff2b,2,[N/A],[N/A],213,40960,35.28,30
2026-08-26T00:12:05.514436+00:00,20260825T235526Z_heavy_c2048_a9ff2b,0,[N/A],[N/A],12818,40960,156.36,61
2026-08-26T00:12:05.514436+00:00,20260825T235526Z_heavy_c2048_a9ff2b,1,[N/A],[N/A],213,40960,34.61,29
2026-08-26T00:12:05.514436+00:00,20260825T235526Z_heavy_c2048_a9ff2b,2,[N/A],[N/A],213,40960,35.18,30
2026-08-26T00:12:06.581834+00:00,20260825T235526Z_heavy_c2048_a9ff2b,0,[N/A],[N/A],12818,40960,178.89,60
2026-08-26T00:12:06.581834+00:00,20260825T235526Z_heavy_c2048_a9ff2b,1,[N/A],[N/A],213,40960,34.63,29
2026-08-26T00:12:06.581834+00:00,20260825T235526Z_heavy_c2048_a9ff2b,2,[N/A],[N/A],213,40960,35.28,30
2026-08-26T00:12:07.672549+00:00,20260825T235526Z_heavy_c2048_a9ff2b,0,[N/A],[N/A],12818,40960,177.34,60
2026-08-26T00:12:07.672549+00:00,20260825T235526Z_heavy_c2048_a9ff2b,1,[N/A],[N/A],213,40960,34.72,29
2026-08-26T00:12:07.672549+00:00,20260825T235526Z_heavy_c2048_a9ff2b,2,[N/A],[N/A],213,40960,35.26,30
2026-08-26T00:12:08.777055+00:00,20260825T235526Z_heavy_c2048_a9ff2b,0,[N/A],[N/A],12818,40960,213.41,60
2026-08-26T00:12:08.777055+00:00,20260825T235526Z_heavy_c2048_a9ff2b,1,[N/A],[N/A],213,40960,34.54,29
2026-08-26T00:12:08.777055+00:00,20260825T235526Z_heavy_c2048_a9ff2b,2,[N/A],[N/A],213,40960,35.28,30
2026-08-26T00:12:09.863304+00:00,20260825T235526Z_heavy_c2048_a9ff2b,0,[N/A],[N/A],12818,40960,167.56,59
2026-08-26T00:12:09.863304+00:00,20260825T235526Z_heavy_c2048_a9ff2b,1,[N/A],[N/A],213,40960,34.61,30
2026-08-26T00:12:09.863304+00:00,20260825T235526Z_heavy_c2048_a9ff2b,2,[N/A],[N/A],213,40960,35.28,30
2026-08-26T00:12:10.947495+00:00,20260825T235526Z_heavy_c2048_a9ff2b,0,[N/A],[N/A],12818,40960,226.14,61
2026-08-26T00:12:10.947495+00:00,20260825T235526Z_heavy_c2048_a9ff2b,1,[N/A],[N/A],213,40960,34.61,30
2026-08-26T00:12:10.947495+00:00,20260825T235526Z_heavy_c2048_a9ff2b,2,[N/A],[N/A],213,40960,35.17,30
2026-08-26T00:12:12.018704+00:00,20260825T235526Z_heavy_c2048_a9ff2b,0,[N/A],[N/A],12818,40960,178.70,60
2026-08-26T00:12:12.018704+00:00,20260825T235526Z_heavy_c2048_a9ff2b,1,[N/A],[N/A],213,40960,34.63,30
2026-08-26T00:12:12.018704+00:00,20260825T235526Z_heavy_c2048_a9ff2b,2,[N/A],[N/A],213,40960,35.26,30
2026-08-26T00:12:13.114988+00:00,20260825T235526Z_heavy_c2048_a9ff2b,0,[N/A],[N/A],12818,40960,183.90,60
2026-08-26T00:12:13.114988+00:00,20260825T235526Z_heavy_c2048_a9ff2b,1,[N/A],[N/A],213,40960,34.63,30
2026-08-26T00:12:13.114988+00:00,20260825T235526Z_heavy_c2048_a9ff2b,2,[N/A],[N/A],213,40960,35.28,30
2026-08-26T00:12:14.204854+00:00,20260825T235526Z_heavy_c2048_a9ff2b,0,[N/A],[N/A],12818,40960,188.28,59
2026-08-26T00:12:14.204854+00:00,20260825T235526Z_heavy_c2048_a9ff2b,1,[N/A],[N/A],213,40960,34.63,30
2026-08-26T00:12:14.204854+00:00,20260825T235526Z_heavy_c2048_a9ff2b,2,[N/A],[N/A],213,40960,35.27,30
2026-08-26T00:12:15.301066+00:00,20260825T235526Z_heavy_c2048_a9ff2b,0,[N/A],[N/A],12818,40960,188.75,59
2026-08-26T00:12:15.301066+00:00,20260825T235526Z_heavy_c2048_a9ff2b,1,[N/A],[N/A],213,40960,34.84,30
2026-08-26T00:12:15.301066+00:00,20260825T235526Z_heavy_c2048_a9ff2b,2,[N/A],[N/A],213,40960,35.38,30
2026-08-26T00:12:16.404826+00:00,20260825T235526Z_heavy_c2048_a9ff2b,0,[N/A],[N/A],12818,40960,131.59,59
2026-08-26T00:12:16.404826+00:00,20260825T235526Z_heavy_c2048_a9ff2b,1,[N/A],[N/A],213,40960,34.61,30
2026-08-26T00:12:16.404826+00:00,20260825T235526Z_heavy_c2048_a9ff2b,2,[N/A],[N/A],213,40960,35.30,30
2026-08-26T00:12:17.497812+00:00,20260825T235526Z_heavy_c2048_a9ff2b,0,[N/A],[N/A],12818,40960,139.31,59
2026-08-26T00:12:17.497812+00:00,20260825T235526Z_heavy_c2048_a9ff2b,1,[N/A],[N/A],213,40960,34.63,30
2026-08-26T00:12:17.497812+00:00,20260825T235526Z_heavy_c2048_a9ff2b,2,[N/A],[N/A],213,40960,35.26,30
2026-08-26T00:12:18.594063+00:00,20260825T235526Z_heavy_c2048_a9ff2b,0,[N/A],[N/A],12818,40960,155.86,59
2026-08-26T00:12:18.594063+00:00,20260825T235526Z_heavy_c2048_a9ff2b,1,[N/A],[N/A],213,40960,34.63,30
2026-08-26T00:12:18.594063+00:00,20260825T235526Z_heavy_c2048_a9ff2b,2,[N/A],[N/A],213,40960,35.28,30
2026-08-26T00:12:19.679449+00:00,20260825T235526Z_heavy_c2048_a9ff2b,0,[N/A],[N/A],12818,40960,212.28,60
2026-08-26T00:12:19.679449+00:00,20260825T235526Z_heavy_c2048_a9ff2b,1,[N/A],[N/A],213,40960,34.63,30
2026-08-26T00:12:19.679449+00:00,20260825T235526Z_heavy_c2048_a9ff2b,2,[N/A],[N/A],213,40960,35.38,30
2026-08-26T00:12:20.776684+00:00,20260825T235526Z_heavy_c2048_a9ff2b,0,[N/A],[N/A],12818,40960,170.28,60
2026-08-26T00:12:20.776684+00:00,20260825T235526Z_heavy_c2048_a9ff2b,1,[N/A],[N/A],213,40960,34.63,30
2026-08-26T00:12:20.776684+00:00,20260825T235526Z_heavy_c2048_a9ff2b,2,[N/A],[N/A],213,40960,35.28,30
2026-08-26T00:12:21.855692+00:00,20260825T235526Z_heavy_c2048_a9ff2b,0,[N/A],[N/A],12818,40960,175.45,60
2026-08-26T00:12:21.855692+00:00,20260825T235526Z_heavy_c2048_a9ff2b,1,[N/A],[N/A],213,40960,34.63,30
2026-08-26T00:12:21.855692+00:00,20260825T235526Z_heavy_c2048_a9ff2b,2,[N/A],[N/A],213,40960,35.28,30
2026-08-26T00:12:22.943999+00:00,20260825T235526Z_heavy_c2048_a9ff2b,0,[N/A],[N/A],12818,40960,214.22,60
2026-08-26T00:12:22.943999+00:00,20260825T235526Z_heavy_c2048_a9ff2b,1,[N/A],[N/A],213,40960,34.63,30
2026-08-26T00:12:22.943999+00:00,20260825T235526Z_heavy_c2048_a9ff2b,2,[N/A],[N/A],213,40960,35.36,30
2026-08-26T00:12:24.015135+00:00,20260825T235526Z_heavy_c2048_a9ff2b,0,[N/A],[N/A],12818,40960,140.46,60
2026-08-26T00:12:24.015135+00:00,20260825T235526Z_heavy_c2048_a9ff2b,1,[N/A],[N/A],213,40960,34.54,30
2026-08-26T00:12:24.015135+00:00,20260825T235526Z_heavy_c2048_a9ff2b,2,[N/A],[N/A],213,40960,35.28,30
2026-08-26T00:12:25.094691+00:00,20260825T235526Z_heavy_c2048_a9ff2b,0,[N/A],[N/A],12818,40960,199.18,60
2026-08-26T00:12:25.094691+00:00,20260825T235526Z_heavy_c2048_a9ff2b,1,[N/A],[N/A],213,40960,34.54,30
2026-08-26T00:12:25.094691+00:00,20260825T235526Z_heavy_c2048_a9ff2b,2,[N/A],[N/A],213,40960,35.38,30
2026-08-26T00:12:26.202046+00:00,20260825T235526Z_heavy_c2048_a9ff2b,0,[N/A],[N/A],12818,40960,110.69,60
2026-08-26T00:12:26.202046+00:00,20260825T235526Z_heavy_c2048_a9ff2b,1,[N/A],[N/A],213,40960,34.63,30
2026-08-26T00:12:26.202046+00:00,20260825T235526Z_heavy_c2048_a9ff2b,2,[N/A],[N/A],213,40960,35.27,30
2026-08-26T00:12:27.273815+00:00,20260825T235526Z_heavy_c2048_a9ff2b,0,[N/A],[N/A],12818,40960,168.73,60
2026-08-26T00:12:27.273815+00:00,20260825T235526Z_heavy_c2048_a9ff2b,1,[N/A],[N/A],213,40960,34.74,30
2026-08-26T00:12:27.273815+00:00,20260825T235526Z_heavy_c2048_a9ff2b,2,[N/A],[N/A],213,40960,35.28,30
2026-08-26T00:12:28.368055+00:00,20260825T235526Z_heavy_c2048_a9ff2b,0,[N/A],[N/A],12818,40960,166.29,60
2026-08-26T00:12:28.368055+00:00,20260825T235526Z_heavy_c2048_a9ff2b,1,[N/A],[N/A],213,40960,34.63,30
2026-08-26T00:12:28.368055+00:00,20260825T235526Z_heavy_c2048_a9ff2b,2,[N/A],[N/A],213,40960,35.28,30
2026-08-26T00:12:29.468271+00:00,20260825T235526Z_heavy_c2048_a9ff2b,0,[N/A],[N/A],12818,40960,180.21,60
2026-08-26T00:12:29.468271+00:00,20260825T235526Z_heavy_c2048_a9ff2b,1,[N/A],[N/A],213,40960,34.61,30
2026-08-26T00:12:29.468271+00:00,20260825T235526Z_heavy_c2048_a9ff2b,2,[N/A],[N/A],213,40960,35.47,30
2026-08-26T00:12:30.540564+00:00,20260825T235526Z_heavy_c2048_a9ff2b,0,[N/A],[N/A],12818,40960,170.73,60
2026-08-26T00:12:30.540564+00:00,20260825T235526Z_heavy_c2048_a9ff2b,1,[N/A],[N/A],213,40960,34.63,30
2026-08-26T00:12:30.540564+00:00,20260825T235526Z_heavy_c2048_a9ff2b,2,[N/A],[N/A],213,40960,35.36,30
2026-08-26T00:12:31.606043+00:00,20260825T235526Z_heavy_c2048_a9ff2b,0,[N/A],[N/A],12818,40960,181.57,60
2026-08-26T00:12:31.606043+00:00,20260825T235526Z_heavy_c2048_a9ff2b,1,[N/A],[N/A],213,40960,34.61,30
2026-08-26T00:12:31.606043+00:00,20260825T235526Z_heavy_c2048_a9ff2b,2,[N/A],[N/A],213,40960,35.28,30
2026-08-26T00:12:32.679140+00:00,20260825T235526Z_heavy_c2048_a9ff2b,0,[N/A],[N/A],12818,40960,172.53,60
2026-08-26T00:12:32.679140+00:00,20260825T235526Z_heavy_c2048_a9ff2b,1,[N/A],[N/A],213,40960,34.63,30
2026-08-26T00:12:32.679140+00:00,20260825T235526Z_heavy_c2048_a9ff2b,2,[N/A],[N/A],213,40960,35.67,30
2026-08-26T00:12:33.753082+00:00,20260825T235526Z_heavy_c2048_a9ff2b,0,[N/A],[N/A],12818,40960,170.12,59
2026-08-26T00:12:33.753082+00:00,20260825T235526Z_heavy_c2048_a9ff2b,1,[N/A],[N/A],213,40960,34.63,30
2026-08-26T00:12:33.753082+00:00,20260825T235526Z_heavy_c2048_a9ff2b,2,[N/A],[N/A],213,40960,35.30,30
2026-08-26T00:12:34.840129+00:00,20260825T235526Z_heavy_c2048_a9ff2b,0,[N/A],[N/A],12818,40960,152.87,60
2026-08-26T00:12:34.840129+00:00,20260825T235526Z_heavy_c2048_a9ff2b,1,[N/A],[N/A],213,40960,34.61,30
2026-08-26T00:12:34.840129+00:00,20260825T235526Z_heavy_c2048_a9ff2b,2,[N/A],[N/A],213,40960,35.28,30
2026-08-26T00:12:35.927040+00:00,20260825T235526Z_heavy_c2048_a9ff2b,0,[N/A],[N/A],12818,40960,157.73,59
2026-08-26T00:12:35.927040+00:00,20260825T235526Z_heavy_c2048_a9ff2b,1,[N/A],[N/A],213,40960,34.74,30
2026-08-26T00:12:35.927040+00:00,20260825T235526Z_heavy_c2048_a9ff2b,2,[N/A],[N/A],213,40960,35.38,30
2026-08-26T00:12:37.014042+00:00,20260825T235526Z_heavy_c2048_a9ff2b,0,[N/A],[N/A],12818,40960,133.82,59
2026-08-26T00:12:37.014042+00:00,20260825T235526Z_heavy_c2048_a9ff2b,1,[N/A],[N/A],213,40960,34.75,30
2026-08-26T00:12:37.014042+00:00,20260825T235526Z_heavy_c2048_a9ff2b,2,[N/A],[N/A],213,40960,35.38,30
2026-08-26T00:12:38.089067+00:00,20260825T235526Z_heavy_c2048_a9ff2b,0,[N/A],[N/A],12818,40960,178.08,60
2026-08-26T00:12:38.089067+00:00,20260825T235526Z_heavy_c2048_a9ff2b,1,[N/A],[N/A],213,40960,34.75,30
2026-08-26T00:12:38.089067+00:00,20260825T235526Z_heavy_c2048_a9ff2b,2,[N/A],[N/A],213,40960,35.40,30
2026-08-26T00:12:39.171935+00:00,20260825T235526Z_heavy_c2048_a9ff2b,0,[N/A],[N/A],12818,40960,165.51,59
2026-08-26T00:12:39.171935+00:00,20260825T235526Z_heavy_c2048_a9ff2b,1,[N/A],[N/A],213,40960,34.63,30
2026-08-26T00:12:39.171935+00:00,20260825T235526Z_heavy_c2048_a9ff2b,2,[N/A],[N/A],213,40960,35.28,30
2026-08-26T00:12:40.253065+00:00,20260825T235526Z_heavy_c2048_a9ff2b,0,[N/A],[N/A],12818,40960,215.21,61
2026-08-26T00:12:40.253065+00:00,20260825T235526Z_heavy_c2048_a9ff2b,1,[N/A],[N/A],213,40960,34.63,30
2026-08-26T00:12:40.253065+00:00,20260825T235526Z_heavy_c2048_a9ff2b,2,[N/A],[N/A],213,40960,35.36,30
2026-08-26T00:12:41.321889+00:00,20260825T235526Z_heavy_c2048_a9ff2b,0,[N/A],[N/A],12818,40960,223.36,61
2026-08-26T00:12:41.321889+00:00,20260825T235526Z_heavy_c2048_a9ff2b,1,[N/A],[N/A],213,40960,34.73,30
2026-08-26T00:12:41.321889+00:00,20260825T235526Z_heavy_c2048_a9ff2b,2,[N/A],[N/A],213,40960,35.38,30
2026-08-26T00:12:42.389011+00:00,20260825T235526Z_heavy_c2048_a9ff2b,0,[N/A],[N/A],12818,40960,192.71,60
2026-08-26T00:12:42.389011+00:00,20260825T235526Z_heavy_c2048_a9ff2b,1,[N/A],[N/A],213,40960,34.62,30
2026-08-26T00:12:42.389011+00:00,20260825T235526Z_heavy_c2048_a9ff2b,2,[N/A],[N/A],213,40960,35.38,30
2026-08-26T00:12:43.471041+00:00,20260825T235526Z_heavy_c2048_a9ff2b,0,[N/A],[N/A],12818,40960,216.85,61
2026-08-26T00:12:43.471041+00:00,20260825T235526Z_heavy_c2048_a9ff2b,1,[N/A],[N/A],213,40960,34.65,30
2026-08-26T00:12:43.471041+00:00,20260825T235526Z_heavy_c2048_a9ff2b,2,[N/A],[N/A],213,40960,35.38,30
2026-08-26T00:12:44.556815+00:00,20260825T235526Z_heavy_c2048_a9ff2b,0,[N/A],[N/A],12818,40960,229.20,61
2026-08-26T00:12:44.556815+00:00,20260825T235526Z_heavy_c2048_a9ff2b,1,[N/A],[N/A],213,40960,34.85,30
2026-08-26T00:12:44.556815+00:00,20260825T235526Z_heavy_c2048_a9ff2b,2,[N/A],[N/A],213,40960,35.47,30
2026-08-26T00:12:45.633064+00:00,20260825T235526Z_heavy_c2048_a9ff2b,0,[N/A],[N/A],12818,40960,198.38,60
2026-08-26T00:12:45.633064+00:00,20260825T235526Z_heavy_c2048_a9ff2b,1,[N/A],[N/A],213,40960,34.62,30
2026-08-26T00:12:45.633064+00:00,20260825T235526Z_heavy_c2048_a9ff2b,2,[N/A],[N/A],213,40960,35.46,30
2026-08-26T00:12:46.723485+00:00,20260825T235526Z_heavy_c2048_a9ff2b,0,[N/A],[N/A],12818,40960,128.59,60
2026-08-26T00:12:46.723485+00:00,20260825T235526Z_heavy_c2048_a9ff2b,1,[N/A],[N/A],213,40960,34.62,30
2026-08-26T00:12:46.723485+00:00,20260825T235526Z_heavy_c2048_a9ff2b,2,[N/A],[N/A],213,40960,35.47,30
2026-08-26T00:12:47.815093+00:00,20260825T235526Z_heavy_c2048_a9ff2b,0,[N/A],[N/A],12818,40960,150.36,59
2026-08-26T00:12:47.815093+00:00,20260825T235526Z_heavy_c2048_a9ff2b,1,[N/A],[N/A],213,40960,34.63,30
2026-08-26T00:12:47.815093+00:00,20260825T235526Z_heavy_c2048_a9ff2b,2,[N/A],[N/A],213,40960,35.38,30
2026-08-26T00:12:48.921598+00:00,20260825T235526Z_heavy_c2048_a9ff2b,0,[N/A],[N/A],12818,40960,137.39,60
2026-08-26T00:12:48.921598+00:00,20260825T235526Z_heavy_c2048_a9ff2b,1,[N/A],[N/A],213,40960,34.63,30
2026-08-26T00:12:48.921598+00:00,20260825T235526Z_heavy_c2048_a9ff2b,2,[N/A],[N/A],213,40960,35.40,30
2026-08-26T00:12:50.021062+00:00,20260825T235526Z_heavy_c2048_a9ff2b,0,[N/A],[N/A],12818,40960,176.65,60
2026-08-26T00:12:50.021062+00:00,20260825T235526Z_heavy_c2048_a9ff2b,1,[N/A],[N/A],213,40960,34.63,30
2026-08-26T00:12:50.021062+00:00,20260825T235526Z_heavy_c2048_a9ff2b,2,[N/A],[N/A],213,40960,35.57,30
2026-08-26T00:12:51.126106+00:00,20260825T235526Z_heavy_c2048_a9ff2b,0,[N/A],[N/A],12818,40960,142.91,60
2026-08-26T00:12:51.126106+00:00,20260825T235526Z_heavy_c2048_a9ff2b,1,[N/A],[N/A],213,40960,34.74,30
2026-08-26T00:12:51.126106+00:00,20260825T235526Z_heavy_c2048_a9ff2b,2,[N/A],[N/A],213,40960,35.39,30
2026-08-26T00:12:52.222093+00:00,20260825T235526Z_heavy_c2048_a9ff2b,0,[N/A],[N/A],12818,40960,180.25,60
2026-08-26T00:12:52.222093+00:00,20260825T235526Z_heavy_c2048_a9ff2b,1,[N/A],[N/A],213,40960,34.63,30
2026-08-26T00:12:52.222093+00:00,20260825T235526Z_heavy_c2048_a9ff2b,2,[N/A],[N/A],213,40960,35.38,30
2026-08-26T00:12:53.291639+00:00,20260825T235526Z_heavy_c2048_a9ff2b,0,[N/A],[N/A],12818,40960,185.96,60
2026-08-26T00:12:53.291639+00:00,20260825T235526Z_heavy_c2048_a9ff2b,1,[N/A],[N/A],213,40960,34.63,30
2026-08-26T00:12:53.291639+00:00,20260825T235526Z_heavy_c2048_a9ff2b,2,[N/A],[N/A],213,40960,35.38,30
2026-08-26T00:12:54.394061+00:00,20260825T235526Z_heavy_c2048_a9ff2b,0,[N/A],[N/A],12818,40960,156.79,60
2026-08-26T00:12:54.394061+00:00,20260825T235526Z_heavy_c2048_a9ff2b,1,[N/A],[N/A],213,40960,34.72,30
2026-08-26T00:12:54.394061+00:00,20260825T235526Z_heavy_c2048_a9ff2b,2,[N/A],[N/A],213,40960,35.38,30
2026-08-26T00:12:55.502659+00:00,20260825T235526Z_heavy_c2048_a9ff2b,0,[N/A],[N/A],12818,40960,152.43,60
2026-08-26T00:12:55.502659+00:00,20260825T235526Z_heavy_c2048_a9ff2b,1,[N/A],[N/A],213,40960,34.71,30
2026-08-26T00:12:55.502659+00:00,20260825T235526Z_heavy_c2048_a9ff2b,2,[N/A],[N/A],213,40960,35.28,30
2026-08-26T00:12:56.587373+00:00,20260825T235526Z_heavy_c2048_a9ff2b,0,[N/A],[N/A],12818,40960,145.26,60
2026-08-26T00:12:56.587373+00:00,20260825T235526Z_heavy_c2048_a9ff2b,1,[N/A],[N/A],213,40960,34.72,30
2026-08-26T00:12:56.587373+00:00,20260825T235526Z_heavy_c2048_a9ff2b,2,[N/A],[N/A],213,40960,35.36,30
2026-08-26T00:12:57.657850+00:00,20260825T235526Z_heavy_c2048_a9ff2b,0,[N/A],[N/A],12818,40960,215.04,61
2026-08-26T00:12:57.657850+00:00,20260825T235526Z_heavy_c2048_a9ff2b,1,[N/A],[N/A],213,40960,34.61,30
2026-08-26T00:12:57.657850+00:00,20260825T235526Z_heavy_c2048_a9ff2b,2,[N/A],[N/A],213,40960,35.37,30
2026-08-26T00:12:58.729480+00:00,20260825T235526Z_heavy_c2048_a9ff2b,0,[N/A],[N/A],12818,40960,131.90,60
2026-08-26T00:12:58.729480+00:00,20260825T235526Z_heavy_c2048_a9ff2b,1,[N/A],[N/A],213,40960,34.84,30
2026-08-26T00:12:58.729480+00:00,20260825T235526Z_heavy_c2048_a9ff2b,2,[N/A],[N/A],213,40960,35.28,30
2026-08-26T00:12:59.808488+00:00,20260825T235526Z_heavy_c2048_a9ff2b,0,[N/A],[N/A],12818,40960,195.32,61
2026-08-26T00:12:59.808488+00:00,20260825T235526Z_heavy_c2048_a9ff2b,1,[N/A],[N/A],213,40960,34.71,30
2026-08-26T00:12:59.808488+00:00,20260825T235526Z_heavy_c2048_a9ff2b,2,[N/A],[N/A],213,40960,35.36,30
2026-08-26T00:13:00.889304+00:00,20260825T235526Z_heavy_c2048_a9ff2b,0,[N/A],[N/A],12818,40960,162.62,61
2026-08-26T00:13:00.889304+00:00,20260825T235526Z_heavy_c2048_a9ff2b,1,[N/A],[N/A],213,40960,34.74,30
2026-08-26T00:13:00.889304+00:00,20260825T235526Z_heavy_c2048_a9ff2b,2,[N/A],[N/A],213,40960,35.57,30
2026-08-26T00:13:01.965852+00:00,20260825T235526Z_heavy_c2048_a9ff2b,0,[N/A],[N/A],12818,40960,222.09,60
2026-08-26T00:13:01.965852+00:00,20260825T235526Z_heavy_c2048_a9ff2b,1,[N/A],[N/A],213,40960,34.74,30
2026-08-26T00:13:01.965852+00:00,20260825T235526Z_heavy_c2048_a9ff2b,2,[N/A],[N/A],213,40960,35.28,30
2026-08-26T00:13:03.054003+00:00,20260825T235526Z_heavy_c2048_a9ff2b,0,[N/A],[N/A],12818,40960,177.53,60
2026-08-26T00:13:03.054003+00:00,20260825T235526Z_heavy_c2048_a9ff2b,1,[N/A],[N/A],213,40960,34.74,30
2026-08-26T00:13:03.054003+00:00,20260825T235526Z_heavy_c2048_a9ff2b,2,[N/A],[N/A],213,40960,35.38,30
2026-08-26T00:13:04.140063+00:00,20260825T235526Z_heavy_c2048_a9ff2b,0,[N/A],[N/A],12818,40960,161.88,60
2026-08-26T00:13:04.140063+00:00,20260825T235526Z_heavy_c2048_a9ff2b,1,[N/A],[N/A],213,40960,34.84,30
2026-08-26T00:13:04.140063+00:00,20260825T235526Z_heavy_c2048_a9ff2b,2,[N/A],[N/A],213,40960,35.29,30
2026-08-26T00:13:05.233969+00:00,20260825T235526Z_heavy_c2048_a9ff2b,0,[N/A],[N/A],12818,40960,156.55,60
2026-08-26T00:13:05.233969+00:00,20260825T235526Z_heavy_c2048_a9ff2b,1,[N/A],[N/A],213,40960,34.72,30
2026-08-26T00:13:05.233969+00:00,20260825T235526Z_heavy_c2048_a9ff2b,2,[N/A],[N/A],213,40960,35.47,30
2026-08-26T00:13:06.302799+00:00,20260825T235526Z_heavy_c2048_a9ff2b,0,[N/A],[N/A],12818,40960,176.16,60
2026-08-26T00:13:06.302799+00:00,20260825T235526Z_heavy_c2048_a9ff2b,1,[N/A],[N/A],213,40960,34.75,30
2026-08-26T00:13:06.302799+00:00,20260825T235526Z_heavy_c2048_a9ff2b,2,[N/A],[N/A],213,40960,35.38,30
2026-08-26T00:13:07.401039+00:00,20260825T235526Z_heavy_c2048_a9ff2b,0,[N/A],[N/A],12818,40960,215.01,59
2026-08-26T00:13:07.401039+00:00,20260825T235526Z_heavy_c2048_a9ff2b,1,[N/A],[N/A],213,40960,34.65,30
2026-08-26T00:13:07.401039+00:00,20260825T235526Z_heavy_c2048_a9ff2b,2,[N/A],[N/A],213,40960,35.28,30
2026-08-26T00:13:08.472647+00:00,20260825T235526Z_heavy_c2048_a9ff2b,0,[N/A],[N/A],12818,40960,167.21,60
2026-08-26T00:13:08.472647+00:00,20260825T235526Z_heavy_c2048_a9ff2b,1,[N/A],[N/A],213,40960,34.73,30
2026-08-26T00:13:08.472647+00:00,20260825T235526Z_heavy_c2048_a9ff2b,2,[N/A],[N/A],213,40960,35.38,30
2026-08-26T00:13:09.549686+00:00,20260825T235526Z_heavy_c2048_a9ff2b,0,[N/A],[N/A],12818,40960,225.52,61
2026-08-26T00:13:09.549686+00:00,20260825T235526Z_heavy_c2048_a9ff2b,1,[N/A],[N/A],213,40960,34.63,30
2026-08-26T00:13:09.549686+00:00,20260825T235526Z_heavy_c2048_a9ff2b,2,[N/A],[N/A],213,40960,35.47,30
2026-08-26T00:13:10.622863+00:00,20260825T235526Z_heavy_c2048_a9ff2b,0,[N/A],[N/A],12818,40960,179.62,60
2026-08-26T00:13:10.622863+00:00,20260825T235526Z_heavy_c2048_a9ff2b,1,[N/A],[N/A],213,40960,34.83,30
2026-08-26T00:13:10.622863+00:00,20260825T235526Z_heavy_c2048_a9ff2b,2,[N/A],[N/A],213,40960,35.38,30
2026-08-26T00:13:11.709034+00:00,20260825T235526Z_heavy_c2048_a9ff2b,0,[N/A],[N/A],12818,40960,143.34,60
2026-08-26T00:13:11.709034+00:00,20260825T235526Z_heavy_c2048_a9ff2b,1,[N/A],[N/A],213,40960,34.72,30
2026-08-26T00:13:11.709034+00:00,20260825T235526Z_heavy_c2048_a9ff2b,2,[N/A],[N/A],213,40960,35.28,30
2026-08-26T00:13:12.811218+00:00,20260825T235526Z_heavy_c2048_a9ff2b,0,[N/A],[N/A],12818,40960,171.57,60
2026-08-26T00:13:12.811218+00:00,20260825T235526Z_heavy_c2048_a9ff2b,1,[N/A],[N/A],213,40960,34.73,30
2026-08-26T00:13:12.811218+00:00,20260825T235526Z_heavy_c2048_a9ff2b,2,[N/A],[N/A],213,40960,35.38,30
2026-08-26T00:13:13.889444+00:00,20260825T235526Z_heavy_c2048_a9ff2b,0,[N/A],[N/A],12818,40960,149.29,60
2026-08-26T00:13:13.889444+00:00,20260825T235526Z_heavy_c2048_a9ff2b,1,[N/A],[N/A],213,40960,34.73,30
2026-08-26T00:13:13.889444+00:00,20260825T235526Z_heavy_c2048_a9ff2b,2,[N/A],[N/A],213,40960,35.38,30
2026-08-26T00:13:14.999108+00:00,20260825T235526Z_heavy_c2048_a9ff2b,0,[N/A],[N/A],12818,40960,224.52,60
2026-08-26T00:13:14.999108+00:00,20260825T235526Z_heavy_c2048_a9ff2b,1,[N/A],[N/A],213,40960,34.84,30
2026-08-26T00:13:14.999108+00:00,20260825T235526Z_heavy_c2048_a9ff2b,2,[N/A],[N/A],213,40960,35.37,30
2026-08-26T00:13:16.089485+00:00,20260825T235526Z_heavy_c2048_a9ff2b,0,[N/A],[N/A],12818,40960,146.69,59
2026-08-26T00:13:16.089485+00:00,20260825T235526Z_heavy_c2048_a9ff2b,1,[N/A],[N/A],213,40960,34.74,30
2026-08-26T00:13:16.089485+00:00,20260825T235526Z_heavy_c2048_a9ff2b,2,[N/A],[N/A],213,40960,35.29,30
2026-08-26T00:13:17.192179+00:00,20260825T235526Z_heavy_c2048_a9ff2b,0,[N/A],[N/A],12818,40960,111.29,61
2026-08-26T00:13:17.192179+00:00,20260825T235526Z_heavy_c2048_a9ff2b,1,[N/A],[N/A],213,40960,34.82,30
2026-08-26T00:13:17.192179+00:00,20260825T235526Z_heavy_c2048_a9ff2b,2,[N/A],[N/A],213,40960,35.37,30
2026-08-26T00:13:18.272114+00:00,20260825T235526Z_heavy_c2048_a9ff2b,0,[N/A],[N/A],12818,40960,163.40,59
2026-08-26T00:13:18.272114+00:00,20260825T235526Z_heavy_c2048_a9ff2b,1,[N/A],[N/A],213,40960,34.63,30
2026-08-26T00:13:18.272114+00:00,20260825T235526Z_heavy_c2048_a9ff2b,2,[N/A],[N/A],213,40960,35.47,30
2026-08-26T00:13:19.356477+00:00,20260825T235526Z_heavy_c2048_a9ff2b,0,[N/A],[N/A],12818,40960,71.79,61
2026-08-26T00:13:19.356477+00:00,20260825T235526Z_heavy_c2048_a9ff2b,1,[N/A],[N/A],213,40960,34.61,30
2026-08-26T00:13:19.356477+00:00,20260825T235526Z_heavy_c2048_a9ff2b,2,[N/A],[N/A],213,40960,35.36,30
2026-08-26T00:13:20.435066+00:00,20260825T235526Z_heavy_c2048_a9ff2b,0,[N/A],[N/A],12818,40960,130.17,60
2026-08-26T00:13:20.435066+00:00,20260825T235526Z_heavy_c2048_a9ff2b,1,[N/A],[N/A],213,40960,34.61,30
2026-08-26T00:13:20.435066+00:00,20260825T235526Z_heavy_c2048_a9ff2b,2,[N/A],[N/A],213,40960,35.37,30
2026-08-26T00:13:21.526474+00:00,20260825T235526Z_heavy_c2048_a9ff2b,0,[N/A],[N/A],12818,40960,169.66,60
2026-08-26T00:13:21.526474+00:00,20260825T235526Z_heavy_c2048_a9ff2b,1,[N/A],[N/A],213,40960,34.74,30
2026-08-26T00:13:21.526474+00:00,20260825T235526Z_heavy_c2048_a9ff2b,2,[N/A],[N/A],213,40960,35.38,30
2026-08-26T00:13:22.635804+00:00,20260825T235526Z_heavy_c2048_a9ff2b,0,[N/A],[N/A],12818,40960,157.96,60
2026-08-26T00:13:22.635804+00:00,20260825T235526Z_heavy_c2048_a9ff2b,1,[N/A],[N/A],213,40960,34.73,30
2026-08-26T00:13:22.635804+00:00,20260825T235526Z_heavy_c2048_a9ff2b,2,[N/A],[N/A],213,40960,35.38,30
2026-08-26T00:13:23.734050+00:00,20260825T235526Z_heavy_c2048_a9ff2b,0,[N/A],[N/A],12818,40960,145.31,59
2026-08-26T00:13:23.734050+00:00,20260825T235526Z_heavy_c2048_a9ff2b,1,[N/A],[N/A],213,40960,34.74,30
2026-08-26T00:13:23.734050+00:00,20260825T235526Z_heavy_c2048_a9ff2b,2,[N/A],[N/A],213,40960,35.38,30
2026-08-26T00:13:24.804042+00:00,20260825T235526Z_heavy_c2048_a9ff2b,0,[N/A],[N/A],12818,40960,171.81,59
2026-08-26T00:13:24.804042+00:00,20260825T235526Z_heavy_c2048_a9ff2b,1,[N/A],[N/A],213,40960,34.63,30
2026-08-26T00:13:24.804042+00:00,20260825T235526Z_heavy_c2048_a9ff2b,2,[N/A],[N/A],213,40960,35.38,30
2026-08-26T00:13:25.876049+00:00,20260825T235526Z_heavy_c2048_a9ff2b,0,[N/A],[N/A],12818,40960,167.49,60
2026-08-26T00:13:25.876049+00:00,20260825T235526Z_heavy_c2048_a9ff2b,1,[N/A],[N/A],213,40960,34.65,30
2026-08-26T00:13:25.876049+00:00,20260825T235526Z_heavy_c2048_a9ff2b,2,[N/A],[N/A],213,40960,35.38,30
2026-08-26T00:13:26.949686+00:00,20260825T235526Z_heavy_c2048_a9ff2b,0,[N/A],[N/A],12818,40960,159.97,59
2026-08-26T00:13:26.949686+00:00,20260825T235526Z_heavy_c2048_a9ff2b,1,[N/A],[N/A],213,40960,34.74,30
2026-08-26T00:13:26.949686+00:00,20260825T235526Z_heavy_c2048_a9ff2b,2,[N/A],[N/A],213,40960,35.38,30
2026-08-26T00:13:28.051272+00:00,20260825T235526Z_heavy_c2048_a9ff2b,0,[N/A],[N/A],12818,40960,165.93,60
2026-08-26T00:13:28.051272+00:00,20260825T235526Z_heavy_c2048_a9ff2b,1,[N/A],[N/A],213,40960,34.63,30
2026-08-26T00:13:28.051272+00:00,20260825T235526Z_heavy_c2048_a9ff2b,2,[N/A],[N/A],213,40960,35.38,30
2026-08-26T00:13:29.149070+00:00,20260825T235526Z_heavy_c2048_a9ff2b,0,[N/A],[N/A],12818,40960,221.87,60
2026-08-26T00:13:29.149070+00:00,20260825T235526Z_heavy_c2048_a9ff2b,1,[N/A],[N/A],213,40960,34.83,30
2026-08-26T00:13:29.149070+00:00,20260825T235526Z_heavy_c2048_a9ff2b,2,[N/A],[N/A],213,40960,35.38,30
2026-08-26T00:13:30.277898+00:00,20260825T235526Z_heavy_c2048_a9ff2b,0,[N/A],[N/A],12818,40960,132.34,60
2026-08-26T00:13:30.277898+00:00,20260825T235526Z_heavy_c2048_a9ff2b,1,[N/A],[N/A],213,40960,34.73,30
2026-08-26T00:13:30.277898+00:00,20260825T235526Z_heavy_c2048_a9ff2b,2,[N/A],[N/A],213,40960,35.36,30
2026-08-26T00:13:31.359506+00:00,20260825T235526Z_heavy_c2048_a9ff2b,0,[N/A],[N/A],12818,40960,170.60,60
2026-08-26T00:13:31.359506+00:00,20260825T235526Z_heavy_c2048_a9ff2b,1,[N/A],[N/A],213,40960,34.93,30
2026-08-26T00:13:31.359506+00:00,20260825T235526Z_heavy_c2048_a9ff2b,2,[N/A],[N/A],213,40960,35.38,30
2026-08-26T00:13:32.436321+00:00,20260825T235526Z_heavy_c2048_a9ff2b,0,[N/A],[N/A],12818,40960,145.45,60
2026-08-26T00:13:32.436321+00:00,20260825T235526Z_heavy_c2048_a9ff2b,1,[N/A],[N/A],213,40960,34.63,30
2026-08-26T00:13:32.436321+00:00,20260825T235526Z_heavy_c2048_a9ff2b,2,[N/A],[N/A],213,40960,35.38,30
2026-08-26T00:13:33.504046+00:00,20260825T235526Z_heavy_c2048_a9ff2b,0,[N/A],[N/A],12818,40960,214.43,61
2026-08-26T00:13:33.504046+00:00,20260825T235526Z_heavy_c2048_a9ff2b,1,[N/A],[N/A],213,40960,34.64,30
2026-08-26T00:13:33.504046+00:00,20260825T235526Z_heavy_c2048_a9ff2b,2,[N/A],[N/A],213,40960,35.38,30
2026-08-26T00:13:34.567068+00:00,20260825T235526Z_heavy_c2048_a9ff2b,0,[N/A],[N/A],12818,40960,221.77,61
2026-08-26T00:13:34.567068+00:00,20260825T235526Z_heavy_c2048_a9ff2b,1,[N/A],[N/A],213,40960,34.84,30
2026-08-26T00:13:34.567068+00:00,20260825T235526Z_heavy_c2048_a9ff2b,2,[N/A],[N/A],213,40960,35.38,30
2026-08-26T00:13:35.658289+00:00,20260825T235526Z_heavy_c2048_a9ff2b,0,[N/A],[N/A],12818,40960,190.83,60
2026-08-26T00:13:35.658289+00:00,20260825T235526Z_heavy_c2048_a9ff2b,1,[N/A],[N/A],213,40960,34.61,30
2026-08-26T00:13:35.658289+00:00,20260825T235526Z_heavy_c2048_a9ff2b,2,[N/A],[N/A],213,40960,35.47,30
2026-08-26T00:13:36.741051+00:00,20260825T235526Z_heavy_c2048_a9ff2b,0,[N/A],[N/A],12818,40960,218.78,61
2026-08-26T00:13:36.741051+00:00,20260825T235526Z_heavy_c2048_a9ff2b,1,[N/A],[N/A],213,40960,34.66,30
2026-08-26T00:13:36.741051+00:00,20260825T235526Z_heavy_c2048_a9ff2b,2,[N/A],[N/A],213,40960,35.38,30
2026-08-26T00:13:37.811708+00:00,20260825T235526Z_heavy_c2048_a9ff2b,0,[N/A],[N/A],12818,40960,179.15,61
2026-08-26T00:13:37.811708+00:00,20260825T235526Z_heavy_c2048_a9ff2b,1,[N/A],[N/A],213,40960,34.83,30
2026-08-26T00:13:37.811708+00:00,20260825T235526Z_heavy_c2048_a9ff2b,2,[N/A],[N/A],213,40960,35.38,30
2026-08-26T00:13:38.879840+00:00,20260825T235526Z_heavy_c2048_a9ff2b,0,[N/A],[N/A],12818,40960,145.16,59
2026-08-26T00:13:38.879840+00:00,20260825T235526Z_heavy_c2048_a9ff2b,1,[N/A],[N/A],213,40960,34.74,30
2026-08-26T00:13:38.879840+00:00,20260825T235526Z_heavy_c2048_a9ff2b,2,[N/A],[N/A],213,40960,35.38,30
2026-08-26T00:13:39.966622+00:00,20260825T235526Z_heavy_c2048_a9ff2b,0,[N/A],[N/A],12818,40960,216.71,60
2026-08-26T00:13:39.966622+00:00,20260825T235526Z_heavy_c2048_a9ff2b,1,[N/A],[N/A],213,40960,34.65,30
2026-08-26T00:13:39.966622+00:00,20260825T235526Z_heavy_c2048_a9ff2b,2,[N/A],[N/A],213,40960,35.47,30
2026-08-26T00:13:41.040882+00:00,20260825T235526Z_heavy_c2048_a9ff2b,0,[N/A],[N/A],12818,40960,195.23,60
2026-08-26T00:13:41.040882+00:00,20260825T235526Z_heavy_c2048_a9ff2b,1,[N/A],[N/A],213,40960,34.62,30
2026-08-26T00:13:41.040882+00:00,20260825T235526Z_heavy_c2048_a9ff2b,2,[N/A],[N/A],213,40960,35.57,30
2026-08-26T00:13:42.124938+00:00,20260825T235526Z_heavy_c2048_a9ff2b,0,[N/A],[N/A],12818,40960,220.79,60
2026-08-26T00:13:42.124938+00:00,20260825T235526Z_heavy_c2048_a9ff2b,1,[N/A],[N/A],213,40960,34.52,30
2026-08-26T00:13:42.124938+00:00,20260825T235526Z_heavy_c2048_a9ff2b,2,[N/A],[N/A],213,40960,35.57,30
2026-08-26T00:13:43.199471+00:00,20260825T235526Z_heavy_c2048_a9ff2b,0,[N/A],[N/A],12818,40960,212.78,62
2026-08-26T00:13:43.199471+00:00,20260825T235526Z_heavy_c2048_a9ff2b,1,[N/A],[N/A],213,40960,34.72,30
2026-08-26T00:13:43.199471+00:00,20260825T235526Z_heavy_c2048_a9ff2b,2,[N/A],[N/A],213,40960,35.47,30
2026-08-26T00:13:44.272058+00:00,20260825T235526Z_heavy_c2048_a9ff2b,0,[N/A],[N/A],12818,40960,155.74,61
2026-08-26T00:13:44.272058+00:00,20260825T235526Z_heavy_c2048_a9ff2b,1,[N/A],[N/A],213,40960,34.72,30
2026-08-26T00:13:44.272058+00:00,20260825T235526Z_heavy_c2048_a9ff2b,2,[N/A],[N/A],213,40960,35.47,30
2026-08-26T00:13:45.353792+00:00,20260825T235526Z_heavy_c2048_a9ff2b,0,[N/A],[N/A],12818,40960,147.38,61
2026-08-26T00:13:45.353792+00:00,20260825T235526Z_heavy_c2048_a9ff2b,1,[N/A],[N/A],213,40960,34.61,30
2026-08-26T00:13:45.353792+00:00,20260825T235526Z_heavy_c2048_a9ff2b,2,[N/A],[N/A],213,40960,35.40,30
2026-08-26T00:13:46.422740+00:00,20260825T235526Z_heavy_c2048_a9ff2b,0,[N/A],[N/A],12818,40960,186.02,62
2026-08-26T00:13:46.422740+00:00,20260825T235526Z_heavy_c2048_a9ff2b,1,[N/A],[N/A],213,40960,34.51,30
2026-08-26T00:13:46.422740+00:00,20260825T235526Z_heavy_c2048_a9ff2b,2,[N/A],[N/A],213,40960,35.27,30
2026-08-26T00:13:47.502038+00:00,20260825T235526Z_heavy_c2048_a9ff2b,0,[N/A],[N/A],12818,40960,147.33,60
2026-08-26T00:13:47.502038+00:00,20260825T235526Z_heavy_c2048_a9ff2b,1,[N/A],[N/A],213,40960,34.72,30
2026-08-26T00:13:47.502038+00:00,20260825T235526Z_heavy_c2048_a9ff2b,2,[N/A],[N/A],213,40960,35.47,30
2026-08-26T00:13:48.589046+00:00,20260825T235526Z_heavy_c2048_a9ff2b,0,[N/A],[N/A],12818,40960,144.27,60
2026-08-26T00:13:48.589046+00:00,20260825T235526Z_heavy_c2048_a9ff2b,1,[N/A],[N/A],213,40960,34.74,30
2026-08-26T00:13:48.589046+00:00,20260825T235526Z_heavy_c2048_a9ff2b,2,[N/A],[N/A],213,40960,35.38,30
2026-08-26T00:13:49.658956+00:00,20260825T235526Z_heavy_c2048_a9ff2b,0,[N/A],[N/A],12818,40960,232.27,60
2026-08-26T00:13:49.658956+00:00,20260825T235526Z_heavy_c2048_a9ff2b,1,[N/A],[N/A],213,40960,34.74,30
2026-08-26T00:13:49.658956+00:00,20260825T235526Z_heavy_c2048_a9ff2b,2,[N/A],[N/A],213,40960,35.50,30
2026-08-26T00:13:50.749572+00:00,20260825T235526Z_heavy_c2048_a9ff2b,0,[N/A],[N/A],12818,40960,164.94,60
2026-08-26T00:13:50.749572+00:00,20260825T235526Z_heavy_c2048_a9ff2b,1,[N/A],[N/A],213,40960,34.73,30
2026-08-26T00:13:50.749572+00:00,20260825T235526Z_heavy_c2048_a9ff2b,2,[N/A],[N/A],213,40960,35.47,30
2026-08-26T00:13:51.847269+00:00,20260825T235526Z_heavy_c2048_a9ff2b,0,[N/A],[N/A],12818,40960,231.59,61
2026-08-26T00:13:51.847269+00:00,20260825T235526Z_heavy_c2048_a9ff2b,1,[N/A],[N/A],213,40960,34.73,30
2026-08-26T00:13:51.847269+00:00,20260825T235526Z_heavy_c2048_a9ff2b,2,[N/A],[N/A],213,40960,35.47,30
2026-08-26T00:13:52.952045+00:00,20260825T235526Z_heavy_c2048_a9ff2b,0,[N/A],[N/A],12818,40960,188.51,60
2026-08-26T00:13:52.952045+00:00,20260825T235526Z_heavy_c2048_a9ff2b,1,[N/A],[N/A],213,40960,34.74,30
2026-08-26T00:13:52.952045+00:00,20260825T235526Z_heavy_c2048_a9ff2b,2,[N/A],[N/A],213,40960,35.40,30
2026-08-26T00:13:54.031091+00:00,20260825T235526Z_heavy_c2048_a9ff2b,0,[N/A],[N/A],12818,40960,191.45,61
2026-08-26T00:13:54.031091+00:00,20260825T235526Z_heavy_c2048_a9ff2b,1,[N/A],[N/A],213,40960,34.63,30
2026-08-26T00:13:54.031091+00:00,20260825T235526Z_heavy_c2048_a9ff2b,2,[N/A],[N/A],213,40960,35.47,30
2026-08-26T00:13:55.098275+00:00,20260825T235526Z_heavy_c2048_a9ff2b,0,[N/A],[N/A],12818,40960,184.53,61
2026-08-26T00:13:55.098275+00:00,20260825T235526Z_heavy_c2048_a9ff2b,1,[N/A],[N/A],213,40960,34.73,30
2026-08-26T00:13:55.098275+00:00,20260825T235526Z_heavy_c2048_a9ff2b,2,[N/A],[N/A],213,40960,35.47,30
2026-08-26T00:13:56.167514+00:00,20260825T235526Z_heavy_c2048_a9ff2b,0,[N/A],[N/A],12818,40960,194.25,61
2026-08-26T00:13:56.167514+00:00,20260825T235526Z_heavy_c2048_a9ff2b,1,[N/A],[N/A],213,40960,35.12,30
2026-08-26T00:13:56.167514+00:00,20260825T235526Z_heavy_c2048_a9ff2b,2,[N/A],[N/A],213,40960,35.47,30
2026-08-26T00:13:57.248054+00:00,20260825T235526Z_heavy_c2048_a9ff2b,0,[N/A],[N/A],12818,40960,164.33,61
2026-08-26T00:13:57.248054+00:00,20260825T235526Z_heavy_c2048_a9ff2b,1,[N/A],[N/A],213,40960,34.73,30
2026-08-26T00:13:57.248054+00:00,20260825T235526Z_heavy_c2048_a9ff2b,2,[N/A],[N/A],213,40960,35.57,30
2026-08-26T00:13:58.321004+00:00,20260825T235526Z_heavy_c2048_a9ff2b,0,[N/A],[N/A],12818,40960,203.51,61
2026-08-26T00:13:58.321004+00:00,20260825T235526Z_heavy_c2048_a9ff2b,1,[N/A],[N/A],213,40960,34.73,30
2026-08-26T00:13:58.321004+00:00,20260825T235526Z_heavy_c2048_a9ff2b,2,[N/A],[N/A],213,40960,35.47,30
2026-08-26T00:13:59.392874+00:00,20260825T235526Z_heavy_c2048_a9ff2b,0,[N/A],[N/A],12818,40960,162.07,60
2026-08-26T00:13:59.392874+00:00,20260825T235526Z_heavy_c2048_a9ff2b,1,[N/A],[N/A],213,40960,34.83,30
2026-08-26T00:13:59.392874+00:00,20260825T235526Z_heavy_c2048_a9ff2b,2,[N/A],[N/A],213,40960,35.47,30
2026-08-26T00:14:00.478754+00:00,20260825T235526Z_heavy_c2048_a9ff2b,0,[N/A],[N/A],12818,40960,181.30,61
2026-08-26T00:14:00.478754+00:00,20260825T235526Z_heavy_c2048_a9ff2b,1,[N/A],[N/A],213,40960,34.84,30
2026-08-26T00:14:00.478754+00:00,20260825T235526Z_heavy_c2048_a9ff2b,2,[N/A],[N/A],213,40960,35.38,31
2026-08-26T00:14:01.556501+00:00,20260825T235526Z_heavy_c2048_a9ff2b,0,[N/A],[N/A],12818,40960,154.49,61
2026-08-26T00:14:01.556501+00:00,20260825T235526Z_heavy_c2048_a9ff2b,1,[N/A],[N/A],213,40960,34.84,30
2026-08-26T00:14:01.556501+00:00,20260825T235526Z_heavy_c2048_a9ff2b,2,[N/A],[N/A],213,40960,35.38,30
2026-08-26T00:14:02.633204+00:00,20260825T235526Z_heavy_c2048_a9ff2b,0,[N/A],[N/A],12818,40960,165.52,61
2026-08-26T00:14:02.633204+00:00,20260825T235526Z_heavy_c2048_a9ff2b,1,[N/A],[N/A],213,40960,34.73,30
2026-08-26T00:14:02.633204+00:00,20260825T235526Z_heavy_c2048_a9ff2b,2,[N/A],[N/A],213,40960,35.38,31
2026-08-26T00:14:03.714462+00:00,20260825T235526Z_heavy_c2048_a9ff2b,0,[N/A],[N/A],12818,40960,175.72,61
2026-08-26T00:14:03.714462+00:00,20260825T235526Z_heavy_c2048_a9ff2b,1,[N/A],[N/A],213,40960,34.92,30
2026-08-26T00:14:03.714462+00:00,20260825T235526Z_heavy_c2048_a9ff2b,2,[N/A],[N/A],213,40960,35.38,30
2026-08-26T00:14:04.782784+00:00,20260825T235526Z_heavy_c2048_a9ff2b,0,[N/A],[N/A],12818,40960,183.00,61
2026-08-26T00:14:04.782784+00:00,20260825T235526Z_heavy_c2048_a9ff2b,1,[N/A],[N/A],213,40960,34.72,30
2026-08-26T00:14:04.782784+00:00,20260825T235526Z_heavy_c2048_a9ff2b,2,[N/A],[N/A],213,40960,35.38,31
2026-08-26T00:14:05.856592+00:00,20260825T235526Z_heavy_c2048_a9ff2b,0,[N/A],[N/A],12818,40960,154.12,61
2026-08-26T00:14:05.856592+00:00,20260825T235526Z_heavy_c2048_a9ff2b,1,[N/A],[N/A],213,40960,34.74,30
2026-08-26T00:14:05.856592+00:00,20260825T235526Z_heavy_c2048_a9ff2b,2,[N/A],[N/A],213,40960,35.38,31
2026-08-26T00:14:06.928953+00:00,20260825T235526Z_heavy_c2048_a9ff2b,0,[N/A],[N/A],12818,40960,174.38,61
2026-08-26T00:14:06.928953+00:00,20260825T235526Z_heavy_c2048_a9ff2b,1,[N/A],[N/A],213,40960,34.93,30
2026-08-26T00:14:06.928953+00:00,20260825T235526Z_heavy_c2048_a9ff2b,2,[N/A],[N/A],213,40960,35.47,31
2026-08-26T00:14:08.006108+00:00,20260825T235526Z_heavy_c2048_a9ff2b,0,[N/A],[N/A],12818,40960,183.73,61
2026-08-26T00:14:08.006108+00:00,20260825T235526Z_heavy_c2048_a9ff2b,1,[N/A],[N/A],213,40960,34.81,30
2026-08-26T00:14:08.006108+00:00,20260825T235526Z_heavy_c2048_a9ff2b,2,[N/A],[N/A],213,40960,35.38,31
2026-08-26T00:14:09.075655+00:00,20260825T235526Z_heavy_c2048_a9ff2b,0,[N/A],[N/A],12818,40960,194.13,61
2026-08-26T00:14:09.075655+00:00,20260825T235526Z_heavy_c2048_a9ff2b,1,[N/A],[N/A],213,40960,34.82,30
2026-08-26T00:14:09.075655+00:00,20260825T235526Z_heavy_c2048_a9ff2b,2,[N/A],[N/A],213,40960,35.38,31
2026-08-26T00:14:10.144927+00:00,20260825T235526Z_heavy_c2048_a9ff2b,0,[N/A],[N/A],12818,40960,182.17,61
2026-08-26T00:14:10.144927+00:00,20260825T235526Z_heavy_c2048_a9ff2b,1,[N/A],[N/A],213,40960,34.84,30
2026-08-26T00:14:10.144927+00:00,20260825T235526Z_heavy_c2048_a9ff2b,2,[N/A],[N/A],213,40960,35.40,31
2026-08-26T00:14:11.209833+00:00,20260825T235526Z_heavy_c2048_a9ff2b,0,[N/A],[N/A],12818,40960,186.13,61
2026-08-26T00:14:11.209833+00:00,20260825T235526Z_heavy_c2048_a9ff2b,1,[N/A],[N/A],213,40960,34.71,30
2026-08-26T00:14:11.209833+00:00,20260825T235526Z_heavy_c2048_a9ff2b,2,[N/A],[N/A],213,40960,35.49,31
2026-08-26T00:14:12.291041+00:00,20260825T235526Z_heavy_c2048_a9ff2b,0,[N/A],[N/A],12818,40960,165.30,61
2026-08-26T00:14:12.291041+00:00,20260825T235526Z_heavy_c2048_a9ff2b,1,[N/A],[N/A],213,40960,34.84,30
2026-08-26T00:14:12.291041+00:00,20260825T235526Z_heavy_c2048_a9ff2b,2,[N/A],[N/A],213,40960,35.27,31
2026-08-26T00:14:13.356403+00:00,20260825T235526Z_heavy_c2048_a9ff2b,0,[N/A],[N/A],12818,40960,191.59,61
2026-08-26T00:14:13.356403+00:00,20260825T235526Z_heavy_c2048_a9ff2b,1,[N/A],[N/A],213,40960,34.82,30
2026-08-26T00:14:13.356403+00:00,20260825T235526Z_heavy_c2048_a9ff2b,2,[N/A],[N/A],213,40960,35.47,31
2026-08-26T00:14:14.424917+00:00,20260825T235526Z_heavy_c2048_a9ff2b,0,[N/A],[N/A],12818,40960,191.06,62
2026-08-26T00:14:14.424917+00:00,20260825T235526Z_heavy_c2048_a9ff2b,1,[N/A],[N/A],213,40960,34.63,30
2026-08-26T00:14:14.424917+00:00,20260825T235526Z_heavy_c2048_a9ff2b,2,[N/A],[N/A],213,40960,35.47,31
2026-08-26T00:14:15.497050+00:00,20260825T235526Z_heavy_c2048_a9ff2b,0,[N/A],[N/A],12818,40960,177.96,62
2026-08-26T00:14:15.497050+00:00,20260825T235526Z_heavy_c2048_a9ff2b,1,[N/A],[N/A],213,40960,34.74,30
2026-08-26T00:14:15.497050+00:00,20260825T235526Z_heavy_c2048_a9ff2b,2,[N/A],[N/A],213,40960,35.47,31
2026-08-26T00:14:16.565034+00:00,20260825T235526Z_heavy_c2048_a9ff2b,0,[N/A],[N/A],12818,40960,181.78,61
2026-08-26T00:14:16.565034+00:00,20260825T235526Z_heavy_c2048_a9ff2b,1,[N/A],[N/A],213,40960,34.83,30
2026-08-26T00:14:16.565034+00:00,20260825T235526Z_heavy_c2048_a9ff2b,2,[N/A],[N/A],213,40960,35.38,31
2026-08-26T00:14:17.637495+00:00,20260825T235526Z_heavy_c2048_a9ff2b,0,[N/A],[N/A],12818,40960,193.75,62
2026-08-26T00:14:17.637495+00:00,20260825T235526Z_heavy_c2048_a9ff2b,1,[N/A],[N/A],213,40960,34.82,30
2026-08-26T00:14:17.637495+00:00,20260825T235526Z_heavy_c2048_a9ff2b,2,[N/A],[N/A],213,40960,35.38,31
2026-08-26T00:14:18.721492+00:00,20260825T235526Z_heavy_c2048_a9ff2b,0,[N/A],[N/A],12818,40960,188.91,62
2026-08-26T00:14:18.721492+00:00,20260825T235526Z_heavy_c2048_a9ff2b,1,[N/A],[N/A],213,40960,34.92,30
2026-08-26T00:14:18.721492+00:00,20260825T235526Z_heavy_c2048_a9ff2b,2,[N/A],[N/A],213,40960,35.38,31
2026-08-26T00:14:19.790289+00:00,20260825T235526Z_heavy_c2048_a9ff2b,0,[N/A],[N/A],12818,40960,168.43,61
2026-08-26T00:14:19.790289+00:00,20260825T235526Z_heavy_c2048_a9ff2b,1,[N/A],[N/A],213,40960,34.84,30
2026-08-26T00:14:19.790289+00:00,20260825T235526Z_heavy_c2048_a9ff2b,2,[N/A],[N/A],213,40960,35.38,31
2026-08-26T00:14:20.869051+00:00,20260825T235526Z_heavy_c2048_a9ff2b,0,[N/A],[N/A],12818,40960,165.12,62
2026-08-26T00:14:20.869051+00:00,20260825T235526Z_heavy_c2048_a9ff2b,1,[N/A],[N/A],213,40960,35.13,30
2026-08-26T00:14:20.869051+00:00,20260825T235526Z_heavy_c2048_a9ff2b,2,[N/A],[N/A],213,40960,35.57,31
2026-08-26T00:14:21.958459+00:00,20260825T235526Z_heavy_c2048_a9ff2b,0,[N/A],[N/A],12818,40960,207.64,62
2026-08-26T00:14:21.958459+00:00,20260825T235526Z_heavy_c2048_a9ff2b,1,[N/A],[N/A],213,40960,34.86,30
2026-08-26T00:14:21.958459+00:00,20260825T235526Z_heavy_c2048_a9ff2b,2,[N/A],[N/A],213,40960,35.47,31
2026-08-26T00:14:23.032860+00:00,20260825T235526Z_heavy_c2048_a9ff2b,0,[N/A],[N/A],12818,40960,226.09,62
2026-08-26T00:14:23.032860+00:00,20260825T235526Z_heavy_c2048_a9ff2b,1,[N/A],[N/A],213,40960,34.72,30
2026-08-26T00:14:23.032860+00:00,20260825T235526Z_heavy_c2048_a9ff2b,2,[N/A],[N/A],213,40960,35.48,31
2026-08-26T00:14:24.098638+00:00,20260825T235526Z_heavy_c2048_a9ff2b,0,[N/A],[N/A],12818,40960,174.51,61
2026-08-26T00:14:24.098638+00:00,20260825T235526Z_heavy_c2048_a9ff2b,1,[N/A],[N/A],213,40960,34.64,30
2026-08-26T00:14:24.098638+00:00,20260825T235526Z_heavy_c2048_a9ff2b,2,[N/A],[N/A],213,40960,35.38,31
2026-08-26T00:14:25.195599+00:00,20260825T235526Z_heavy_c2048_a9ff2b,0,[N/A],[N/A],12818,40960,191.44,62
2026-08-26T00:14:25.195599+00:00,20260825T235526Z_heavy_c2048_a9ff2b,1,[N/A],[N/A],213,40960,34.73,30
2026-08-26T00:14:25.195599+00:00,20260825T235526Z_heavy_c2048_a9ff2b,2,[N/A],[N/A],213,40960,35.47,31
2026-08-26T00:14:26.260625+00:00,20260825T235526Z_heavy_c2048_a9ff2b,0,[N/A],[N/A],12818,40960,183.00,61
2026-08-26T00:14:26.260625+00:00,20260825T235526Z_heavy_c2048_a9ff2b,1,[N/A],[N/A],213,40960,34.63,30
2026-08-26T00:14:26.260625+00:00,20260825T235526Z_heavy_c2048_a9ff2b,2,[N/A],[N/A],213,40960,35.77,31
2026-08-26T00:14:27.327356+00:00,20260825T235526Z_heavy_c2048_a9ff2b,0,[N/A],[N/A],12818,40960,188.22,61
2026-08-26T00:14:27.327356+00:00,20260825T235526Z_heavy_c2048_a9ff2b,1,[N/A],[N/A],213,40960,34.73,30
2026-08-26T00:14:27.327356+00:00,20260825T235526Z_heavy_c2048_a9ff2b,2,[N/A],[N/A],213,40960,35.38,31
2026-08-26T00:14:28.397279+00:00,20260825T235526Z_heavy_c2048_a9ff2b,0,[N/A],[N/A],12818,40960,190.72,61
2026-08-26T00:14:28.397279+00:00,20260825T235526Z_heavy_c2048_a9ff2b,1,[N/A],[N/A],213,40960,35.03,30
2026-08-26T00:14:28.397279+00:00,20260825T235526Z_heavy_c2048_a9ff2b,2,[N/A],[N/A],213,40960,35.38,31
2026-08-26T00:14:29.481650+00:00,20260825T235526Z_heavy_c2048_a9ff2b,0,[N/A],[N/A],12818,40960,187.28,62
2026-08-26T00:14:29.481650+00:00,20260825T235526Z_heavy_c2048_a9ff2b,1,[N/A],[N/A],213,40960,34.74,30
2026-08-26T00:14:29.481650+00:00,20260825T235526Z_heavy_c2048_a9ff2b,2,[N/A],[N/A],213,40960,35.47,31
2026-08-26T00:14:30.558628+00:00,20260825T235526Z_heavy_c2048_a9ff2b,0,[N/A],[N/A],12818,40960,186.64,61
2026-08-26T00:14:30.558628+00:00,20260825T235526Z_heavy_c2048_a9ff2b,1,[N/A],[N/A],213,40960,34.74,30
2026-08-26T00:14:30.558628+00:00,20260825T235526Z_heavy_c2048_a9ff2b,2,[N/A],[N/A],213,40960,35.87,31
2026-08-26T00:14:31.646483+00:00,20260825T235526Z_heavy_c2048_a9ff2b,0,[N/A],[N/A],12818,40960,189.54,62
2026-08-26T00:14:31.646483+00:00,20260825T235526Z_heavy_c2048_a9ff2b,1,[N/A],[N/A],213,40960,34.84,30
2026-08-26T00:14:31.646483+00:00,20260825T235526Z_heavy_c2048_a9ff2b,2,[N/A],[N/A],213,40960,35.38,31
2026-08-26T00:14:32.727920+00:00,20260825T235526Z_heavy_c2048_a9ff2b,0,[N/A],[N/A],12818,40960,182.37,62
2026-08-26T00:14:32.727920+00:00,20260825T235526Z_heavy_c2048_a9ff2b,1,[N/A],[N/A],213,40960,34.72,30
2026-08-26T00:14:32.727920+00:00,20260825T235526Z_heavy_c2048_a9ff2b,2,[N/A],[N/A],213,40960,35.57,31
2026-08-26T00:14:33.809938+00:00,20260825T235526Z_heavy_c2048_a9ff2b,0,[N/A],[N/A],12818,40960,171.96,62
2026-08-26T00:14:33.809938+00:00,20260825T235526Z_heavy_c2048_a9ff2b,1,[N/A],[N/A],213,40960,34.83,30
2026-08-26T00:14:33.809938+00:00,20260825T235526Z_heavy_c2048_a9ff2b,2,[N/A],[N/A],213,40960,35.47,31
2026-08-26T00:14:34.885105+00:00,20260825T235526Z_heavy_c2048_a9ff2b,0,[N/A],[N/A],12818,40960,225.98,62
2026-08-26T00:14:34.885105+00:00,20260825T235526Z_heavy_c2048_a9ff2b,1,[N/A],[N/A],213,40960,34.72,30
2026-08-26T00:14:34.885105+00:00,20260825T235526Z_heavy_c2048_a9ff2b,2,[N/A],[N/A],213,40960,35.38,31
2026-08-26T00:14:35.961316+00:00,20260825T235526Z_heavy_c2048_a9ff2b,0,[N/A],[N/A],12818,40960,156.55,62
2026-08-26T00:14:35.961316+00:00,20260825T235526Z_heavy_c2048_a9ff2b,1,[N/A],[N/A],213,40960,34.81,30
2026-08-26T00:14:35.961316+00:00,20260825T235526Z_heavy_c2048_a9ff2b,2,[N/A],[N/A],213,40960,35.49,31
2026-08-26T00:14:37.026057+00:00,20260825T235526Z_heavy_c2048_a9ff2b,0,[N/A],[N/A],12818,40960,194.90,62
2026-08-26T00:14:37.026057+00:00,20260825T235526Z_heavy_c2048_a9ff2b,1,[N/A],[N/A],213,40960,34.83,30
2026-08-26T00:14:37.026057+00:00,20260825T235526Z_heavy_c2048_a9ff2b,2,[N/A],[N/A],213,40960,35.57,31
2026-08-26T00:14:38.099614+00:00,20260825T235526Z_heavy_c2048_a9ff2b,0,[N/A],[N/A],12818,40960,180.89,62
2026-08-26T00:14:38.099614+00:00,20260825T235526Z_heavy_c2048_a9ff2b,1,[N/A],[N/A],213,40960,34.73,30
2026-08-26T00:14:38.099614+00:00,20260825T235526Z_heavy_c2048_a9ff2b,2,[N/A],[N/A],213,40960,35.60,31
2026-08-26T00:14:39.179284+00:00,20260825T235526Z_heavy_c2048_a9ff2b,0,[N/A],[N/A],12818,40960,217.38,62
2026-08-26T00:14:39.179284+00:00,20260825T235526Z_heavy_c2048_a9ff2b,1,[N/A],[N/A],213,40960,34.63,30
2026-08-26T00:14:39.179284+00:00,20260825T235526Z_heavy_c2048_a9ff2b,2,[N/A],[N/A],213,40960,35.47,31
2026-08-26T00:14:40.260021+00:00,20260825T235526Z_heavy_c2048_a9ff2b,0,[N/A],[N/A],12818,40960,186.90,62
2026-08-26T00:14:40.260021+00:00,20260825T235526Z_heavy_c2048_a9ff2b,1,[N/A],[N/A],213,40960,34.73,30
2026-08-26T00:14:40.260021+00:00,20260825T235526Z_heavy_c2048_a9ff2b,2,[N/A],[N/A],213,40960,35.38,31
2026-08-26T00:14:41.324751+00:00,20260825T235526Z_heavy_c2048_a9ff2b,0,[N/A],[N/A],12818,40960,189.97,62
2026-08-26T00:14:41.324751+00:00,20260825T235526Z_heavy_c2048_a9ff2b,1,[N/A],[N/A],213,40960,34.73,30
2026-08-26T00:14:41.324751+00:00,20260825T235526Z_heavy_c2048_a9ff2b,2,[N/A],[N/A],213,40960,35.47,31
2026-08-26T00:14:42.411672+00:00,20260825T235526Z_heavy_c2048_a9ff2b,0,[N/A],[N/A],12818,40960,176.20,62
2026-08-26T00:14:42.411672+00:00,20260825T235526Z_heavy_c2048_a9ff2b,1,[N/A],[N/A],213,40960,34.73,30
2026-08-26T00:14:42.411672+00:00,20260825T235526Z_heavy_c2048_a9ff2b,2,[N/A],[N/A],213,40960,35.57,31
2026-08-26T00:14:43.491808+00:00,20260825T235526Z_heavy_c2048_a9ff2b,0,[N/A],[N/A],12818,40960,163.83,62
2026-08-26T00:14:43.491808+00:00,20260825T235526Z_heavy_c2048_a9ff2b,1,[N/A],[N/A],213,40960,34.83,30
2026-08-26T00:14:43.491808+00:00,20260825T235526Z_heavy_c2048_a9ff2b,2,[N/A],[N/A],213,40960,35.58,31
2026-08-26T00:14:44.578055+00:00,20260825T235526Z_heavy_c2048_a9ff2b,0,[N/A],[N/A],12818,40960,166.35,61
2026-08-26T00:14:44.578055+00:00,20260825T235526Z_heavy_c2048_a9ff2b,1,[N/A],[N/A],213,40960,34.73,30
2026-08-26T00:14:44.578055+00:00,20260825T235526Z_heavy_c2048_a9ff2b,2,[N/A],[N/A],213,40960,35.49,31
2026-08-26T00:14:45.660235+00:00,20260825T235526Z_heavy_c2048_a9ff2b,0,[N/A],[N/A],12818,40960,131.65,62
2026-08-26T00:14:45.660235+00:00,20260825T235526Z_heavy_c2048_a9ff2b,1,[N/A],[N/A],213,40960,34.73,30
2026-08-26T00:14:45.660235+00:00,20260825T235526Z_heavy_c2048_a9ff2b,2,[N/A],[N/A],213,40960,35.56,31
2026-08-26T00:14:46.738403+00:00,20260825T235526Z_heavy_c2048_a9ff2b,0,[N/A],[N/A],12818,40960,225.47,63
2026-08-26T00:14:46.738403+00:00,20260825T235526Z_heavy_c2048_a9ff2b,1,[N/A],[N/A],213,40960,34.82,30
2026-08-26T00:14:46.738403+00:00,20260825T235526Z_heavy_c2048_a9ff2b,2,[N/A],[N/A],213,40960,35.48,31
2026-08-26T00:14:47.804174+00:00,20260825T235526Z_heavy_c2048_a9ff2b,0,[N/A],[N/A],12818,40960,184.50,62
2026-08-26T00:14:47.804174+00:00,20260825T235526Z_heavy_c2048_a9ff2b,1,[N/A],[N/A],213,40960,34.84,30
2026-08-26T00:14:47.804174+00:00,20260825T235526Z_heavy_c2048_a9ff2b,2,[N/A],[N/A],213,40960,35.48,31
2026-08-26T00:14:48.874587+00:00,20260825T235526Z_heavy_c2048_a9ff2b,0,[N/A],[N/A],12818,40960,130.36,62
2026-08-26T00:14:48.874587+00:00,20260825T235526Z_heavy_c2048_a9ff2b,1,[N/A],[N/A],213,40960,34.83,30
2026-08-26T00:14:48.874587+00:00,20260825T235526Z_heavy_c2048_a9ff2b,2,[N/A],[N/A],213,40960,35.57,31
2026-08-26T00:14:49.939688+00:00,20260825T235526Z_heavy_c2048_a9ff2b,0,[N/A],[N/A],12818,40960,162.95,62
2026-08-26T00:14:49.939688+00:00,20260825T235526Z_heavy_c2048_a9ff2b,1,[N/A],[N/A],213,40960,34.72,30
2026-08-26T00:14:49.939688+00:00,20260825T235526Z_heavy_c2048_a9ff2b,2,[N/A],[N/A],213,40960,35.38,31
2026-08-26T00:14:51.015057+00:00,20260825T235526Z_heavy_c2048_a9ff2b,0,[N/A],[N/A],12818,40960,188.57,62
2026-08-26T00:14:51.015057+00:00,20260825T235526Z_heavy_c2048_a9ff2b,1,[N/A],[N/A],213,40960,34.84,30
2026-08-26T00:14:51.015057+00:00,20260825T235526Z_heavy_c2048_a9ff2b,2,[N/A],[N/A],213,40960,35.57,31
2026-08-26T00:14:52.083440+00:00,20260825T235526Z_heavy_c2048_a9ff2b,0,[N/A],[N/A],12818,40960,173.86,62
2026-08-26T00:14:52.083440+00:00,20260825T235526Z_heavy_c2048_a9ff2b,1,[N/A],[N/A],213,40960,34.74,30
2026-08-26T00:14:52.083440+00:00,20260825T235526Z_heavy_c2048_a9ff2b,2,[N/A],[N/A],213,40960,35.47,31
2026-08-26T00:14:53.162569+00:00,20260825T235526Z_heavy_c2048_a9ff2b,0,[N/A],[N/A],12818,40960,181.01,62
2026-08-26T00:14:53.162569+00:00,20260825T235526Z_heavy_c2048_a9ff2b,1,[N/A],[N/A],213,40960,34.84,30
2026-08-26T00:14:53.162569+00:00,20260825T235526Z_heavy_c2048_a9ff2b,2,[N/A],[N/A],213,40960,35.87,31
2026-08-26T00:14:54.241317+00:00,20260825T235526Z_heavy_c2048_a9ff2b,0,[N/A],[N/A],12818,40960,183.94,62
2026-08-26T00:14:54.241317+00:00,20260825T235526Z_heavy_c2048_a9ff2b,1,[N/A],[N/A],213,40960,34.73,30
2026-08-26T00:14:54.241317+00:00,20260825T235526Z_heavy_c2048_a9ff2b,2,[N/A],[N/A],213,40960,35.48,31
2026-08-26T00:14:55.310738+00:00,20260825T235526Z_heavy_c2048_a9ff2b,0,[N/A],[N/A],12818,40960,178.51,62
2026-08-26T00:14:55.310738+00:00,20260825T235526Z_heavy_c2048_a9ff2b,1,[N/A],[N/A],213,40960,35.03,30
2026-08-26T00:14:55.310738+00:00,20260825T235526Z_heavy_c2048_a9ff2b,2,[N/A],[N/A],213,40960,35.48,31
2026-08-26T00:14:56.391793+00:00,20260825T235526Z_heavy_c2048_a9ff2b,0,[N/A],[N/A],12818,40960,172.95,62
2026-08-26T00:14:56.391793+00:00,20260825T235526Z_heavy_c2048_a9ff2b,1,[N/A],[N/A],213,40960,34.84,30
2026-08-26T00:14:56.391793+00:00,20260825T235526Z_heavy_c2048_a9ff2b,2,[N/A],[N/A],213,40960,35.57,31
2026-08-26T00:14:57.460248+00:00,20260825T235526Z_heavy_c2048_a9ff2b,0,[N/A],[N/A],12818,40960,188.21,62
2026-08-26T00:14:57.460248+00:00,20260825T235526Z_heavy_c2048_a9ff2b,1,[N/A],[N/A],213,40960,34.72,30
2026-08-26T00:14:57.460248+00:00,20260825T235526Z_heavy_c2048_a9ff2b,2,[N/A],[N/A],213,40960,35.47,31
2026-08-26T00:14:58.537582+00:00,20260825T235526Z_heavy_c2048_a9ff2b,0,[N/A],[N/A],12818,40960,197.06,62
2026-08-26T00:14:58.537582+00:00,20260825T235526Z_heavy_c2048_a9ff2b,1,[N/A],[N/A],213,40960,34.83,30
2026-08-26T00:14:58.537582+00:00,20260825T235526Z_heavy_c2048_a9ff2b,2,[N/A],[N/A],213,40960,35.67,31
2026-08-26T00:14:59.622451+00:00,20260825T235526Z_heavy_c2048_a9ff2b,0,[N/A],[N/A],12818,40960,172.20,62
2026-08-26T00:14:59.622451+00:00,20260825T235526Z_heavy_c2048_a9ff2b,1,[N/A],[N/A],213,40960,34.74,30
2026-08-26T00:14:59.622451+00:00,20260825T235526Z_heavy_c2048_a9ff2b,2,[N/A],[N/A],213,40960,35.67,31
2026-08-26T00:15:00.700559+00:00,20260825T235526Z_heavy_c2048_a9ff2b,0,[N/A],[N/A],12818,40960,188.55,62
2026-08-26T00:15:00.700559+00:00,20260825T235526Z_heavy_c2048_a9ff2b,1,[N/A],[N/A],213,40960,34.72,30
2026-08-26T00:15:00.700559+00:00,20260825T235526Z_heavy_c2048_a9ff2b,2,[N/A],[N/A],213,40960,35.47,31
2026-08-26T00:15:01.771206+00:00,20260825T235526Z_heavy_c2048_a9ff2b,0,[N/A],[N/A],12818,40960,190.01,62
2026-08-26T00:15:01.771206+00:00,20260825T235526Z_heavy_c2048_a9ff2b,1,[N/A],[N/A],213,40960,34.74,30
2026-08-26T00:15:01.771206+00:00,20260825T235526Z_heavy_c2048_a9ff2b,2,[N/A],[N/A],213,40960,35.47,31
2026-08-26T00:15:02.840573+00:00,20260825T235526Z_heavy_c2048_a9ff2b,0,[N/A],[N/A],12818,40960,211.46,62
2026-08-26T00:15:02.840573+00:00,20260825T235526Z_heavy_c2048_a9ff2b,1,[N/A],[N/A],213,40960,34.84,30
2026-08-26T00:15:02.840573+00:00,20260825T235526Z_heavy_c2048_a9ff2b,2,[N/A],[N/A],213,40960,35.57,31
2026-08-26T00:15:03.921708+00:00,20260825T235526Z_heavy_c2048_a9ff2b,0,[N/A],[N/A],12818,40960,173.09,62
2026-08-26T00:15:03.921708+00:00,20260825T235526Z_heavy_c2048_a9ff2b,1,[N/A],[N/A],213,40960,34.74,30
2026-08-26T00:15:03.921708+00:00,20260825T235526Z_heavy_c2048_a9ff2b,2,[N/A],[N/A],213,40960,35.67,31
2026-08-26T00:15:04.993888+00:00,20260825T235526Z_heavy_c2048_a9ff2b,0,[N/A],[N/A],12818,40960,159.33,62
2026-08-26T00:15:04.993888+00:00,20260825T235526Z_heavy_c2048_a9ff2b,1,[N/A],[N/A],213,40960,34.74,30
2026-08-26T00:15:04.993888+00:00,20260825T235526Z_heavy_c2048_a9ff2b,2,[N/A],[N/A],213,40960,35.48,31
2026-08-26T00:15:06.080352+00:00,20260825T235526Z_heavy_c2048_a9ff2b,0,[N/A],[N/A],12818,40960,181.45,62
2026-08-26T00:15:06.080352+00:00,20260825T235526Z_heavy_c2048_a9ff2b,1,[N/A],[N/A],213,40960,34.84,30
2026-08-26T00:15:06.080352+00:00,20260825T235526Z_heavy_c2048_a9ff2b,2,[N/A],[N/A],213,40960,35.57,31
2026-08-26T00:15:07.157430+00:00,20260825T235526Z_heavy_c2048_a9ff2b,0,[N/A],[N/A],12818,40960,224.81,62
2026-08-26T00:15:07.157430+00:00,20260825T235526Z_heavy_c2048_a9ff2b,1,[N/A],[N/A],213,40960,34.83,30
2026-08-26T00:15:07.157430+00:00,20260825T235526Z_heavy_c2048_a9ff2b,2,[N/A],[N/A],213,40960,35.58,31
2026-08-26T00:15:08.227509+00:00,20260825T235526Z_heavy_c2048_a9ff2b,0,[N/A],[N/A],12818,40960,185.89,62
2026-08-26T00:15:08.227509+00:00,20260825T235526Z_heavy_c2048_a9ff2b,1,[N/A],[N/A],213,40960,34.73,30
2026-08-26T00:15:08.227509+00:00,20260825T235526Z_heavy_c2048_a9ff2b,2,[N/A],[N/A],213,40960,35.47,31
2026-08-26T00:15:09.296969+00:00,20260825T235526Z_heavy_c2048_a9ff2b,0,[N/A],[N/A],12818,40960,193.60,62
2026-08-26T00:15:09.296969+00:00,20260825T235526Z_heavy_c2048_a9ff2b,1,[N/A],[N/A],213,40960,34.84,30
2026-08-26T00:15:09.296969+00:00,20260825T235526Z_heavy_c2048_a9ff2b,2,[N/A],[N/A],213,40960,35.38,31
2026-08-26T00:15:10.364755+00:00,20260825T235526Z_heavy_c2048_a9ff2b,0,[N/A],[N/A],12818,40960,181.45,63
2026-08-26T00:15:10.364755+00:00,20260825T235526Z_heavy_c2048_a9ff2b,1,[N/A],[N/A],213,40960,34.84,30
2026-08-26T00:15:10.364755+00:00,20260825T235526Z_heavy_c2048_a9ff2b,2,[N/A],[N/A],213,40960,35.45,31
2026-08-26T00:15:11.435045+00:00,20260825T235526Z_heavy_c2048_a9ff2b,0,[N/A],[N/A],12818,40960,131.71,62
2026-08-26T00:15:11.435045+00:00,20260825T235526Z_heavy_c2048_a9ff2b,1,[N/A],[N/A],213,40960,34.82,30
2026-08-26T00:15:11.435045+00:00,20260825T235526Z_heavy_c2048_a9ff2b,2,[N/A],[N/A],213,40960,35.50,31
2026-08-26T00:15:12.504094+00:00,20260825T235526Z_heavy_c2048_a9ff2b,0,[N/A],[N/A],12818,40960,194.47,62
2026-08-26T00:15:12.504094+00:00,20260825T235526Z_heavy_c2048_a9ff2b,1,[N/A],[N/A],213,40960,34.83,30
2026-08-26T00:15:12.504094+00:00,20260825T235526Z_heavy_c2048_a9ff2b,2,[N/A],[N/A],213,40960,35.57,31
2026-08-26T00:15:13.577756+00:00,20260825T235526Z_heavy_c2048_a9ff2b,0,[N/A],[N/A],12818,40960,123.62,62
2026-08-26T00:15:13.577756+00:00,20260825T235526Z_heavy_c2048_a9ff2b,1,[N/A],[N/A],213,40960,35.03,30
2026-08-26T00:15:13.577756+00:00,20260825T235526Z_heavy_c2048_a9ff2b,2,[N/A],[N/A],213,40960,35.55,31
2026-08-26T00:15:14.643987+00:00,20260825T235526Z_heavy_c2048_a9ff2b,0,[N/A],[N/A],12818,40960,177.34,62
2026-08-26T00:15:14.643987+00:00,20260825T235526Z_heavy_c2048_a9ff2b,1,[N/A],[N/A],213,40960,34.84,30
2026-08-26T00:15:14.643987+00:00,20260825T235526Z_heavy_c2048_a9ff2b,2,[N/A],[N/A],213,40960,35.65,31
2026-08-26T00:15:15.743050+00:00,20260825T235526Z_heavy_c2048_a9ff2b,0,[N/A],[N/A],12818,40960,176.50,63
2026-08-26T00:15:15.743050+00:00,20260825T235526Z_heavy_c2048_a9ff2b,1,[N/A],[N/A],213,40960,34.84,30
2026-08-26T00:15:15.743050+00:00,20260825T235526Z_heavy_c2048_a9ff2b,2,[N/A],[N/A],213,40960,35.60,31
2026-08-26T00:15:16.823293+00:00,20260825T235526Z_heavy_c2048_a9ff2b,0,[N/A],[N/A],12818,40960,163.81,62
2026-08-26T00:15:16.823293+00:00,20260825T235526Z_heavy_c2048_a9ff2b,1,[N/A],[N/A],213,40960,34.84,30
2026-08-26T00:15:16.823293+00:00,20260825T235526Z_heavy_c2048_a9ff2b,2,[N/A],[N/A],213,40960,35.47,31
2026-08-26T00:15:17.898688+00:00,20260825T235526Z_heavy_c2048_a9ff2b,0,[N/A],[N/A],12818,40960,188.74,62
2026-08-26T00:15:17.898688+00:00,20260825T235526Z_heavy_c2048_a9ff2b,1,[N/A],[N/A],213,40960,34.82,30
2026-08-26T00:15:17.898688+00:00,20260825T235526Z_heavy_c2048_a9ff2b,2,[N/A],[N/A],213,40960,35.57,31
2026-08-26T00:15:18.971235+00:00,20260825T235526Z_heavy_c2048_a9ff2b,0,[N/A],[N/A],12818,40960,172.09,62
2026-08-26T00:15:18.971235+00:00,20260825T235526Z_heavy_c2048_a9ff2b,1,[N/A],[N/A],213,40960,34.84,30
2026-08-26T00:15:18.971235+00:00,20260825T235526Z_heavy_c2048_a9ff2b,2,[N/A],[N/A],213,40960,35.87,31
2026-08-26T00:15:20.053046+00:00,20260825T235526Z_heavy_c2048_a9ff2b,0,[N/A],[N/A],12818,40960,166.04,61
2026-08-26T00:15:20.053046+00:00,20260825T235526Z_heavy_c2048_a9ff2b,1,[N/A],[N/A],213,40960,34.84,30
2026-08-26T00:15:20.053046+00:00,20260825T235526Z_heavy_c2048_a9ff2b,2,[N/A],[N/A],213,40960,35.48,31
2026-08-26T00:15:21.129098+00:00,20260825T235526Z_heavy_c2048_a9ff2b,0,[N/A],[N/A],12818,40960,179.49,61
2026-08-26T00:15:21.129098+00:00,20260825T235526Z_heavy_c2048_a9ff2b,1,[N/A],[N/A],213,40960,34.84,30
2026-08-26T00:15:21.129098+00:00,20260825T235526Z_heavy_c2048_a9ff2b,2,[N/A],[N/A],213,40960,35.47,31
2026-08-26T00:15:22.198186+00:00,20260825T235526Z_heavy_c2048_a9ff2b,0,[N/A],[N/A],12818,40960,206.65,62
2026-08-26T00:15:22.198186+00:00,20260825T235526Z_heavy_c2048_a9ff2b,1,[N/A],[N/A],213,40960,34.84,30
2026-08-26T00:15:22.198186+00:00,20260825T235526Z_heavy_c2048_a9ff2b,2,[N/A],[N/A],213,40960,35.86,31
2026-08-26T00:15:23.265023+00:00,20260825T235526Z_heavy_c2048_a9ff2b,0,[N/A],[N/A],12818,40960,169.39,61
2026-08-26T00:15:23.265023+00:00,20260825T235526Z_heavy_c2048_a9ff2b,1,[N/A],[N/A],213,40960,34.86,30
2026-08-26T00:15:23.265023+00:00,20260825T235526Z_heavy_c2048_a9ff2b,2,[N/A],[N/A],213,40960,35.40,31
2026-08-26T00:15:24.331200+00:00,20260825T235526Z_heavy_c2048_a9ff2b,0,[N/A],[N/A],12818,40960,168.25,61
2026-08-26T00:15:24.331200+00:00,20260825T235526Z_heavy_c2048_a9ff2b,1,[N/A],[N/A],213,40960,35.03,30
2026-08-26T00:15:24.331200+00:00,20260825T235526Z_heavy_c2048_a9ff2b,2,[N/A],[N/A],213,40960,35.38,31
2026-08-26T00:15:25.410805+00:00,20260825T235526Z_heavy_c2048_a9ff2b,0,[N/A],[N/A],12818,40960,185.57,62
2026-08-26T00:15:25.410805+00:00,20260825T235526Z_heavy_c2048_a9ff2b,1,[N/A],[N/A],213,40960,34.83,30
2026-08-26T00:15:25.410805+00:00,20260825T235526Z_heavy_c2048_a9ff2b,2,[N/A],[N/A],213,40960,35.57,31
2026-08-26T00:15:26.495041+00:00,20260825T235526Z_heavy_c2048_a9ff2b,0,[N/A],[N/A],12818,40960,229.33,63
2026-08-26T00:15:26.495041+00:00,20260825T235526Z_heavy_c2048_a9ff2b,1,[N/A],[N/A],213,40960,34.82,30
2026-08-26T00:15:26.495041+00:00,20260825T235526Z_heavy_c2048_a9ff2b,2,[N/A],[N/A],213,40960,35.49,31
2026-08-26T00:15:27.560216+00:00,20260825T235526Z_heavy_c2048_a9ff2b,0,[N/A],[N/A],12818,40960,80.06,59
2026-08-26T00:15:27.560216+00:00,20260825T235526Z_heavy_c2048_a9ff2b,1,[N/A],[N/A],213,40960,34.96,30
2026-08-26T00:15:27.560216+00:00,20260825T235526Z_heavy_c2048_a9ff2b,2,[N/A],[N/A],213,40960,35.51,31
2026-08-26T00:15:28.675195+00:00,20260825T235526Z_heavy_c2048_a9ff2b,0,[N/A],[N/A],12818,40960,184.23,62
2026-08-26T00:15:28.675195+00:00,20260825T235526Z_heavy_c2048_a9ff2b,1,[N/A],[N/A],213,40960,34.94,30
2026-08-26T00:15:28.675195+00:00,20260825T235526Z_heavy_c2048_a9ff2b,2,[N/A],[N/A],213,40960,35.47,31
2026-08-26T00:15:29.745054+00:00,20260825T235526Z_heavy_c2048_a9ff2b,0,[N/A],[N/A],12818,40960,168.73,62
2026-08-26T00:15:29.745054+00:00,20260825T235526Z_heavy_c2048_a9ff2b,1,[N/A],[N/A],213,40960,34.71,30
2026-08-26T00:15:29.745054+00:00,20260825T235526Z_heavy_c2048_a9ff2b,2,[N/A],[N/A],213,40960,35.57,31
2026-08-26T00:15:30.822042+00:00,20260825T235526Z_heavy_c2048_a9ff2b,0,[N/A],[N/A],12818,40960,171.37,62
2026-08-26T00:15:30.822042+00:00,20260825T235526Z_heavy_c2048_a9ff2b,1,[N/A],[N/A],213,40960,34.74,30
2026-08-26T00:15:30.822042+00:00,20260825T235526Z_heavy_c2048_a9ff2b,2,[N/A],[N/A],213,40960,35.57,31
2026-08-26T00:15:31.922686+00:00,20260825T235526Z_heavy_c2048_a9ff2b,0,[N/A],[N/A],12818,40960,193.15,62
2026-08-26T00:15:31.922686+00:00,20260825T235526Z_heavy_c2048_a9ff2b,1,[N/A],[N/A],213,40960,34.84,30
2026-08-26T00:15:31.922686+00:00,20260825T235526Z_heavy_c2048_a9ff2b,2,[N/A],[N/A],213,40960,35.47,31
2026-08-26T00:15:33.000096+00:00,20260825T235526Z_heavy_c2048_a9ff2b,0,[N/A],[N/A],12818,40960,207.08,62
2026-08-26T00:15:33.000096+00:00,20260825T235526Z_heavy_c2048_a9ff2b,1,[N/A],[N/A],213,40960,34.83,30
2026-08-26T00:15:33.000096+00:00,20260825T235526Z_heavy_c2048_a9ff2b,2,[N/A],[N/A],213,40960,35.38,31
2026-08-26T00:15:34.078350+00:00,20260825T235526Z_heavy_c2048_a9ff2b,0,[N/A],[N/A],12818,40960,163.79,62
2026-08-26T00:15:34.078350+00:00,20260825T235526Z_heavy_c2048_a9ff2b,1,[N/A],[N/A],213,40960,34.83,30
2026-08-26T00:15:34.078350+00:00,20260825T235526Z_heavy_c2048_a9ff2b,2,[N/A],[N/A],213,40960,35.47,31
2026-08-26T00:15:35.162152+00:00,20260825T235526Z_heavy_c2048_a9ff2b,0,[N/A],[N/A],12818,40960,161.43,62
2026-08-26T00:15:35.162152+00:00,20260825T235526Z_heavy_c2048_a9ff2b,1,[N/A],[N/A],213,40960,34.83,30
2026-08-26T00:15:35.162152+00:00,20260825T235526Z_heavy_c2048_a9ff2b,2,[N/A],[N/A],213,40960,35.47,31
2026-08-26T00:15:36.238619+00:00,20260825T235526Z_heavy_c2048_a9ff2b,0,[N/A],[N/A],12818,40960,225.57,62
2026-08-26T00:15:36.238619+00:00,20260825T235526Z_heavy_c2048_a9ff2b,1,[N/A],[N/A],213,40960,34.74,30
2026-08-26T00:15:36.238619+00:00,20260825T235526Z_heavy_c2048_a9ff2b,2,[N/A],[N/A],213,40960,35.47,31
2026-08-26T00:15:37.303979+00:00,20260825T235526Z_heavy_c2048_a9ff2b,0,[N/A],[N/A],12818,40960,180.75,62
2026-08-26T00:15:37.303979+00:00,20260825T235526Z_heavy_c2048_a9ff2b,1,[N/A],[N/A],213,40960,34.84,30
2026-08-26T00:15:37.303979+00:00,20260825T235526Z_heavy_c2048_a9ff2b,2,[N/A],[N/A],213,40960,35.47,31
2026-08-26T00:15:38.376098+00:00,20260825T235526Z_heavy_c2048_a9ff2b,0,[N/A],[N/A],12818,40960,160.12,62
2026-08-26T00:15:38.376098+00:00,20260825T235526Z_heavy_c2048_a9ff2b,1,[N/A],[N/A],213,40960,34.84,30
2026-08-26T00:15:38.376098+00:00,20260825T235526Z_heavy_c2048_a9ff2b,2,[N/A],[N/A],213,40960,35.57,31
2026-08-26T00:15:39.453141+00:00,20260825T235526Z_heavy_c2048_a9ff2b,0,[N/A],[N/A],12818,40960,155.76,62
2026-08-26T00:15:39.453141+00:00,20260825T235526Z_heavy_c2048_a9ff2b,1,[N/A],[N/A],213,40960,35.03,30
2026-08-26T00:15:39.453141+00:00,20260825T235526Z_heavy_c2048_a9ff2b,2,[N/A],[N/A],213,40960,36.47,31
2026-08-26T00:15:40.527893+00:00,20260825T235526Z_heavy_c2048_a9ff2b,0,[N/A],[N/A],12818,40960,212.54,62
2026-08-26T00:15:40.527893+00:00,20260825T235526Z_heavy_c2048_a9ff2b,1,[N/A],[N/A],213,40960,34.94,30
2026-08-26T00:15:40.527893+00:00,20260825T235526Z_heavy_c2048_a9ff2b,2,[N/A],[N/A],213,40960,35.38,31
2026-08-26T00:15:41.611451+00:00,20260825T235526Z_heavy_c2048_a9ff2b,0,[N/A],[N/A],12818,40960,180.71,62
2026-08-26T00:15:41.611451+00:00,20260825T235526Z_heavy_c2048_a9ff2b,1,[N/A],[N/A],213,40960,34.83,30
2026-08-26T00:15:41.611451+00:00,20260825T235526Z_heavy_c2048_a9ff2b,2,[N/A],[N/A],213,40960,35.67,31
2026-08-26T00:15:42.674577+00:00,20260825T235526Z_heavy_c2048_a9ff2b,0,[N/A],[N/A],12818,40960,186.78,62
2026-08-26T00:15:42.674577+00:00,20260825T235526Z_heavy_c2048_a9ff2b,1,[N/A],[N/A],213,40960,34.52,30
2026-08-26T00:15:42.674577+00:00,20260825T235526Z_heavy_c2048_a9ff2b,2,[N/A],[N/A],213,40960,35.57,31
2026-08-26T00:15:43.749715+00:00,20260825T235526Z_heavy_c2048_a9ff2b,0,[N/A],[N/A],12818,40960,175.05,62
2026-08-26T00:15:43.749715+00:00,20260825T235526Z_heavy_c2048_a9ff2b,1,[N/A],[N/A],213,40960,34.83,30
2026-08-26T00:15:43.749715+00:00,20260825T235526Z_heavy_c2048_a9ff2b,2,[N/A],[N/A],213,40960,35.56,31
2026-08-26T00:15:44.816516+00:00,20260825T235526Z_heavy_c2048_a9ff2b,0,[N/A],[N/A],12818,40960,155.37,63
2026-08-26T00:15:44.816516+00:00,20260825T235526Z_heavy_c2048_a9ff2b,1,[N/A],[N/A],213,40960,34.92,30
2026-08-26T00:15:44.816516+00:00,20260825T235526Z_heavy_c2048_a9ff2b,2,[N/A],[N/A],213,40960,35.57,31
2026-08-26T00:15:45.901225+00:00,20260825T235526Z_heavy_c2048_a9ff2b,0,[N/A],[N/A],12818,40960,212.05,63
2026-08-26T00:15:45.901225+00:00,20260825T235526Z_heavy_c2048_a9ff2b,1,[N/A],[N/A],213,40960,34.85,30
2026-08-26T00:15:45.901225+00:00,20260825T235526Z_heavy_c2048_a9ff2b,2,[N/A],[N/A],213,40960,35.57,31
2026-08-26T00:15:46.966098+00:00,20260825T235526Z_heavy_c2048_a9ff2b,0,[N/A],[N/A],12818,40960,179.33,62
2026-08-26T00:15:46.966098+00:00,20260825T235526Z_heavy_c2048_a9ff2b,1,[N/A],[N/A],213,40960,34.84,30
2026-08-26T00:15:46.966098+00:00,20260825T235526Z_heavy_c2048_a9ff2b,2,[N/A],[N/A],213,40960,35.57,31
2026-08-26T00:15:48.031529+00:00,20260825T235526Z_heavy_c2048_a9ff2b,0,[N/A],[N/A],12818,40960,158.10,62
2026-08-26T00:15:48.031529+00:00,20260825T235526Z_heavy_c2048_a9ff2b,1,[N/A],[N/A],213,40960,34.84,30
2026-08-26T00:15:48.031529+00:00,20260825T235526Z_heavy_c2048_a9ff2b,2,[N/A],[N/A],213,40960,35.58,31
2026-08-26T00:15:49.106773+00:00,20260825T235526Z_heavy_c2048_a9ff2b,0,[N/A],[N/A],12818,40960,165.44,62
2026-08-26T00:15:49.106773+00:00,20260825T235526Z_heavy_c2048_a9ff2b,1,[N/A],[N/A],213,40960,34.73,30
2026-08-26T00:15:49.106773+00:00,20260825T235526Z_heavy_c2048_a9ff2b,2,[N/A],[N/A],213,40960,35.49,31
2026-08-26T00:15:50.175427+00:00,20260825T235526Z_heavy_c2048_a9ff2b,0,[N/A],[N/A],12818,40960,234.26,62
2026-08-26T00:15:50.175427+00:00,20260825T235526Z_heavy_c2048_a9ff2b,1,[N/A],[N/A],213,40960,34.74,30
2026-08-26T00:15:50.175427+00:00,20260825T235526Z_heavy_c2048_a9ff2b,2,[N/A],[N/A],213,40960,35.58,31
2026-08-26T00:15:51.247473+00:00,20260825T235526Z_heavy_c2048_a9ff2b,0,[N/A],[N/A],12818,40960,169.02,62
2026-08-26T00:15:51.247473+00:00,20260825T235526Z_heavy_c2048_a9ff2b,1,[N/A],[N/A],213,40960,34.84,30
2026-08-26T00:15:51.247473+00:00,20260825T235526Z_heavy_c2048_a9ff2b,2,[N/A],[N/A],213,40960,35.57,31
2026-08-26T00:15:52.332757+00:00,20260825T235526Z_heavy_c2048_a9ff2b,0,[N/A],[N/A],12818,40960,221.18,63
2026-08-26T00:15:52.332757+00:00,20260825T235526Z_heavy_c2048_a9ff2b,1,[N/A],[N/A],213,40960,34.84,30
2026-08-26T00:15:52.332757+00:00,20260825T235526Z_heavy_c2048_a9ff2b,2,[N/A],[N/A],213,40960,35.87,31
2026-08-26T00:15:53.405648+00:00,20260825T235526Z_heavy_c2048_a9ff2b,0,[N/A],[N/A],12818,40960,163.63,62
2026-08-26T00:15:53.405648+00:00,20260825T235526Z_heavy_c2048_a9ff2b,1,[N/A],[N/A],213,40960,34.84,30
2026-08-26T00:15:53.405648+00:00,20260825T235526Z_heavy_c2048_a9ff2b,2,[N/A],[N/A],213,40960,35.57,31
2026-08-26T00:15:54.469996+00:00,20260825T235526Z_heavy_c2048_a9ff2b,0,[N/A],[N/A],12818,40960,202.33,63
2026-08-26T00:15:54.469996+00:00,20260825T235526Z_heavy_c2048_a9ff2b,1,[N/A],[N/A],213,40960,34.83,30
2026-08-26T00:15:54.469996+00:00,20260825T235526Z_heavy_c2048_a9ff2b,2,[N/A],[N/A],213,40960,35.57,31
2026-08-26T00:15:55.540279+00:00,20260825T235526Z_heavy_c2048_a9ff2b,0,[N/A],[N/A],12818,40960,216.57,63
2026-08-26T00:15:55.540279+00:00,20260825T235526Z_heavy_c2048_a9ff2b,1,[N/A],[N/A],213,40960,34.84,30
2026-08-26T00:15:55.540279+00:00,20260825T235526Z_heavy_c2048_a9ff2b,2,[N/A],[N/A],213,40960,35.58,31
2026-08-26T00:15:56.612042+00:00,20260825T235526Z_heavy_c2048_a9ff2b,0,[N/A],[N/A],12818,40960,177.15,63
2026-08-26T00:15:56.612042+00:00,20260825T235526Z_heavy_c2048_a9ff2b,1,[N/A],[N/A],213,40960,34.84,30
2026-08-26T00:15:56.612042+00:00,20260825T235526Z_heavy_c2048_a9ff2b,2,[N/A],[N/A],213,40960,35.57,31
2026-08-26T00:15:57.679649+00:00,20260825T235526Z_heavy_c2048_a9ff2b,0,[N/A],[N/A],12818,40960,189.52,63
2026-08-26T00:15:57.679649+00:00,20260825T235526Z_heavy_c2048_a9ff2b,1,[N/A],[N/A],213,40960,34.93,30
2026-08-26T00:15:57.679649+00:00,20260825T235526Z_heavy_c2048_a9ff2b,2,[N/A],[N/A],213,40960,35.47,31
2026-08-26T00:15:58.759060+00:00,20260825T235526Z_heavy_c2048_a9ff2b,0,[N/A],[N/A],12818,40960,175.43,62
2026-08-26T00:15:58.759060+00:00,20260825T235526Z_heavy_c2048_a9ff2b,1,[N/A],[N/A],213,40960,35.21,30
2026-08-26T00:15:58.759060+00:00,20260825T235526Z_heavy_c2048_a9ff2b,2,[N/A],[N/A],213,40960,35.57,31
2026-08-26T00:15:59.844442+00:00,20260825T235526Z_heavy_c2048_a9ff2b,0,[N/A],[N/A],12818,40960,166.73,63
2026-08-26T00:15:59.844442+00:00,20260825T235526Z_heavy_c2048_a9ff2b,1,[N/A],[N/A],213,40960,34.72,30
2026-08-26T00:15:59.844442+00:00,20260825T235526Z_heavy_c2048_a9ff2b,2,[N/A],[N/A],213,40960,35.57,31
2026-08-26T00:16:00.920048+00:00,20260825T235526Z_heavy_c2048_a9ff2b,0,[N/A],[N/A],12818,40960,185.28,62
2026-08-26T00:16:00.920048+00:00,20260825T235526Z_heavy_c2048_a9ff2b,1,[N/A],[N/A],213,40960,34.73,30
2026-08-26T00:16:00.920048+00:00,20260825T235526Z_heavy_c2048_a9ff2b,2,[N/A],[N/A],213,40960,35.47,31
2026-08-26T00:16:01.987044+00:00,20260825T235526Z_heavy_c2048_a9ff2b,0,[N/A],[N/A],12818,40960,186.10,62
2026-08-26T00:16:01.987044+00:00,20260825T235526Z_heavy_c2048_a9ff2b,1,[N/A],[N/A],213,40960,34.63,30
2026-08-26T00:16:01.987044+00:00,20260825T235526Z_heavy_c2048_a9ff2b,2,[N/A],[N/A],213,40960,35.57,31
2026-08-26T00:16:03.058976+00:00,20260825T235526Z_heavy_c2048_a9ff2b,0,[N/A],[N/A],12818,40960,168.73,62
2026-08-26T00:16:03.058976+00:00,20260825T235526Z_heavy_c2048_a9ff2b,1,[N/A],[N/A],213,40960,34.73,30
2026-08-26T00:16:03.058976+00:00,20260825T235526Z_heavy_c2048_a9ff2b,2,[N/A],[N/A],213,40960,35.57,31
2026-08-26T00:16:04.133818+00:00,20260825T235526Z_heavy_c2048_a9ff2b,0,[N/A],[N/A],12818,40960,216.24,62
2026-08-26T00:16:04.133818+00:00,20260825T235526Z_heavy_c2048_a9ff2b,1,[N/A],[N/A],213,40960,34.72,30
2026-08-26T00:16:04.133818+00:00,20260825T235526Z_heavy_c2048_a9ff2b,2,[N/A],[N/A],213,40960,35.57,31
2026-08-26T00:16:05.209889+00:00,20260825T235526Z_heavy_c2048_a9ff2b,0,[N/A],[N/A],12818,40960,184.17,62
2026-08-26T00:16:05.209889+00:00,20260825T235526Z_heavy_c2048_a9ff2b,1,[N/A],[N/A],213,40960,34.84,30
2026-08-26T00:16:05.209889+00:00,20260825T235526Z_heavy_c2048_a9ff2b,2,[N/A],[N/A],213,40960,35.57,31
2026-08-26T00:16:06.295099+00:00,20260825T235526Z_heavy_c2048_a9ff2b,0,[N/A],[N/A],12818,40960,191.08,62
2026-08-26T00:16:06.295099+00:00,20260825T235526Z_heavy_c2048_a9ff2b,1,[N/A],[N/A],213,40960,34.84,30
2026-08-26T00:16:06.295099+00:00,20260825T235526Z_heavy_c2048_a9ff2b,2,[N/A],[N/A],213,40960,35.89,31
2026-08-26T00:16:07.362329+00:00,20260825T235526Z_heavy_c2048_a9ff2b,0,[N/A],[N/A],12818,40960,168.46,62
2026-08-26T00:16:07.362329+00:00,20260825T235526Z_heavy_c2048_a9ff2b,1,[N/A],[N/A],213,40960,34.83,30
2026-08-26T00:16:07.362329+00:00,20260825T235526Z_heavy_c2048_a9ff2b,2,[N/A],[N/A],213,40960,35.68,31
2026-08-26T00:16:08.442359+00:00,20260825T235526Z_heavy_c2048_a9ff2b,0,[N/A],[N/A],12818,40960,157.77,63
2026-08-26T00:16:08.442359+00:00,20260825T235526Z_heavy_c2048_a9ff2b,1,[N/A],[N/A],213,40960,34.72,30
2026-08-26T00:16:08.442359+00:00,20260825T235526Z_heavy_c2048_a9ff2b,2,[N/A],[N/A],213,40960,35.47,31
2026-08-26T00:16:09.515263+00:00,20260825T235526Z_heavy_c2048_a9ff2b,0,[N/A],[N/A],12818,40960,186.22,62
2026-08-26T00:16:09.515263+00:00,20260825T235526Z_heavy_c2048_a9ff2b,1,[N/A],[N/A],213,40960,34.84,30
2026-08-26T00:16:09.515263+00:00,20260825T235526Z_heavy_c2048_a9ff2b,2,[N/A],[N/A],213,40960,35.65,31
2026-08-26T00:16:10.587036+00:00,20260825T235526Z_heavy_c2048_a9ff2b,0,[N/A],[N/A],12818,40960,219.32,63
2026-08-26T00:16:10.587036+00:00,20260825T235526Z_heavy_c2048_a9ff2b,1,[N/A],[N/A],213,40960,34.84,30
2026-08-26T00:16:10.587036+00:00,20260825T235526Z_heavy_c2048_a9ff2b,2,[N/A],[N/A],213,40960,35.57,31
2026-08-26T00:16:11.664045+00:00,20260825T235526Z_heavy_c2048_a9ff2b,0,[N/A],[N/A],12818,40960,183.94,63
2026-08-26T00:16:11.664045+00:00,20260825T235526Z_heavy_c2048_a9ff2b,1,[N/A],[N/A],213,40960,34.81,30
2026-08-26T00:16:11.664045+00:00,20260825T235526Z_heavy_c2048_a9ff2b,2,[N/A],[N/A],213,40960,35.67,31
2026-08-26T00:16:12.730112+00:00,20260825T235526Z_heavy_c2048_a9ff2b,0,[N/A],[N/A],12818,40960,166.63,62
2026-08-26T00:16:12.730112+00:00,20260825T235526Z_heavy_c2048_a9ff2b,1,[N/A],[N/A],213,40960,35.13,30
2026-08-26T00:16:12.730112+00:00,20260825T235526Z_heavy_c2048_a9ff2b,2,[N/A],[N/A],213,40960,35.57,31
2026-08-26T00:16:13.811375+00:00,20260825T235526Z_heavy_c2048_a9ff2b,0,[N/A],[N/A],12818,40960,222.01,63
2026-08-26T00:16:13.811375+00:00,20260825T235526Z_heavy_c2048_a9ff2b,1,[N/A],[N/A],213,40960,34.84,30
2026-08-26T00:16:13.811375+00:00,20260825T235526Z_heavy_c2048_a9ff2b,2,[N/A],[N/A],213,40960,35.47,31
2026-08-26T00:16:14.881980+00:00,20260825T235526Z_heavy_c2048_a9ff2b,0,[N/A],[N/A],12818,40960,158.51,63
2026-08-26T00:16:14.881980+00:00,20260825T235526Z_heavy_c2048_a9ff2b,1,[N/A],[N/A],213,40960,34.84,30
2026-08-26T00:16:14.881980+00:00,20260825T235526Z_heavy_c2048_a9ff2b,2,[N/A],[N/A],213,40960,35.50,31
2026-08-26T00:16:15.950646+00:00,20260825T235526Z_heavy_c2048_a9ff2b,0,[N/A],[N/A],12818,40960,175.49,63
2026-08-26T00:16:15.950646+00:00,20260825T235526Z_heavy_c2048_a9ff2b,1,[N/A],[N/A],213,40960,34.83,30
2026-08-26T00:16:15.950646+00:00,20260825T235526Z_heavy_c2048_a9ff2b,2,[N/A],[N/A],213,40960,35.57,31
2026-08-26T00:16:17.038545+00:00,20260825T235526Z_heavy_c2048_a9ff2b,0,[N/A],[N/A],12818,40960,172.90,63
2026-08-26T00:16:17.038545+00:00,20260825T235526Z_heavy_c2048_a9ff2b,1,[N/A],[N/A],213,40960,34.73,30
2026-08-26T00:16:17.038545+00:00,20260825T235526Z_heavy_c2048_a9ff2b,2,[N/A],[N/A],213,40960,35.77,31
2026-08-26T00:16:18.110991+00:00,20260825T235526Z_heavy_c2048_a9ff2b,0,[N/A],[N/A],12818,40960,193.19,63
2026-08-26T00:16:18.110991+00:00,20260825T235526Z_heavy_c2048_a9ff2b,1,[N/A],[N/A],213,40960,34.82,30
2026-08-26T00:16:18.110991+00:00,20260825T235526Z_heavy_c2048_a9ff2b,2,[N/A],[N/A],213,40960,35.47,31
2026-08-26T00:16:19.189703+00:00,20260825T235526Z_heavy_c2048_a9ff2b,0,[N/A],[N/A],12818,40960,189.81,62
2026-08-26T00:16:19.189703+00:00,20260825T235526Z_heavy_c2048_a9ff2b,1,[N/A],[N/A],213,40960,34.84,30
2026-08-26T00:16:19.189703+00:00,20260825T235526Z_heavy_c2048_a9ff2b,2,[N/A],[N/A],213,40960,35.47,31
2026-08-26T00:16:20.260151+00:00,20260825T235526Z_heavy_c2048_a9ff2b,0,[N/A],[N/A],12818,40960,165.94,62
2026-08-26T00:16:20.260151+00:00,20260825T235526Z_heavy_c2048_a9ff2b,1,[N/A],[N/A],213,40960,34.84,30
2026-08-26T00:16:20.260151+00:00,20260825T235526Z_heavy_c2048_a9ff2b,2,[N/A],[N/A],213,40960,35.57,31
2026-08-26T00:16:21.336887+00:00,20260825T235526Z_heavy_c2048_a9ff2b,0,[N/A],[N/A],12818,40960,212.96,62
2026-08-26T00:16:21.336887+00:00,20260825T235526Z_heavy_c2048_a9ff2b,1,[N/A],[N/A],213,40960,34.84,30
2026-08-26T00:16:21.336887+00:00,20260825T235526Z_heavy_c2048_a9ff2b,2,[N/A],[N/A],213,40960,35.58,31
2026-08-26T00:16:22.405188+00:00,20260825T235526Z_heavy_c2048_a9ff2b,0,[N/A],[N/A],12818,40960,176.42,62
2026-08-26T00:16:22.405188+00:00,20260825T235526Z_heavy_c2048_a9ff2b,1,[N/A],[N/A],213,40960,34.85,30
2026-08-26T00:16:22.405188+00:00,20260825T235526Z_heavy_c2048_a9ff2b,2,[N/A],[N/A],213,40960,35.48,31
2026-08-26T00:16:23.487864+00:00,20260825T235526Z_heavy_c2048_a9ff2b,0,[N/A],[N/A],12818,40960,124.75,62
2026-08-26T00:16:23.487864+00:00,20260825T235526Z_heavy_c2048_a9ff2b,1,[N/A],[N/A],213,40960,35.11,30
2026-08-26T00:16:23.487864+00:00,20260825T235526Z_heavy_c2048_a9ff2b,2,[N/A],[N/A],213,40960,35.47,31
2026-08-26T00:16:24.574052+00:00,20260825T235526Z_heavy_c2048_a9ff2b,0,[N/A],[N/A],12818,40960,171.27,62
2026-08-26T00:16:24.574052+00:00,20260825T235526Z_heavy_c2048_a9ff2b,1,[N/A],[N/A],213,40960,35.03,30
2026-08-26T00:16:24.574052+00:00,20260825T235526Z_heavy_c2048_a9ff2b,2,[N/A],[N/A],213,40960,35.57,31
2026-08-26T00:16:25.655883+00:00,20260825T235526Z_heavy_c2048_a9ff2b,0,[N/A],[N/A],12818,40960,149.87,62
2026-08-26T00:16:25.655883+00:00,20260825T235526Z_heavy_c2048_a9ff2b,1,[N/A],[N/A],213,40960,34.94,30
2026-08-26T00:16:25.655883+00:00,20260825T235526Z_heavy_c2048_a9ff2b,2,[N/A],[N/A],213,40960,35.47,31
2026-08-26T00:16:26.730873+00:00,20260825T235526Z_heavy_c2048_a9ff2b,0,[N/A],[N/A],12818,40960,166.58,61
2026-08-26T00:16:26.730873+00:00,20260825T235526Z_heavy_c2048_a9ff2b,1,[N/A],[N/A],213,40960,34.84,30
2026-08-26T00:16:26.730873+00:00,20260825T235526Z_heavy_c2048_a9ff2b,2,[N/A],[N/A],213,40960,35.47,31
2026-08-26T00:16:27.810048+00:00,20260825T235526Z_heavy_c2048_a9ff2b,0,[N/A],[N/A],12818,40960,167.46,62
2026-08-26T00:16:27.810048+00:00,20260825T235526Z_heavy_c2048_a9ff2b,1,[N/A],[N/A],213,40960,34.94,30
2026-08-26T00:16:27.810048+00:00,20260825T235526Z_heavy_c2048_a9ff2b,2,[N/A],[N/A],213,40960,35.57,31
2026-08-26T00:16:28.889364+00:00,20260825T235526Z_heavy_c2048_a9ff2b,0,[N/A],[N/A],12818,40960,153.35,62
2026-08-26T00:16:28.889364+00:00,20260825T235526Z_heavy_c2048_a9ff2b,1,[N/A],[N/A],213,40960,34.93,30
2026-08-26T00:16:28.889364+00:00,20260825T235526Z_heavy_c2048_a9ff2b,2,[N/A],[N/A],213,40960,35.57,31
2026-08-26T00:16:29.958473+00:00,20260825T235526Z_heavy_c2048_a9ff2b,0,[N/A],[N/A],12818,40960,213.72,63
2026-08-26T00:16:29.958473+00:00,20260825T235526Z_heavy_c2048_a9ff2b,1,[N/A],[N/A],213,40960,34.84,30
2026-08-26T00:16:29.958473+00:00,20260825T235526Z_heavy_c2048_a9ff2b,2,[N/A],[N/A],213,40960,35.47,31
2026-08-26T00:16:31.029275+00:00,20260825T235526Z_heavy_c2048_a9ff2b,0,[N/A],[N/A],12818,40960,194.19,62
2026-08-26T00:16:31.029275+00:00,20260825T235526Z_heavy_c2048_a9ff2b,1,[N/A],[N/A],213,40960,34.93,30
2026-08-26T00:16:31.029275+00:00,20260825T235526Z_heavy_c2048_a9ff2b,2,[N/A],[N/A],213,40960,35.57,31
2026-08-26T00:16:32.108112+00:00,20260825T235526Z_heavy_c2048_a9ff2b,0,[N/A],[N/A],12818,40960,171.37,62
2026-08-26T00:16:32.108112+00:00,20260825T235526Z_heavy_c2048_a9ff2b,1,[N/A],[N/A],213,40960,35.03,30
2026-08-26T00:16:32.108112+00:00,20260825T235526Z_heavy_c2048_a9ff2b,2,[N/A],[N/A],213,40960,35.48,31
2026-08-26T00:16:33.189818+00:00,20260825T235526Z_heavy_c2048_a9ff2b,0,[N/A],[N/A],12818,40960,159.48,63
2026-08-26T00:16:33.189818+00:00,20260825T235526Z_heavy_c2048_a9ff2b,1,[N/A],[N/A],213,40960,34.83,30
2026-08-26T00:16:33.189818+00:00,20260825T235526Z_heavy_c2048_a9ff2b,2,[N/A],[N/A],213,40960,35.47,31
2026-08-26T00:16:34.255203+00:00,20260825T235526Z_heavy_c2048_a9ff2b,0,[N/A],[N/A],12818,40960,180.60,62
2026-08-26T00:16:34.255203+00:00,20260825T235526Z_heavy_c2048_a9ff2b,1,[N/A],[N/A],213,40960,34.84,30
2026-08-26T00:16:34.255203+00:00,20260825T235526Z_heavy_c2048_a9ff2b,2,[N/A],[N/A],213,40960,35.48,31
2026-08-26T00:16:35.325091+00:00,20260825T235526Z_heavy_c2048_a9ff2b,0,[N/A],[N/A],12818,40960,156.96,62
2026-08-26T00:16:35.325091+00:00,20260825T235526Z_heavy_c2048_a9ff2b,1,[N/A],[N/A],213,40960,34.72,30
2026-08-26T00:16:35.325091+00:00,20260825T235526Z_heavy_c2048_a9ff2b,2,[N/A],[N/A],213,40960,35.57,31
2026-08-26T00:16:36.396230+00:00,20260825T235526Z_heavy_c2048_a9ff2b,0,[N/A],[N/A],12818,40960,168.58,63
2026-08-26T00:16:36.396230+00:00,20260825T235526Z_heavy_c2048_a9ff2b,1,[N/A],[N/A],213,40960,34.84,30
2026-08-26T00:16:36.396230+00:00,20260825T235526Z_heavy_c2048_a9ff2b,2,[N/A],[N/A],213,40960,35.47,31
2026-08-26T00:16:37.470064+00:00,20260825T235526Z_heavy_c2048_a9ff2b,0,[N/A],[N/A],12818,40960,188.90,62
2026-08-26T00:16:37.470064+00:00,20260825T235526Z_heavy_c2048_a9ff2b,1,[N/A],[N/A],213,40960,34.73,30
2026-08-26T00:16:37.470064+00:00,20260825T235526Z_heavy_c2048_a9ff2b,2,[N/A],[N/A],213,40960,35.58,31
2026-08-26T00:16:38.545801+00:00,20260825T235526Z_heavy_c2048_a9ff2b,0,[N/A],[N/A],12818,40960,178.14,63
2026-08-26T00:16:38.545801+00:00,20260825T235526Z_heavy_c2048_a9ff2b,1,[N/A],[N/A],213,40960,35.13,30
2026-08-26T00:16:38.545801+00:00,20260825T235526Z_heavy_c2048_a9ff2b,2,[N/A],[N/A],213,40960,35.57,31
2026-08-26T00:16:39.616047+00:00,20260825T235526Z_heavy_c2048_a9ff2b,0,[N/A],[N/A],12818,40960,183.29,63
2026-08-26T00:16:39.616047+00:00,20260825T235526Z_heavy_c2048_a9ff2b,1,[N/A],[N/A],213,40960,34.83,30
2026-08-26T00:16:39.616047+00:00,20260825T235526Z_heavy_c2048_a9ff2b,2,[N/A],[N/A],213,40960,35.47,31
2026-08-26T00:16:40.697042+00:00,20260825T235526Z_heavy_c2048_a9ff2b,0,[N/A],[N/A],12818,40960,219.64,62
2026-08-26T00:16:40.697042+00:00,20260825T235526Z_heavy_c2048_a9ff2b,1,[N/A],[N/A],213,40960,34.73,30
2026-08-26T00:16:40.697042+00:00,20260825T235526Z_heavy_c2048_a9ff2b,2,[N/A],[N/A],213,40960,35.57,31
2026-08-26T00:16:41.769987+00:00,20260825T235526Z_heavy_c2048_a9ff2b,0,[N/A],[N/A],12818,40960,197.35,62
2026-08-26T00:16:41.769987+00:00,20260825T235526Z_heavy_c2048_a9ff2b,1,[N/A],[N/A],213,40960,34.72,30
2026-08-26T00:16:41.769987+00:00,20260825T235526Z_heavy_c2048_a9ff2b,2,[N/A],[N/A],213,40960,35.57,31
2026-08-26T00:16:42.847042+00:00,20260825T235526Z_heavy_c2048_a9ff2b,0,[N/A],[N/A],12818,40960,169.07,62
2026-08-26T00:16:42.847042+00:00,20260825T235526Z_heavy_c2048_a9ff2b,1,[N/A],[N/A],213,40960,34.63,30
2026-08-26T00:16:42.847042+00:00,20260825T235526Z_heavy_c2048_a9ff2b,2,[N/A],[N/A],213,40960,35.77,31
2026-08-26T00:16:43.922816+00:00,20260825T235526Z_heavy_c2048_a9ff2b,0,[N/A],[N/A],12818,40960,162.47,62
2026-08-26T00:16:43.922816+00:00,20260825T235526Z_heavy_c2048_a9ff2b,1,[N/A],[N/A],213,40960,34.84,30
2026-08-26T00:16:43.922816+00:00,20260825T235526Z_heavy_c2048_a9ff2b,2,[N/A],[N/A],213,40960,35.47,31
2026-08-26T00:16:44.987948+00:00,20260825T235526Z_heavy_c2048_a9ff2b,0,[N/A],[N/A],12818,40960,176.86,62
2026-08-26T00:16:44.987948+00:00,20260825T235526Z_heavy_c2048_a9ff2b,1,[N/A],[N/A],213,40960,34.84,30
2026-08-26T00:16:44.987948+00:00,20260825T235526Z_heavy_c2048_a9ff2b,2,[N/A],[N/A],213,40960,35.57,31
2026-08-26T00:16:46.065365+00:00,20260825T235526Z_heavy_c2048_a9ff2b,0,[N/A],[N/A],12818,40960,175.16,62
2026-08-26T00:16:46.065365+00:00,20260825T235526Z_heavy_c2048_a9ff2b,1,[N/A],[N/A],213,40960,34.83,30
2026-08-26T00:16:46.065365+00:00,20260825T235526Z_heavy_c2048_a9ff2b,2,[N/A],[N/A],213,40960,35.96,31
2026-08-26T00:16:47.138187+00:00,20260825T235526Z_heavy_c2048_a9ff2b,0,[N/A],[N/A],12818,40960,198.67,62
2026-08-26T00:16:47.138187+00:00,20260825T235526Z_heavy_c2048_a9ff2b,1,[N/A],[N/A],213,40960,34.73,30
2026-08-26T00:16:47.138187+00:00,20260825T235526Z_heavy_c2048_a9ff2b,2,[N/A],[N/A],213,40960,35.57,31
2026-08-26T00:16:48.203459+00:00,20260825T235526Z_heavy_c2048_a9ff2b,0,[N/A],[N/A],12818,40960,224.49,63
2026-08-26T00:16:48.203459+00:00,20260825T235526Z_heavy_c2048_a9ff2b,1,[N/A],[N/A],213,40960,34.94,30
2026-08-26T00:16:48.203459+00:00,20260825T235526Z_heavy_c2048_a9ff2b,2,[N/A],[N/A],213,40960,35.57,31
2026-08-26T00:16:49.272069+00:00,20260825T235526Z_heavy_c2048_a9ff2b,0,[N/A],[N/A],12818,40960,209.07,62
2026-08-26T00:16:49.272069+00:00,20260825T235526Z_heavy_c2048_a9ff2b,1,[N/A],[N/A],213,40960,34.84,30
2026-08-26T00:16:49.272069+00:00,20260825T235526Z_heavy_c2048_a9ff2b,2,[N/A],[N/A],213,40960,35.58,31
2026-08-26T00:16:50.345787+00:00,20260825T235526Z_heavy_c2048_a9ff2b,0,[N/A],[N/A],12818,40960,175.90,62
2026-08-26T00:16:50.345787+00:00,20260825T235526Z_heavy_c2048_a9ff2b,1,[N/A],[N/A],213,40960,34.84,30
2026-08-26T00:16:50.345787+00:00,20260825T235526Z_heavy_c2048_a9ff2b,2,[N/A],[N/A],213,40960,35.58,31
2026-08-26T00:16:51.446045+00:00,20260825T235526Z_heavy_c2048_a9ff2b,0,[N/A],[N/A],12818,40960,165.15,62
2026-08-26T00:16:51.446045+00:00,20260825T235526Z_heavy_c2048_a9ff2b,1,[N/A],[N/A],213,40960,34.75,30
2026-08-26T00:16:51.446045+00:00,20260825T235526Z_heavy_c2048_a9ff2b,2,[N/A],[N/A],213,40960,35.60,31
2026-08-26T00:16:52.517044+00:00,20260825T235526Z_heavy_c2048_a9ff2b,0,[N/A],[N/A],12818,40960,153.74,62
2026-08-26T00:16:52.517044+00:00,20260825T235526Z_heavy_c2048_a9ff2b,1,[N/A],[N/A],213,40960,34.94,30
2026-08-26T00:16:52.517044+00:00,20260825T235526Z_heavy_c2048_a9ff2b,2,[N/A],[N/A],213,40960,35.59,31
2026-08-26T00:16:53.607509+00:00,20260825T235526Z_heavy_c2048_a9ff2b,0,[N/A],[N/A],12818,40960,151.05,62
2026-08-26T00:16:53.607509+00:00,20260825T235526Z_heavy_c2048_a9ff2b,1,[N/A],[N/A],213,40960,34.83,30
2026-08-26T00:16:53.607509+00:00,20260825T235526Z_heavy_c2048_a9ff2b,2,[N/A],[N/A],213,40960,35.67,31
2026-08-26T00:16:54.687092+00:00,20260825T235526Z_heavy_c2048_a9ff2b,0,[N/A],[N/A],12818,40960,229.23,63
2026-08-26T00:16:54.687092+00:00,20260825T235526Z_heavy_c2048_a9ff2b,1,[N/A],[N/A],213,40960,34.84,30
2026-08-26T00:16:54.687092+00:00,20260825T235526Z_heavy_c2048_a9ff2b,2,[N/A],[N/A],213,40960,35.60,31
2026-08-26T00:16:55.757046+00:00,20260825T235526Z_heavy_c2048_a9ff2b,0,[N/A],[N/A],12818,40960,171.14,62
2026-08-26T00:16:55.757046+00:00,20260825T235526Z_heavy_c2048_a9ff2b,1,[N/A],[N/A],213,40960,34.74,30
2026-08-26T00:16:55.757046+00:00,20260825T235526Z_heavy_c2048_a9ff2b,2,[N/A],[N/A],213,40960,35.58,31
2026-08-26T00:16:56.847260+00:00,20260825T235526Z_heavy_c2048_a9ff2b,0,[N/A],[N/A],12818,40960,188.60,62
2026-08-26T00:16:56.847260+00:00,20260825T235526Z_heavy_c2048_a9ff2b,1,[N/A],[N/A],213,40960,34.84,30
2026-08-26T00:16:56.847260+00:00,20260825T235526Z_heavy_c2048_a9ff2b,2,[N/A],[N/A],213,40960,35.57,31
2026-08-26T00:16:57.921393+00:00,20260825T235526Z_heavy_c2048_a9ff2b,0,[N/A],[N/A],12818,40960,167.02,63
2026-08-26T00:16:57.921393+00:00,20260825T235526Z_heavy_c2048_a9ff2b,1,[N/A],[N/A],213,40960,35.03,30
2026-08-26T00:16:57.921393+00:00,20260825T235526Z_heavy_c2048_a9ff2b,2,[N/A],[N/A],213,40960,35.67,31
2026-08-26T00:16:59.001697+00:00,20260825T235526Z_heavy_c2048_a9ff2b,0,[N/A],[N/A],12818,40960,196.57,63
2026-08-26T00:16:59.001697+00:00,20260825T235526Z_heavy_c2048_a9ff2b,1,[N/A],[N/A],213,40960,34.82,30
2026-08-26T00:16:59.001697+00:00,20260825T235526Z_heavy_c2048_a9ff2b,2,[N/A],[N/A],213,40960,35.57,31
2026-08-26T00:17:00.066673+00:00,20260825T235526Z_heavy_c2048_a9ff2b,0,[N/A],[N/A],12818,40960,167.91,63
2026-08-26T00:17:00.066673+00:00,20260825T235526Z_heavy_c2048_a9ff2b,1,[N/A],[N/A],213,40960,34.82,30
2026-08-26T00:17:00.066673+00:00,20260825T235526Z_heavy_c2048_a9ff2b,2,[N/A],[N/A],213,40960,35.55,31
2026-08-26T00:17:01.137266+00:00,20260825T235526Z_heavy_c2048_a9ff2b,0,[N/A],[N/A],12818,40960,242.17,62
2026-08-26T00:17:01.137266+00:00,20260825T235526Z_heavy_c2048_a9ff2b,1,[N/A],[N/A],213,40960,34.82,30
2026-08-26T00:17:01.137266+00:00,20260825T235526Z_heavy_c2048_a9ff2b,2,[N/A],[N/A],213,40960,35.89,31
2026-08-26T00:17:02.201019+00:00,20260825T235526Z_heavy_c2048_a9ff2b,0,[N/A],[N/A],12818,40960,186.74,63
2026-08-26T00:17:02.201019+00:00,20260825T235526Z_heavy_c2048_a9ff2b,1,[N/A],[N/A],213,40960,34.84,30
2026-08-26T00:17:02.201019+00:00,20260825T235526Z_heavy_c2048_a9ff2b,2,[N/A],[N/A],213,40960,35.58,31
2026-08-26T00:17:03.270039+00:00,20260825T235526Z_heavy_c2048_a9ff2b,0,[N/A],[N/A],12818,40960,171.08,62
2026-08-26T00:17:03.270039+00:00,20260825T235526Z_heavy_c2048_a9ff2b,1,[N/A],[N/A],213,40960,34.94,30
2026-08-26T00:17:03.270039+00:00,20260825T235526Z_heavy_c2048_a9ff2b,2,[N/A],[N/A],213,40960,35.68,31
2026-08-26T00:17:04.335409+00:00,20260825T235526Z_heavy_c2048_a9ff2b,0,[N/A],[N/A],12818,40960,187.73,62
2026-08-26T00:17:04.335409+00:00,20260825T235526Z_heavy_c2048_a9ff2b,1,[N/A],[N/A],213,40960,34.84,30
2026-08-26T00:17:04.335409+00:00,20260825T235526Z_heavy_c2048_a9ff2b,2,[N/A],[N/A],213,40960,35.86,31
2026-08-26T00:17:05.422810+00:00,20260825T235526Z_heavy_c2048_a9ff2b,0,[N/A],[N/A],12818,40960,177.10,62
2026-08-26T00:17:05.422810+00:00,20260825T235526Z_heavy_c2048_a9ff2b,1,[N/A],[N/A],213,40960,34.94,30
2026-08-26T00:17:05.422810+00:00,20260825T235526Z_heavy_c2048_a9ff2b,2,[N/A],[N/A],213,40960,35.96,31
2026-08-26T00:17:06.522037+00:00,20260825T235526Z_heavy_c2048_a9ff2b,0,[N/A],[N/A],12818,40960,169.42,62
2026-08-26T00:17:06.522037+00:00,20260825T235526Z_heavy_c2048_a9ff2b,1,[N/A],[N/A],213,40960,34.84,30
2026-08-26T00:17:06.522037+00:00,20260825T235526Z_heavy_c2048_a9ff2b,2,[N/A],[N/A],213,40960,35.57,31
2026-08-26T00:17:07.595754+00:00,20260825T235526Z_heavy_c2048_a9ff2b,0,[N/A],[N/A],12818,40960,162.85,62
2026-08-26T00:17:07.595754+00:00,20260825T235526Z_heavy_c2048_a9ff2b,1,[N/A],[N/A],213,40960,34.84,30
2026-08-26T00:17:07.595754+00:00,20260825T235526Z_heavy_c2048_a9ff2b,2,[N/A],[N/A],213,40960,35.69,31
2026-08-26T00:17:08.682457+00:00,20260825T235526Z_heavy_c2048_a9ff2b,0,[N/A],[N/A],12818,40960,192.68,63
2026-08-26T00:17:08.682457+00:00,20260825T235526Z_heavy_c2048_a9ff2b,1,[N/A],[N/A],213,40960,34.83,30
2026-08-26T00:17:08.682457+00:00,20260825T235526Z_heavy_c2048_a9ff2b,2,[N/A],[N/A],213,40960,35.67,31
2026-08-26T00:17:09.752896+00:00,20260825T235526Z_heavy_c2048_a9ff2b,0,[N/A],[N/A],12818,40960,150.31,62
2026-08-26T00:17:09.752896+00:00,20260825T235526Z_heavy_c2048_a9ff2b,1,[N/A],[N/A],213,40960,34.82,30
2026-08-26T00:17:09.752896+00:00,20260825T235526Z_heavy_c2048_a9ff2b,2,[N/A],[N/A],213,40960,35.65,31
2026-08-26T00:17:10.840046+00:00,20260825T235526Z_heavy_c2048_a9ff2b,0,[N/A],[N/A],12818,40960,156.50,63
2026-08-26T00:17:10.840046+00:00,20260825T235526Z_heavy_c2048_a9ff2b,1,[N/A],[N/A],213,40960,34.84,30
2026-08-26T00:17:10.840046+00:00,20260825T235526Z_heavy_c2048_a9ff2b,2,[N/A],[N/A],213,40960,35.57,31
2026-08-26T00:17:11.915042+00:00,20260825T235526Z_heavy_c2048_a9ff2b,0,[N/A],[N/A],12818,40960,169.40,63
2026-08-26T00:17:11.915042+00:00,20260825T235526Z_heavy_c2048_a9ff2b,1,[N/A],[N/A],213,40960,34.82,30
2026-08-26T00:17:11.915042+00:00,20260825T235526Z_heavy_c2048_a9ff2b,2,[N/A],[N/A],213,40960,35.67,31
2026-08-26T00:17:13.009228+00:00,20260825T235526Z_heavy_c2048_a9ff2b,0,[N/A],[N/A],12818,40960,156.54,63
2026-08-26T00:17:13.009228+00:00,20260825T235526Z_heavy_c2048_a9ff2b,1,[N/A],[N/A],213,40960,35.01,30
2026-08-26T00:17:13.009228+00:00,20260825T235526Z_heavy_c2048_a9ff2b,2,[N/A],[N/A],213,40960,35.66,31
2026-08-26T00:17:14.077762+00:00,20260825T235526Z_heavy_c2048_a9ff2b,0,[N/A],[N/A],12818,40960,181.92,63
2026-08-26T00:17:14.077762+00:00,20260825T235526Z_heavy_c2048_a9ff2b,1,[N/A],[N/A],213,40960,34.74,30
2026-08-26T00:17:14.077762+00:00,20260825T235526Z_heavy_c2048_a9ff2b,2,[N/A],[N/A],213,40960,35.69,31
2026-08-26T00:17:15.147007+00:00,20260825T235526Z_heavy_c2048_a9ff2b,0,[N/A],[N/A],12818,40960,174.99,63
2026-08-26T00:17:15.147007+00:00,20260825T235526Z_heavy_c2048_a9ff2b,1,[N/A],[N/A],213,40960,34.77,30
2026-08-26T00:17:15.147007+00:00,20260825T235526Z_heavy_c2048_a9ff2b,2,[N/A],[N/A],213,40960,35.50,31
2026-08-26T00:17:16.214060+00:00,20260825T235526Z_heavy_c2048_a9ff2b,0,[N/A],[N/A],12818,40960,226.49,62
2026-08-26T00:17:16.214060+00:00,20260825T235526Z_heavy_c2048_a9ff2b,1,[N/A],[N/A],213,40960,34.94,30
2026-08-26T00:17:16.214060+00:00,20260825T235526Z_heavy_c2048_a9ff2b,2,[N/A],[N/A],213,40960,35.67,31
2026-08-26T00:17:17.291098+00:00,20260825T235526Z_heavy_c2048_a9ff2b,0,[N/A],[N/A],12818,40960,180.90,62
2026-08-26T00:17:17.291098+00:00,20260825T235526Z_heavy_c2048_a9ff2b,1,[N/A],[N/A],213,40960,34.84,30
2026-08-26T00:17:17.291098+00:00,20260825T235526Z_heavy_c2048_a9ff2b,2,[N/A],[N/A],213,40960,35.67,31
2026-08-26T00:17:18.359047+00:00,20260825T235526Z_heavy_c2048_a9ff2b,0,[N/A],[N/A],12818,40960,177.53,63
2026-08-26T00:17:18.359047+00:00,20260825T235526Z_heavy_c2048_a9ff2b,1,[N/A],[N/A],213,40960,34.94,30
2026-08-26T00:17:18.359047+00:00,20260825T235526Z_heavy_c2048_a9ff2b,2,[N/A],[N/A],213,40960,35.67,31
2026-08-26T00:17:19.439505+00:00,20260825T235526Z_heavy_c2048_a9ff2b,0,[N/A],[N/A],12818,40960,159.51,63
2026-08-26T00:17:19.439505+00:00,20260825T235526Z_heavy_c2048_a9ff2b,1,[N/A],[N/A],213,40960,34.94,30
2026-08-26T00:17:19.439505+00:00,20260825T235526Z_heavy_c2048_a9ff2b,2,[N/A],[N/A],213,40960,35.57,31
2026-08-26T00:17:20.523386+00:00,20260825T235526Z_heavy_c2048_a9ff2b,0,[N/A],[N/A],12818,40960,161.13,63
2026-08-26T00:17:20.523386+00:00,20260825T235526Z_heavy_c2048_a9ff2b,1,[N/A],[N/A],213,40960,34.92,30
2026-08-26T00:17:20.523386+00:00,20260825T235526Z_heavy_c2048_a9ff2b,2,[N/A],[N/A],213,40960,35.57,31
2026-08-26T00:17:21.601438+00:00,20260825T235526Z_heavy_c2048_a9ff2b,0,[N/A],[N/A],12818,40960,170.24,63
2026-08-26T00:17:21.601438+00:00,20260825T235526Z_heavy_c2048_a9ff2b,1,[N/A],[N/A],213,40960,34.63,30
2026-08-26T00:17:21.601438+00:00,20260825T235526Z_heavy_c2048_a9ff2b,2,[N/A],[N/A],213,40960,35.57,31
2026-08-26T00:17:22.677011+00:00,20260825T235526Z_heavy_c2048_a9ff2b,0,[N/A],[N/A],12818,40960,228.65,62
2026-08-26T00:17:22.677011+00:00,20260825T235526Z_heavy_c2048_a9ff2b,1,[N/A],[N/A],213,40960,34.84,30
2026-08-26T00:17:22.677011+00:00,20260825T235526Z_heavy_c2048_a9ff2b,2,[N/A],[N/A],213,40960,35.57,31
2026-08-26T00:17:23.751043+00:00,20260825T235526Z_heavy_c2048_a9ff2b,0,[N/A],[N/A],12818,40960,156.10,62
2026-08-26T00:17:23.751043+00:00,20260825T235526Z_heavy_c2048_a9ff2b,1,[N/A],[N/A],213,40960,34.94,30
2026-08-26T00:17:23.751043+00:00,20260825T235526Z_heavy_c2048_a9ff2b,2,[N/A],[N/A],213,40960,35.58,31
2026-08-26T00:17:24.822056+00:00,20260825T235526Z_heavy_c2048_a9ff2b,0,[N/A],[N/A],12818,40960,172.32,63
2026-08-26T00:17:24.822056+00:00,20260825T235526Z_heavy_c2048_a9ff2b,1,[N/A],[N/A],213,40960,34.94,30
2026-08-26T00:17:24.822056+00:00,20260825T235526Z_heavy_c2048_a9ff2b,2,[N/A],[N/A],213,40960,35.94,31
2026-08-26T00:17:25.908945+00:00,20260825T235526Z_heavy_c2048_a9ff2b,0,[N/A],[N/A],12818,40960,154.78,62
2026-08-26T00:17:25.908945+00:00,20260825T235526Z_heavy_c2048_a9ff2b,1,[N/A],[N/A],213,40960,34.94,30
2026-08-26T00:17:25.908945+00:00,20260825T235526Z_heavy_c2048_a9ff2b,2,[N/A],[N/A],213,40960,35.48,31
2026-08-26T00:17:26.991550+00:00,20260825T235526Z_heavy_c2048_a9ff2b,0,[N/A],[N/A],12818,40960,175.20,62
2026-08-26T00:17:26.991550+00:00,20260825T235526Z_heavy_c2048_a9ff2b,1,[N/A],[N/A],213,40960,34.94,30
2026-08-26T00:17:26.991550+00:00,20260825T235526Z_heavy_c2048_a9ff2b,2,[N/A],[N/A],213,40960,35.58,31
2026-08-26T00:17:28.060887+00:00,20260825T235526Z_heavy_c2048_a9ff2b,0,[N/A],[N/A],12818,40960,224.21,63
2026-08-26T00:17:28.060887+00:00,20260825T235526Z_heavy_c2048_a9ff2b,1,[N/A],[N/A],213,40960,35.03,30
2026-08-26T00:17:28.060887+00:00,20260825T235526Z_heavy_c2048_a9ff2b,2,[N/A],[N/A],213,40960,35.57,31
2026-08-26T00:17:29.130045+00:00,20260825T235526Z_heavy_c2048_a9ff2b,0,[N/A],[N/A],12818,40960,155.02,62
2026-08-26T00:17:29.130045+00:00,20260825T235526Z_heavy_c2048_a9ff2b,1,[N/A],[N/A],213,40960,34.73,30
2026-08-26T00:17:29.130045+00:00,20260825T235526Z_heavy_c2048_a9ff2b,2,[N/A],[N/A],213,40960,35.57,31
2026-08-26T00:17:30.221040+00:00,20260825T235526Z_heavy_c2048_a9ff2b,0,[N/A],[N/A],12818,40960,230.49,63
2026-08-26T00:17:30.221040+00:00,20260825T235526Z_heavy_c2048_a9ff2b,1,[N/A],[N/A],213,40960,34.83,30
2026-08-26T00:17:30.221040+00:00,20260825T235526Z_heavy_c2048_a9ff2b,2,[N/A],[N/A],213,40960,35.47,31
2026-08-26T00:17:31.290044+00:00,20260825T235526Z_heavy_c2048_a9ff2b,0,[N/A],[N/A],12818,40960,178.03,63
2026-08-26T00:17:31.290044+00:00,20260825T235526Z_heavy_c2048_a9ff2b,1,[N/A],[N/A],213,40960,35.03,30
2026-08-26T00:17:31.290044+00:00,20260825T235526Z_heavy_c2048_a9ff2b,2,[N/A],[N/A],213,40960,35.57,31
2026-08-26T00:17:32.357301+00:00,20260825T235526Z_heavy_c2048_a9ff2b,0,[N/A],[N/A],12818,40960,192.34,63
2026-08-26T00:17:32.357301+00:00,20260825T235526Z_heavy_c2048_a9ff2b,1,[N/A],[N/A],213,40960,34.83,30
2026-08-26T00:17:32.357301+00:00,20260825T235526Z_heavy_c2048_a9ff2b,2,[N/A],[N/A],213,40960,35.50,31
2026-08-26T00:17:33.426820+00:00,20260825T235526Z_heavy_c2048_a9ff2b,0,[N/A],[N/A],12818,40960,156.39,62
2026-08-26T00:17:33.426820+00:00,20260825T235526Z_heavy_c2048_a9ff2b,1,[N/A],[N/A],213,40960,34.95,30
2026-08-26T00:17:33.426820+00:00,20260825T235526Z_heavy_c2048_a9ff2b,2,[N/A],[N/A],213,40960,35.50,31
2026-08-26T00:17:34.495051+00:00,20260825T235526Z_heavy_c2048_a9ff2b,0,[N/A],[N/A],12818,40960,158.36,62
2026-08-26T00:17:34.495051+00:00,20260825T235526Z_heavy_c2048_a9ff2b,1,[N/A],[N/A],213,40960,34.94,30
2026-08-26T00:17:34.495051+00:00,20260825T235526Z_heavy_c2048_a9ff2b,2,[N/A],[N/A],213,40960,35.57,31
2026-08-26T00:17:35.570580+00:00,20260825T235526Z_heavy_c2048_a9ff2b,0,[N/A],[N/A],12818,40960,193.31,62
2026-08-26T00:17:35.570580+00:00,20260825T235526Z_heavy_c2048_a9ff2b,1,[N/A],[N/A],213,40960,34.84,30
2026-08-26T00:17:35.570580+00:00,20260825T235526Z_heavy_c2048_a9ff2b,2,[N/A],[N/A],213,40960,35.48,31
2026-08-26T00:17:36.638315+00:00,20260825T235526Z_heavy_c2048_a9ff2b,0,[N/A],[N/A],12818,40960,187.10,62
2026-08-26T00:17:36.638315+00:00,20260825T235526Z_heavy_c2048_a9ff2b,1,[N/A],[N/A],213,40960,34.84,30
2026-08-26T00:17:36.638315+00:00,20260825T235526Z_heavy_c2048_a9ff2b,2,[N/A],[N/A],213,40960,35.57,31
2026-08-26T00:17:37.709138+00:00,20260825T235526Z_heavy_c2048_a9ff2b,0,[N/A],[N/A],12818,40960,170.99,62
2026-08-26T00:17:37.709138+00:00,20260825T235526Z_heavy_c2048_a9ff2b,1,[N/A],[N/A],213,40960,34.84,30
2026-08-26T00:17:37.709138+00:00,20260825T235526Z_heavy_c2048_a9ff2b,2,[N/A],[N/A],213,40960,35.57,31
2026-08-26T00:17:38.783376+00:00,20260825T235526Z_heavy_c2048_a9ff2b,0,[N/A],[N/A],12818,40960,186.06,62
2026-08-26T00:17:38.783376+00:00,20260825T235526Z_heavy_c2048_a9ff2b,1,[N/A],[N/A],213,40960,34.83,30
2026-08-26T00:17:38.783376+00:00,20260825T235526Z_heavy_c2048_a9ff2b,2,[N/A],[N/A],213,40960,35.67,31
2026-08-26T00:17:39.863042+00:00,20260825T235526Z_heavy_c2048_a9ff2b,0,[N/A],[N/A],12818,40960,171.32,62
2026-08-26T00:17:39.863042+00:00,20260825T235526Z_heavy_c2048_a9ff2b,1,[N/A],[N/A],213,40960,34.72,30
2026-08-26T00:17:39.863042+00:00,20260825T235526Z_heavy_c2048_a9ff2b,2,[N/A],[N/A],213,40960,35.47,31
2026-08-26T00:17:40.936881+00:00,20260825T235526Z_heavy_c2048_a9ff2b,0,[N/A],[N/A],12818,40960,209.19,62
2026-08-26T00:17:40.936881+00:00,20260825T235526Z_heavy_c2048_a9ff2b,1,[N/A],[N/A],213,40960,34.84,30
2026-08-26T00:17:40.936881+00:00,20260825T235526Z_heavy_c2048_a9ff2b,2,[N/A],[N/A],213,40960,35.57,31
2026-08-26T00:17:42.024911+00:00,20260825T235526Z_heavy_c2048_a9ff2b,0,[N/A],[N/A],12818,40960,177.32,62
2026-08-26T00:17:42.024911+00:00,20260825T235526Z_heavy_c2048_a9ff2b,1,[N/A],[N/A],213,40960,34.92,30
2026-08-26T00:17:42.024911+00:00,20260825T235526Z_heavy_c2048_a9ff2b,2,[N/A],[N/A],213,40960,35.57,31
2026-08-26T00:17:43.098042+00:00,20260825T235526Z_heavy_c2048_a9ff2b,0,[N/A],[N/A],12818,40960,170.25,62
2026-08-26T00:17:43.098042+00:00,20260825T235526Z_heavy_c2048_a9ff2b,1,[N/A],[N/A],213,40960,34.94,30
2026-08-26T00:17:43.098042+00:00,20260825T235526Z_heavy_c2048_a9ff2b,2,[N/A],[N/A],213,40960,36.06,31
2026-08-26T00:17:44.184037+00:00,20260825T235526Z_heavy_c2048_a9ff2b,0,[N/A],[N/A],12818,40960,151.39,62
2026-08-26T00:17:44.184037+00:00,20260825T235526Z_heavy_c2048_a9ff2b,1,[N/A],[N/A],213,40960,34.94,30
2026-08-26T00:17:44.184037+00:00,20260825T235526Z_heavy_c2048_a9ff2b,2,[N/A],[N/A],213,40960,35.58,31
2026-08-26T00:17:45.265475+00:00,20260825T235526Z_heavy_c2048_a9ff2b,0,[N/A],[N/A],12818,40960,226.47,62
2026-08-26T00:17:45.265475+00:00,20260825T235526Z_heavy_c2048_a9ff2b,1,[N/A],[N/A],213,40960,34.73,30
2026-08-26T00:17:45.265475+00:00,20260825T235526Z_heavy_c2048_a9ff2b,2,[N/A],[N/A],213,40960,35.67,31
2026-08-26T00:17:46.329625+00:00,20260825T235526Z_heavy_c2048_a9ff2b,0,[N/A],[N/A],12818,40960,164.23,62
2026-08-26T00:17:46.329625+00:00,20260825T235526Z_heavy_c2048_a9ff2b,1,[N/A],[N/A],213,40960,34.92,30
2026-08-26T00:17:46.329625+00:00,20260825T235526Z_heavy_c2048_a9ff2b,2,[N/A],[N/A],213,40960,35.67,31
2026-08-26T00:17:47.407274+00:00,20260825T235526Z_heavy_c2048_a9ff2b,0,[N/A],[N/A],12818,40960,187.92,63
2026-08-26T00:17:47.407274+00:00,20260825T235526Z_heavy_c2048_a9ff2b,1,[N/A],[N/A],213,40960,34.92,30
2026-08-26T00:17:47.407274+00:00,20260825T235526Z_heavy_c2048_a9ff2b,2,[N/A],[N/A],213,40960,35.56,31
2026-08-26T00:17:48.482136+00:00,20260825T235526Z_heavy_c2048_a9ff2b,0,[N/A],[N/A],12818,40960,221.40,62
2026-08-26T00:17:48.482136+00:00,20260825T235526Z_heavy_c2048_a9ff2b,1,[N/A],[N/A],213,40960,34.84,30
2026-08-26T00:17:48.482136+00:00,20260825T235526Z_heavy_c2048_a9ff2b,2,[N/A],[N/A],213,40960,35.57,31
2026-08-26T00:17:49.570215+00:00,20260825T235526Z_heavy_c2048_a9ff2b,0,[N/A],[N/A],12818,40960,176.73,62
2026-08-26T00:17:49.570215+00:00,20260825T235526Z_heavy_c2048_a9ff2b,1,[N/A],[N/A],213,40960,34.93,30
2026-08-26T00:17:49.570215+00:00,20260825T235526Z_heavy_c2048_a9ff2b,2,[N/A],[N/A],213,40960,35.57,31
2026-08-26T00:17:50.650044+00:00,20260825T235526Z_heavy_c2048_a9ff2b,0,[N/A],[N/A],12818,40960,188.34,62
2026-08-26T00:17:50.650044+00:00,20260825T235526Z_heavy_c2048_a9ff2b,1,[N/A],[N/A],213,40960,35.23,30
2026-08-26T00:17:50.650044+00:00,20260825T235526Z_heavy_c2048_a9ff2b,2,[N/A],[N/A],213,40960,35.57,31
2026-08-26T00:17:51.721963+00:00,20260825T235526Z_heavy_c2048_a9ff2b,0,[N/A],[N/A],12818,40960,186.19,63
2026-08-26T00:17:51.721963+00:00,20260825T235526Z_heavy_c2048_a9ff2b,1,[N/A],[N/A],213,40960,34.71,30
2026-08-26T00:17:51.721963+00:00,20260825T235526Z_heavy_c2048_a9ff2b,2,[N/A],[N/A],213,40960,35.56,31
2026-08-26T00:17:52.802046+00:00,20260825T235526Z_heavy_c2048_a9ff2b,0,[N/A],[N/A],12818,40960,173.28,62
2026-08-26T00:17:52.802046+00:00,20260825T235526Z_heavy_c2048_a9ff2b,1,[N/A],[N/A],213,40960,34.84,30
2026-08-26T00:17:52.802046+00:00,20260825T235526Z_heavy_c2048_a9ff2b,2,[N/A],[N/A],213,40960,35.58,31
2026-08-26T00:17:53.872047+00:00,20260825T235526Z_heavy_c2048_a9ff2b,0,[N/A],[N/A],12818,40960,181.78,62
2026-08-26T00:17:53.872047+00:00,20260825T235526Z_heavy_c2048_a9ff2b,1,[N/A],[N/A],213,40960,34.94,30
2026-08-26T00:17:53.872047+00:00,20260825T235526Z_heavy_c2048_a9ff2b,2,[N/A],[N/A],213,40960,35.57,31
2026-08-26T00:17:54.970782+00:00,20260825T235526Z_heavy_c2048_a9ff2b,0,[N/A],[N/A],12818,40960,159.93,62
2026-08-26T00:17:54.970782+00:00,20260825T235526Z_heavy_c2048_a9ff2b,1,[N/A],[N/A],213,40960,34.84,30
2026-08-26T00:17:54.970782+00:00,20260825T235526Z_heavy_c2048_a9ff2b,2,[N/A],[N/A],213,40960,35.85,31
2026-08-26T00:17:56.035042+00:00,20260825T235526Z_heavy_c2048_a9ff2b,0,[N/A],[N/A],12818,40960,224.82,62
2026-08-26T00:17:56.035042+00:00,20260825T235526Z_heavy_c2048_a9ff2b,1,[N/A],[N/A],213,40960,34.84,30
2026-08-26T00:17:56.035042+00:00,20260825T235526Z_heavy_c2048_a9ff2b,2,[N/A],[N/A],213,40960,35.58,31
2026-08-26T00:17:57.112927+00:00,20260825T235526Z_heavy_c2048_a9ff2b,0,[N/A],[N/A],12818,40960,215.77,63
2026-08-26T00:17:57.112927+00:00,20260825T235526Z_heavy_c2048_a9ff2b,1,[N/A],[N/A],213,40960,34.83,30
2026-08-26T00:17:57.112927+00:00,20260825T235526Z_heavy_c2048_a9ff2b,2,[N/A],[N/A],213,40960,35.57,31
2026-08-26T00:17:58.192043+00:00,20260825T235526Z_heavy_c2048_a9ff2b,0,[N/A],[N/A],12818,40960,179.83,62
2026-08-26T00:17:58.192043+00:00,20260825T235526Z_heavy_c2048_a9ff2b,1,[N/A],[N/A],213,40960,35.02,30
2026-08-26T00:17:58.192043+00:00,20260825T235526Z_heavy_c2048_a9ff2b,2,[N/A],[N/A],213,40960,35.67,31
2026-08-26T00:17:59.264292+00:00,20260825T235526Z_heavy_c2048_a9ff2b,0,[N/A],[N/A],12818,40960,145.06,62
2026-08-26T00:17:59.264292+00:00,20260825T235526Z_heavy_c2048_a9ff2b,1,[N/A],[N/A],213,40960,35.03,30
2026-08-26T00:17:59.264292+00:00,20260825T235526Z_heavy_c2048_a9ff2b,2,[N/A],[N/A],213,40960,35.68,31
2026-08-26T00:18:00.332589+00:00,20260825T235526Z_heavy_c2048_a9ff2b,0,[N/A],[N/A],12818,40960,167.56,62
2026-08-26T00:18:00.332589+00:00,20260825T235526Z_heavy_c2048_a9ff2b,1,[N/A],[N/A],213,40960,34.83,31
2026-08-26T00:18:00.332589+00:00,20260825T235526Z_heavy_c2048_a9ff2b,2,[N/A],[N/A],213,40960,35.57,31
2026-08-26T00:18:01.407044+00:00,20260825T235526Z_heavy_c2048_a9ff2b,0,[N/A],[N/A],12818,40960,162.17,62
2026-08-26T00:18:01.407044+00:00,20260825T235526Z_heavy_c2048_a9ff2b,1,[N/A],[N/A],213,40960,34.94,30
2026-08-26T00:18:01.407044+00:00,20260825T235526Z_heavy_c2048_a9ff2b,2,[N/A],[N/A],213,40960,35.67,31
2026-08-26T00:18:02.489081+00:00,20260825T235526Z_heavy_c2048_a9ff2b,0,[N/A],[N/A],12818,40960,166.29,62
2026-08-26T00:18:02.489081+00:00,20260825T235526Z_heavy_c2048_a9ff2b,1,[N/A],[N/A],213,40960,34.82,30
2026-08-26T00:18:02.489081+00:00,20260825T235526Z_heavy_c2048_a9ff2b,2,[N/A],[N/A],213,40960,35.87,31
2026-08-26T00:18:03.569233+00:00,20260825T235526Z_heavy_c2048_a9ff2b,0,[N/A],[N/A],12818,40960,162.37,62
2026-08-26T00:18:03.569233+00:00,20260825T235526Z_heavy_c2048_a9ff2b,1,[N/A],[N/A],213,40960,34.82,30
2026-08-26T00:18:03.569233+00:00,20260825T235526Z_heavy_c2048_a9ff2b,2,[N/A],[N/A],213,40960,35.56,31
2026-08-26T00:18:04.635714+00:00,20260825T235526Z_heavy_c2048_a9ff2b,0,[N/A],[N/A],12818,40960,165.12,62
2026-08-26T00:18:04.635714+00:00,20260825T235526Z_heavy_c2048_a9ff2b,1,[N/A],[N/A],213,40960,34.84,31
2026-08-26T00:18:04.635714+00:00,20260825T235526Z_heavy_c2048_a9ff2b,2,[N/A],[N/A],213,40960,35.58,31
2026-08-26T00:18:05.719933+00:00,20260825T235526Z_heavy_c2048_a9ff2b,0,[N/A],[N/A],12818,40960,205.18,62
2026-08-26T00:18:05.719933+00:00,20260825T235526Z_heavy_c2048_a9ff2b,1,[N/A],[N/A],213,40960,35.21,30
2026-08-26T00:18:05.719933+00:00,20260825T235526Z_heavy_c2048_a9ff2b,2,[N/A],[N/A],213,40960,35.77,31
2026-08-26T00:18:06.785648+00:00,20260825T235526Z_heavy_c2048_a9ff2b,0,[N/A],[N/A],12818,40960,181.10,62
2026-08-26T00:18:06.785648+00:00,20260825T235526Z_heavy_c2048_a9ff2b,1,[N/A],[N/A],213,40960,34.94,30
2026-08-26T00:18:06.785648+00:00,20260825T235526Z_heavy_c2048_a9ff2b,2,[N/A],[N/A],213,40960,35.57,31
2026-08-26T00:18:07.863605+00:00,20260825T235526Z_heavy_c2048_a9ff2b,0,[N/A],[N/A],12818,40960,170.60,62
2026-08-26T00:18:07.863605+00:00,20260825T235526Z_heavy_c2048_a9ff2b,1,[N/A],[N/A],213,40960,34.84,30
2026-08-26T00:18:07.863605+00:00,20260825T235526Z_heavy_c2048_a9ff2b,2,[N/A],[N/A],213,40960,35.57,31
2026-08-26T00:18:08.939047+00:00,20260825T235526Z_heavy_c2048_a9ff2b,0,[N/A],[N/A],12818,40960,170.34,62
2026-08-26T00:18:08.939047+00:00,20260825T235526Z_heavy_c2048_a9ff2b,1,[N/A],[N/A],213,40960,34.84,31
2026-08-26T00:18:08.939047+00:00,20260825T235526Z_heavy_c2048_a9ff2b,2,[N/A],[N/A],213,40960,35.67,31
2026-08-26T00:18:10.039748+00:00,20260825T235526Z_heavy_c2048_a9ff2b,0,[N/A],[N/A],12818,40960,188.20,62
2026-08-26T00:18:10.039748+00:00,20260825T235526Z_heavy_c2048_a9ff2b,1,[N/A],[N/A],213,40960,34.93,31
2026-08-26T00:18:10.039748+00:00,20260825T235526Z_heavy_c2048_a9ff2b,2,[N/A],[N/A],213,40960,35.67,31
2026-08-26T00:18:11.111047+00:00,20260825T235526Z_heavy_c2048_a9ff2b,0,[N/A],[N/A],12818,40960,186.02,62
2026-08-26T00:18:11.111047+00:00,20260825T235526Z_heavy_c2048_a9ff2b,1,[N/A],[N/A],213,40960,35.33,31
2026-08-26T00:18:11.111047+00:00,20260825T235526Z_heavy_c2048_a9ff2b,2,[N/A],[N/A],213,40960,35.67,31
2026-08-26T00:18:12.215651+00:00,20260825T235526Z_heavy_c2048_a9ff2b,0,[N/A],[N/A],12818,40960,187.79,63
2026-08-26T00:18:12.215651+00:00,20260825T235526Z_heavy_c2048_a9ff2b,1,[N/A],[N/A],213,40960,34.84,30
2026-08-26T00:18:12.215651+00:00,20260825T235526Z_heavy_c2048_a9ff2b,2,[N/A],[N/A],213,40960,35.58,31
2026-08-26T00:18:13.291473+00:00,20260825T235526Z_heavy_c2048_a9ff2b,0,[N/A],[N/A],12818,40960,186.17,63
2026-08-26T00:18:13.291473+00:00,20260825T235526Z_heavy_c2048_a9ff2b,1,[N/A],[N/A],213,40960,34.74,30
2026-08-26T00:18:13.291473+00:00,20260825T235526Z_heavy_c2048_a9ff2b,2,[N/A],[N/A],213,40960,35.57,31
2026-08-26T00:18:14.375047+00:00,20260825T235526Z_heavy_c2048_a9ff2b,0,[N/A],[N/A],12818,40960,180.03,62
2026-08-26T00:18:14.375047+00:00,20260825T235526Z_heavy_c2048_a9ff2b,1,[N/A],[N/A],213,40960,34.74,31
2026-08-26T00:18:14.375047+00:00,20260825T235526Z_heavy_c2048_a9ff2b,2,[N/A],[N/A],213,40960,35.58,31
2026-08-26T00:18:15.449484+00:00,20260825T235526Z_heavy_c2048_a9ff2b,0,[N/A],[N/A],12818,40960,193.57,63
2026-08-26T00:18:15.449484+00:00,20260825T235526Z_heavy_c2048_a9ff2b,1,[N/A],[N/A],213,40960,35.21,31
2026-08-26T00:18:15.449484+00:00,20260825T235526Z_heavy_c2048_a9ff2b,2,[N/A],[N/A],213,40960,35.76,31
2026-08-26T00:18:16.533750+00:00,20260825T235526Z_heavy_c2048_a9ff2b,0,[N/A],[N/A],12818,40960,180.90,62
2026-08-26T00:18:16.533750+00:00,20260825T235526Z_heavy_c2048_a9ff2b,1,[N/A],[N/A],213,40960,34.84,31
2026-08-26T00:18:16.533750+00:00,20260825T235526Z_heavy_c2048_a9ff2b,2,[N/A],[N/A],213,40960,35.67,31
2026-08-26T00:18:17.602040+00:00,20260825T235526Z_heavy_c2048_a9ff2b,0,[N/A],[N/A],12818,40960,182.85,62
2026-08-26T00:18:17.602040+00:00,20260825T235526Z_heavy_c2048_a9ff2b,1,[N/A],[N/A],213,40960,34.83,31
2026-08-26T00:18:17.602040+00:00,20260825T235526Z_heavy_c2048_a9ff2b,2,[N/A],[N/A],213,40960,35.65,31
2026-08-26T00:18:18.685042+00:00,20260825T235526Z_heavy_c2048_a9ff2b,0,[N/A],[N/A],12818,40960,165.17,63
2026-08-26T00:18:18.685042+00:00,20260825T235526Z_heavy_c2048_a9ff2b,1,[N/A],[N/A],213,40960,34.83,30
2026-08-26T00:18:18.685042+00:00,20260825T235526Z_heavy_c2048_a9ff2b,2,[N/A],[N/A],213,40960,35.77,31
2026-08-26T00:18:19.759838+00:00,20260825T235526Z_heavy_c2048_a9ff2b,0,[N/A],[N/A],12818,40960,132.52,63
2026-08-26T00:18:19.759838+00:00,20260825T235526Z_heavy_c2048_a9ff2b,1,[N/A],[N/A],213,40960,34.84,31
2026-08-26T00:18:19.759838+00:00,20260825T235526Z_heavy_c2048_a9ff2b,2,[N/A],[N/A],213,40960,35.58,31
2026-08-26T00:18:20.837096+00:00,20260825T235526Z_heavy_c2048_a9ff2b,0,[N/A],[N/A],12818,40960,219.01,63
2026-08-26T00:18:20.837096+00:00,20260825T235526Z_heavy_c2048_a9ff2b,1,[N/A],[N/A],213,40960,34.86,31
2026-08-26T00:18:20.837096+00:00,20260825T235526Z_heavy_c2048_a9ff2b,2,[N/A],[N/A],213,40960,35.57,31
2026-08-26T00:18:21.916963+00:00,20260825T235526Z_heavy_c2048_a9ff2b,0,[N/A],[N/A],12818,40960,186.71,62
2026-08-26T00:18:21.916963+00:00,20260825T235526Z_heavy_c2048_a9ff2b,1,[N/A],[N/A],213,40960,34.84,31
2026-08-26T00:18:21.916963+00:00,20260825T235526Z_heavy_c2048_a9ff2b,2,[N/A],[N/A],213,40960,35.67,31
2026-08-26T00:18:22.995465+00:00,20260825T235526Z_heavy_c2048_a9ff2b,0,[N/A],[N/A],12818,40960,212.17,63
2026-08-26T00:18:22.995465+00:00,20260825T235526Z_heavy_c2048_a9ff2b,1,[N/A],[N/A],213,40960,34.84,31
2026-08-26T00:18:22.995465+00:00,20260825T235526Z_heavy_c2048_a9ff2b,2,[N/A],[N/A],213,40960,35.57,31
2026-08-26T00:18:24.068120+00:00,20260825T235526Z_heavy_c2048_a9ff2b,0,[N/A],[N/A],12818,40960,178.00,63
2026-08-26T00:18:24.068120+00:00,20260825T235526Z_heavy_c2048_a9ff2b,1,[N/A],[N/A],213,40960,34.82,31
2026-08-26T00:18:24.068120+00:00,20260825T235526Z_heavy_c2048_a9ff2b,2,[N/A],[N/A],213,40960,35.66,31
2026-08-26T00:18:25.142043+00:00,20260825T235526Z_heavy_c2048_a9ff2b,0,[N/A],[N/A],12818,40960,172.31,62
2026-08-26T00:18:25.142043+00:00,20260825T235526Z_heavy_c2048_a9ff2b,1,[N/A],[N/A],213,40960,34.84,31
2026-08-26T00:18:25.142043+00:00,20260825T235526Z_heavy_c2048_a9ff2b,2,[N/A],[N/A],213,40960,35.67,31
2026-08-26T00:18:26.226828+00:00,20260825T235526Z_heavy_c2048_a9ff2b,0,[N/A],[N/A],12818,40960,179.83,62
2026-08-26T00:18:26.226828+00:00,20260825T235526Z_heavy_c2048_a9ff2b,1,[N/A],[N/A],213,40960,35.05,31
2026-08-26T00:18:26.226828+00:00,20260825T235526Z_heavy_c2048_a9ff2b,2,[N/A],[N/A],213,40960,35.59,31
2026-08-26T00:18:27.296103+00:00,20260825T235526Z_heavy_c2048_a9ff2b,0,[N/A],[N/A],12818,40960,186.66,62
2026-08-26T00:18:27.296103+00:00,20260825T235526Z_heavy_c2048_a9ff2b,1,[N/A],[N/A],213,40960,34.84,31
2026-08-26T00:18:27.296103+00:00,20260825T235526Z_heavy_c2048_a9ff2b,2,[N/A],[N/A],213,40960,35.96,31
2026-08-26T00:18:28.377461+00:00,20260825T235526Z_heavy_c2048_a9ff2b,0,[N/A],[N/A],12818,40960,166.64,62
2026-08-26T00:18:28.377461+00:00,20260825T235526Z_heavy_c2048_a9ff2b,1,[N/A],[N/A],213,40960,34.84,31
2026-08-26T00:18:28.377461+00:00,20260825T235526Z_heavy_c2048_a9ff2b,2,[N/A],[N/A],213,40960,35.58,31
2026-08-26T00:18:29.446480+00:00,20260825T235526Z_heavy_c2048_a9ff2b,0,[N/A],[N/A],12818,40960,169.62,62
2026-08-26T00:18:29.446480+00:00,20260825T235526Z_heavy_c2048_a9ff2b,1,[N/A],[N/A],213,40960,34.84,31
2026-08-26T00:18:29.446480+00:00,20260825T235526Z_heavy_c2048_a9ff2b,2,[N/A],[N/A],213,40960,35.58,31
2026-08-26T00:18:30.518814+00:00,20260825T235526Z_heavy_c2048_a9ff2b,0,[N/A],[N/A],12818,40960,170.59,62
2026-08-26T00:18:30.518814+00:00,20260825T235526Z_heavy_c2048_a9ff2b,1,[N/A],[N/A],213,40960,34.84,31
2026-08-26T00:18:30.518814+00:00,20260825T235526Z_heavy_c2048_a9ff2b,2,[N/A],[N/A],213,40960,35.97,31
2026-08-26T00:18:31.591172+00:00,20260825T235526Z_heavy_c2048_a9ff2b,0,[N/A],[N/A],12818,40960,189.68,62
2026-08-26T00:18:31.591172+00:00,20260825T235526Z_heavy_c2048_a9ff2b,1,[N/A],[N/A],213,40960,34.84,31
2026-08-26T00:18:31.591172+00:00,20260825T235526Z_heavy_c2048_a9ff2b,2,[N/A],[N/A],213,40960,35.58,31
2026-08-26T00:18:32.679817+00:00,20260825T235526Z_heavy_c2048_a9ff2b,0,[N/A],[N/A],12818,40960,239.11,63
2026-08-26T00:18:32.679817+00:00,20260825T235526Z_heavy_c2048_a9ff2b,1,[N/A],[N/A],213,40960,34.83,31
2026-08-26T00:18:32.679817+00:00,20260825T235526Z_heavy_c2048_a9ff2b,2,[N/A],[N/A],213,40960,35.56,31
2026-08-26T00:18:33.743348+00:00,20260825T235526Z_heavy_c2048_a9ff2b,0,[N/A],[N/A],12818,40960,179.54,62
2026-08-26T00:18:33.743348+00:00,20260825T235526Z_heavy_c2048_a9ff2b,1,[N/A],[N/A],213,40960,34.92,31
2026-08-26T00:18:33.743348+00:00,20260825T235526Z_heavy_c2048_a9ff2b,2,[N/A],[N/A],213,40960,35.58,31
2026-08-26T00:18:34.814045+00:00,20260825T235526Z_heavy_c2048_a9ff2b,0,[N/A],[N/A],12818,40960,160.39,62
2026-08-26T00:18:34.814045+00:00,20260825T235526Z_heavy_c2048_a9ff2b,1,[N/A],[N/A],213,40960,34.92,31
2026-08-26T00:18:34.814045+00:00,20260825T235526Z_heavy_c2048_a9ff2b,2,[N/A],[N/A],213,40960,35.67,31
2026-08-26T00:18:35.882342+00:00,20260825T235526Z_heavy_c2048_a9ff2b,0,[N/A],[N/A],12818,40960,186.03,62
2026-08-26T00:18:35.882342+00:00,20260825T235526Z_heavy_c2048_a9ff2b,1,[N/A],[N/A],213,40960,34.94,31
2026-08-26T00:18:35.882342+00:00,20260825T235526Z_heavy_c2048_a9ff2b,2,[N/A],[N/A],213,40960,35.57,31
2026-08-26T00:18:36.951688+00:00,20260825T235526Z_heavy_c2048_a9ff2b,0,[N/A],[N/A],12818,40960,193.83,62
2026-08-26T00:18:36.951688+00:00,20260825T235526Z_heavy_c2048_a9ff2b,1,[N/A],[N/A],213,40960,35.22,31
2026-08-26T00:18:36.951688+00:00,20260825T235526Z_heavy_c2048_a9ff2b,2,[N/A],[N/A],213,40960,35.77,31
2026-08-26T00:18:38.021357+00:00,20260825T235526Z_heavy_c2048_a9ff2b,0,[N/A],[N/A],12818,40960,167.31,62
2026-08-26T00:18:38.021357+00:00,20260825T235526Z_heavy_c2048_a9ff2b,1,[N/A],[N/A],213,40960,34.94,31
2026-08-26T00:18:38.021357+00:00,20260825T235526Z_heavy_c2048_a9ff2b,2,[N/A],[N/A],213,40960,35.57,31
2026-08-26T00:18:39.089040+00:00,20260825T235526Z_heavy_c2048_a9ff2b,0,[N/A],[N/A],12818,40960,188.18,62
2026-08-26T00:18:39.089040+00:00,20260825T235526Z_heavy_c2048_a9ff2b,1,[N/A],[N/A],213,40960,34.94,31
2026-08-26T00:18:39.089040+00:00,20260825T235526Z_heavy_c2048_a9ff2b,2,[N/A],[N/A],213,40960,35.57,31
2026-08-26T00:18:40.158883+00:00,20260825T235526Z_heavy_c2048_a9ff2b,0,[N/A],[N/A],12818,40960,186.22,62
2026-08-26T00:18:40.158883+00:00,20260825T235526Z_heavy_c2048_a9ff2b,1,[N/A],[N/A],213,40960,35.22,31
2026-08-26T00:18:40.158883+00:00,20260825T235526Z_heavy_c2048_a9ff2b,2,[N/A],[N/A],213,40960,35.77,31
2026-08-26T00:18:41.239842+00:00,20260825T235526Z_heavy_c2048_a9ff2b,0,[N/A],[N/A],12818,40960,156.45,62
2026-08-26T00:18:41.239842+00:00,20260825T235526Z_heavy_c2048_a9ff2b,1,[N/A],[N/A],213,40960,34.94,31
2026-08-26T00:18:41.239842+00:00,20260825T235526Z_heavy_c2048_a9ff2b,2,[N/A],[N/A],213,40960,35.57,31
2026-08-26T00:18:42.310147+00:00,20260825T235526Z_heavy_c2048_a9ff2b,0,[N/A],[N/A],12818,40960,206.83,62
2026-08-26T00:18:42.310147+00:00,20260825T235526Z_heavy_c2048_a9ff2b,1,[N/A],[N/A],213,40960,34.94,31
2026-08-26T00:18:42.310147+00:00,20260825T235526Z_heavy_c2048_a9ff2b,2,[N/A],[N/A],213,40960,35.57,31
2026-08-26T00:18:43.390993+00:00,20260825T235526Z_heavy_c2048_a9ff2b,0,[N/A],[N/A],12818,40960,183.14,62
2026-08-26T00:18:43.390993+00:00,20260825T235526Z_heavy_c2048_a9ff2b,1,[N/A],[N/A],213,40960,35.01,31
2026-08-26T00:18:43.390993+00:00,20260825T235526Z_heavy_c2048_a9ff2b,2,[N/A],[N/A],213,40960,35.67,31
2026-08-26T00:18:44.466750+00:00,20260825T235526Z_heavy_c2048_a9ff2b,0,[N/A],[N/A],12818,40960,204.99,63
2026-08-26T00:18:44.466750+00:00,20260825T235526Z_heavy_c2048_a9ff2b,1,[N/A],[N/A],213,40960,34.84,31
2026-08-26T00:18:44.466750+00:00,20260825T235526Z_heavy_c2048_a9ff2b,2,[N/A],[N/A],213,40960,35.68,31
2026-08-26T00:18:45.542251+00:00,20260825T235526Z_heavy_c2048_a9ff2b,0,[N/A],[N/A],12818,40960,224.12,62
2026-08-26T00:18:45.542251+00:00,20260825T235526Z_heavy_c2048_a9ff2b,1,[N/A],[N/A],213,40960,35.02,31
2026-08-26T00:18:45.542251+00:00,20260825T235526Z_heavy_c2048_a9ff2b,2,[N/A],[N/A],213,40960,35.67,31
2026-08-26T00:18:46.608126+00:00,20260825T235526Z_heavy_c2048_a9ff2b,0,[N/A],[N/A],12818,40960,174.84,62
2026-08-26T00:18:46.608126+00:00,20260825T235526Z_heavy_c2048_a9ff2b,1,[N/A],[N/A],213,40960,34.93,31
2026-08-26T00:18:46.608126+00:00,20260825T235526Z_heavy_c2048_a9ff2b,2,[N/A],[N/A],213,40960,35.56,31
2026-08-26T00:18:47.688148+00:00,20260825T235526Z_heavy_c2048_a9ff2b,0,[N/A],[N/A],12818,40960,184.49,62
2026-08-26T00:18:47.688148+00:00,20260825T235526Z_heavy_c2048_a9ff2b,1,[N/A],[N/A],213,40960,35.31,31
2026-08-26T00:18:47.688148+00:00,20260825T235526Z_heavy_c2048_a9ff2b,2,[N/A],[N/A],213,40960,35.75,31
2026-08-26T00:18:48.767844+00:00,20260825T235526Z_heavy_c2048_a9ff2b,0,[N/A],[N/A],12818,40960,176.45,62
2026-08-26T00:18:48.767844+00:00,20260825T235526Z_heavy_c2048_a9ff2b,1,[N/A],[N/A],213,40960,34.84,31
2026-08-26T00:18:48.767844+00:00,20260825T235526Z_heavy_c2048_a9ff2b,2,[N/A],[N/A],213,40960,35.67,31
2026-08-26T00:18:49.852041+00:00,20260825T235526Z_heavy_c2048_a9ff2b,0,[N/A],[N/A],12818,40960,197.17,62
2026-08-26T00:18:49.852041+00:00,20260825T235526Z_heavy_c2048_a9ff2b,1,[N/A],[N/A],213,40960,34.84,31
2026-08-26T00:18:49.852041+00:00,20260825T235526Z_heavy_c2048_a9ff2b,2,[N/A],[N/A],213,40960,35.57,31
2026-08-26T00:18:50.921866+00:00,20260825T235526Z_heavy_c2048_a9ff2b,0,[N/A],[N/A],12818,40960,182.13,63
2026-08-26T00:18:50.921866+00:00,20260825T235526Z_heavy_c2048_a9ff2b,1,[N/A],[N/A],213,40960,34.92,31
2026-08-26T00:18:50.921866+00:00,20260825T235526Z_heavy_c2048_a9ff2b,2,[N/A],[N/A],213,40960,35.57,31
2026-08-26T00:18:52.011214+00:00,20260825T235526Z_heavy_c2048_a9ff2b,0,[N/A],[N/A],12818,40960,164.76,62
2026-08-26T00:18:52.011214+00:00,20260825T235526Z_heavy_c2048_a9ff2b,1,[N/A],[N/A],213,40960,34.92,31
2026-08-26T00:18:52.011214+00:00,20260825T235526Z_heavy_c2048_a9ff2b,2,[N/A],[N/A],213,40960,35.55,31
2026-08-26T00:18:53.091658+00:00,20260825T235526Z_heavy_c2048_a9ff2b,0,[N/A],[N/A],12818,40960,152.62,62
2026-08-26T00:18:53.091658+00:00,20260825T235526Z_heavy_c2048_a9ff2b,1,[N/A],[N/A],213,40960,34.63,31
2026-08-26T00:18:53.091658+00:00,20260825T235526Z_heavy_c2048_a9ff2b,2,[N/A],[N/A],213,40960,35.57,31
2026-08-26T00:18:54.166165+00:00,20260825T235526Z_heavy_c2048_a9ff2b,0,[N/A],[N/A],12818,40960,182.14,64
2026-08-26T00:18:54.166165+00:00,20260825T235526Z_heavy_c2048_a9ff2b,1,[N/A],[N/A],213,40960,34.82,31
2026-08-26T00:18:54.166165+00:00,20260825T235526Z_heavy_c2048_a9ff2b,2,[N/A],[N/A],213,40960,35.65,31
2026-08-26T00:18:55.228702+00:00,20260825T235526Z_heavy_c2048_a9ff2b,0,[N/A],[N/A],12818,40960,176.67,63
2026-08-26T00:18:55.228702+00:00,20260825T235526Z_heavy_c2048_a9ff2b,1,[N/A],[N/A],213,40960,35.21,31
2026-08-26T00:18:55.228702+00:00,20260825T235526Z_heavy_c2048_a9ff2b,2,[N/A],[N/A],213,40960,35.94,31
2026-08-26T00:18:56.298400+00:00,20260825T235526Z_heavy_c2048_a9ff2b,0,[N/A],[N/A],12818,40960,182.66,63
2026-08-26T00:18:56.298400+00:00,20260825T235526Z_heavy_c2048_a9ff2b,1,[N/A],[N/A],213,40960,34.84,31
2026-08-26T00:18:56.298400+00:00,20260825T235526Z_heavy_c2048_a9ff2b,2,[N/A],[N/A],213,40960,35.57,31
2026-08-26T00:18:57.371048+00:00,20260825T235526Z_heavy_c2048_a9ff2b,0,[N/A],[N/A],12818,40960,183.92,63
2026-08-26T00:18:57.371048+00:00,20260825T235526Z_heavy_c2048_a9ff2b,1,[N/A],[N/A],213,40960,34.74,31
2026-08-26T00:18:57.371048+00:00,20260825T235526Z_heavy_c2048_a9ff2b,2,[N/A],[N/A],213,40960,35.47,31
2026-08-26T00:18:58.452664+00:00,20260825T235526Z_heavy_c2048_a9ff2b,0,[N/A],[N/A],12818,40960,177.59,63
2026-08-26T00:18:58.452664+00:00,20260825T235526Z_heavy_c2048_a9ff2b,1,[N/A],[N/A],213,40960,34.92,31
2026-08-26T00:18:58.452664+00:00,20260825T235526Z_heavy_c2048_a9ff2b,2,[N/A],[N/A],213,40960,35.57,31
2026-08-26T00:18:59.532056+00:00,20260825T235526Z_heavy_c2048_a9ff2b,0,[N/A],[N/A],12818,40960,181.78,63
2026-08-26T00:18:59.532056+00:00,20260825T235526Z_heavy_c2048_a9ff2b,1,[N/A],[N/A],213,40960,34.94,31
2026-08-26T00:18:59.532056+00:00,20260825T235526Z_heavy_c2048_a9ff2b,2,[N/A],[N/A],213,40960,35.57,31
2026-08-26T00:19:00.600375+00:00,20260825T235526Z_heavy_c2048_a9ff2b,0,[N/A],[N/A],12818,40960,182.58,63
2026-08-26T00:19:00.600375+00:00,20260825T235526Z_heavy_c2048_a9ff2b,1,[N/A],[N/A],213,40960,34.94,31
2026-08-26T00:19:00.600375+00:00,20260825T235526Z_heavy_c2048_a9ff2b,2,[N/A],[N/A],213,40960,35.67,31
2026-08-26T00:19:01.681039+00:00,20260825T235526Z_heavy_c2048_a9ff2b,0,[N/A],[N/A],12818,40960,199.95,63
2026-08-26T00:19:01.681039+00:00,20260825T235526Z_heavy_c2048_a9ff2b,1,[N/A],[N/A],213,40960,34.84,31
2026-08-26T00:19:01.681039+00:00,20260825T235526Z_heavy_c2048_a9ff2b,2,[N/A],[N/A],213,40960,35.56,31
2026-08-26T00:19:02.777052+00:00,20260825T235526Z_heavy_c2048_a9ff2b,0,[N/A],[N/A],12818,40960,184.92,63
2026-08-26T00:19:02.777052+00:00,20260825T235526Z_heavy_c2048_a9ff2b,1,[N/A],[N/A],213,40960,34.74,31
2026-08-26T00:19:02.777052+00:00,20260825T235526Z_heavy_c2048_a9ff2b,2,[N/A],[N/A],213,40960,35.58,31
2026-08-26T00:19:03.857504+00:00,20260825T235526Z_heavy_c2048_a9ff2b,0,[N/A],[N/A],12818,40960,186.52,63
2026-08-26T00:19:03.857504+00:00,20260825T235526Z_heavy_c2048_a9ff2b,1,[N/A],[N/A],213,40960,34.74,31
2026-08-26T00:19:03.857504+00:00,20260825T235526Z_heavy_c2048_a9ff2b,2,[N/A],[N/A],213,40960,35.67,31
2026-08-26T00:19:04.926015+00:00,20260825T235526Z_heavy_c2048_a9ff2b,0,[N/A],[N/A],12818,40960,165.55,62
2026-08-26T00:19:04.926015+00:00,20260825T235526Z_heavy_c2048_a9ff2b,1,[N/A],[N/A],213,40960,34.84,31
2026-08-26T00:19:04.926015+00:00,20260825T235526Z_heavy_c2048_a9ff2b,2,[N/A],[N/A],213,40960,35.57,31
2026-08-26T00:19:05.994614+00:00,20260825T235526Z_heavy_c2048_a9ff2b,0,[N/A],[N/A],12818,40960,239.82,63
2026-08-26T00:19:05.994614+00:00,20260825T235526Z_heavy_c2048_a9ff2b,1,[N/A],[N/A],213,40960,34.86,31
2026-08-26T00:19:05.994614+00:00,20260825T235526Z_heavy_c2048_a9ff2b,2,[N/A],[N/A],213,40960,35.60,31
2026-08-26T00:19:07.064438+00:00,20260825T235526Z_heavy_c2048_a9ff2b,0,[N/A],[N/A],12818,40960,176.10,63
2026-08-26T00:19:07.064438+00:00,20260825T235526Z_heavy_c2048_a9ff2b,1,[N/A],[N/A],213,40960,34.92,31
2026-08-26T00:19:07.064438+00:00,20260825T235526Z_heavy_c2048_a9ff2b,2,[N/A],[N/A],213,40960,35.57,31
2026-08-26T00:19:08.136076+00:00,20260825T235526Z_heavy_c2048_a9ff2b,0,[N/A],[N/A],12818,40960,177.04,63
2026-08-26T00:19:08.136076+00:00,20260825T235526Z_heavy_c2048_a9ff2b,1,[N/A],[N/A],213,40960,34.84,31
2026-08-26T00:19:08.136076+00:00,20260825T235526Z_heavy_c2048_a9ff2b,2,[N/A],[N/A],213,40960,35.59,31
2026-08-26T00:19:09.206796+00:00,20260825T235526Z_heavy_c2048_a9ff2b,0,[N/A],[N/A],12818,40960,177.14,63
2026-08-26T00:19:09.206796+00:00,20260825T235526Z_heavy_c2048_a9ff2b,1,[N/A],[N/A],213,40960,34.94,31
2026-08-26T00:19:09.206796+00:00,20260825T235526Z_heavy_c2048_a9ff2b,2,[N/A],[N/A],213,40960,35.67,31
2026-08-26T00:19:10.278656+00:00,20260825T235526Z_heavy_c2048_a9ff2b,0,[N/A],[N/A],12818,40960,172.06,63
2026-08-26T00:19:10.278656+00:00,20260825T235526Z_heavy_c2048_a9ff2b,1,[N/A],[N/A],213,40960,34.84,31
2026-08-26T00:19:10.278656+00:00,20260825T235526Z_heavy_c2048_a9ff2b,2,[N/A],[N/A],213,40960,35.58,31
2026-08-26T00:19:11.351641+00:00,20260825T235526Z_heavy_c2048_a9ff2b,0,[N/A],[N/A],12818,40960,172.88,63
2026-08-26T00:19:11.351641+00:00,20260825T235526Z_heavy_c2048_a9ff2b,1,[N/A],[N/A],213,40960,34.83,31
2026-08-26T00:19:11.351641+00:00,20260825T235526Z_heavy_c2048_a9ff2b,2,[N/A],[N/A],213,40960,35.57,31
2026-08-26T00:19:12.427043+00:00,20260825T235526Z_heavy_c2048_a9ff2b,0,[N/A],[N/A],12818,40960,197.11,63
2026-08-26T00:19:12.427043+00:00,20260825T235526Z_heavy_c2048_a9ff2b,1,[N/A],[N/A],213,40960,34.83,31
2026-08-26T00:19:12.427043+00:00,20260825T235526Z_heavy_c2048_a9ff2b,2,[N/A],[N/A],213,40960,35.68,31
2026-08-26T00:19:13.497038+00:00,20260825T235526Z_heavy_c2048_a9ff2b,0,[N/A],[N/A],12818,40960,176.52,62
2026-08-26T00:19:13.497038+00:00,20260825T235526Z_heavy_c2048_a9ff2b,1,[N/A],[N/A],213,40960,34.84,31
2026-08-26T00:19:13.497038+00:00,20260825T235526Z_heavy_c2048_a9ff2b,2,[N/A],[N/A],213,40960,35.96,31
2026-08-26T00:19:14.585041+00:00,20260825T235526Z_heavy_c2048_a9ff2b,0,[N/A],[N/A],12818,40960,187.53,63
2026-08-26T00:19:14.585041+00:00,20260825T235526Z_heavy_c2048_a9ff2b,1,[N/A],[N/A],213,40960,34.84,31
2026-08-26T00:19:14.585041+00:00,20260825T235526Z_heavy_c2048_a9ff2b,2,[N/A],[N/A],213,40960,35.68,31
2026-08-26T00:19:15.657241+00:00,20260825T235526Z_heavy_c2048_a9ff2b,0,[N/A],[N/A],12818,40960,172.01,63
2026-08-26T00:19:15.657241+00:00,20260825T235526Z_heavy_c2048_a9ff2b,1,[N/A],[N/A],213,40960,34.73,31
2026-08-26T00:19:15.657241+00:00,20260825T235526Z_heavy_c2048_a9ff2b,2,[N/A],[N/A],213,40960,35.56,31
2026-08-26T00:19:16.728934+00:00,20260825T235526Z_heavy_c2048_a9ff2b,0,[N/A],[N/A],12818,40960,184.02,63
2026-08-26T00:19:16.728934+00:00,20260825T235526Z_heavy_c2048_a9ff2b,1,[N/A],[N/A],213,40960,34.92,31
2026-08-26T00:19:16.728934+00:00,20260825T235526Z_heavy_c2048_a9ff2b,2,[N/A],[N/A],213,40960,35.75,31
2026-08-26T00:19:17.795551+00:00,20260825T235526Z_heavy_c2048_a9ff2b,0,[N/A],[N/A],12818,40960,186.77,63
2026-08-26T00:19:17.795551+00:00,20260825T235526Z_heavy_c2048_a9ff2b,1,[N/A],[N/A],213,40960,34.94,31
2026-08-26T00:19:17.795551+00:00,20260825T235526Z_heavy_c2048_a9ff2b,2,[N/A],[N/A],213,40960,35.57,31
2026-08-26T00:19:18.870066+00:00,20260825T235526Z_heavy_c2048_a9ff2b,0,[N/A],[N/A],12818,40960,200.30,63
2026-08-26T00:19:18.870066+00:00,20260825T235526Z_heavy_c2048_a9ff2b,1,[N/A],[N/A],213,40960,34.84,31
2026-08-26T00:19:18.870066+00:00,20260825T235526Z_heavy_c2048_a9ff2b,2,[N/A],[N/A],213,40960,35.58,31
2026-08-26T00:19:19.942516+00:00,20260825T235526Z_heavy_c2048_a9ff2b,0,[N/A],[N/A],12818,40960,146.98,63
2026-08-26T00:19:19.942516+00:00,20260825T235526Z_heavy_c2048_a9ff2b,1,[N/A],[N/A],213,40960,34.94,31
2026-08-26T00:19:19.942516+00:00,20260825T235526Z_heavy_c2048_a9ff2b,2,[N/A],[N/A],213,40960,35.57,31
2026-08-26T00:19:21.014044+00:00,20260825T235526Z_heavy_c2048_a9ff2b,0,[N/A],[N/A],12818,40960,187.19,63
2026-08-26T00:19:21.014044+00:00,20260825T235526Z_heavy_c2048_a9ff2b,1,[N/A],[N/A],213,40960,34.84,31
2026-08-26T00:19:21.014044+00:00,20260825T235526Z_heavy_c2048_a9ff2b,2,[N/A],[N/A],213,40960,35.38,31
2026-08-26T00:19:22.085045+00:00,20260825T235526Z_heavy_c2048_a9ff2b,0,[N/A],[N/A],12818,40960,211.10,63
2026-08-26T00:19:22.085045+00:00,20260825T235526Z_heavy_c2048_a9ff2b,1,[N/A],[N/A],213,40960,34.94,31
2026-08-26T00:19:22.085045+00:00,20260825T235526Z_heavy_c2048_a9ff2b,2,[N/A],[N/A],213,40960,35.47,31
2026-08-26T00:19:23.163142+00:00,20260825T235526Z_heavy_c2048_a9ff2b,0,[N/A],[N/A],12818,40960,226.96,63
2026-08-26T00:19:23.163142+00:00,20260825T235526Z_heavy_c2048_a9ff2b,1,[N/A],[N/A],213,40960,34.94,31
2026-08-26T00:19:23.163142+00:00,20260825T235526Z_heavy_c2048_a9ff2b,2,[N/A],[N/A],213,40960,35.38,31
2026-08-26T00:19:24.236611+00:00,20260825T235526Z_heavy_c2048_a9ff2b,0,[N/A],[N/A],12818,40960,175.82,63
2026-08-26T00:19:24.236611+00:00,20260825T235526Z_heavy_c2048_a9ff2b,1,[N/A],[N/A],213,40960,34.84,31
2026-08-26T00:19:24.236611+00:00,20260825T235526Z_heavy_c2048_a9ff2b,2,[N/A],[N/A],213,40960,35.39,31
2026-08-26T00:19:25.316992+00:00,20260825T235526Z_heavy_c2048_a9ff2b,0,[N/A],[N/A],12818,40960,174.55,62
2026-08-26T00:19:25.316992+00:00,20260825T235526Z_heavy_c2048_a9ff2b,1,[N/A],[N/A],213,40960,34.84,31
2026-08-26T00:19:25.316992+00:00,20260825T235526Z_heavy_c2048_a9ff2b,2,[N/A],[N/A],213,40960,35.38,31
2026-08-26T00:19:26.386884+00:00,20260825T235526Z_heavy_c2048_a9ff2b,0,[N/A],[N/A],12818,40960,210.92,63
2026-08-26T00:19:26.386884+00:00,20260825T235526Z_heavy_c2048_a9ff2b,1,[N/A],[N/A],213,40960,34.83,31
2026-08-26T00:19:26.386884+00:00,20260825T235526Z_heavy_c2048_a9ff2b,2,[N/A],[N/A],213,40960,35.38,31
2026-08-26T00:19:27.461718+00:00,20260825T235526Z_heavy_c2048_a9ff2b,0,[N/A],[N/A],12818,40960,171.72,62
2026-08-26T00:19:27.461718+00:00,20260825T235526Z_heavy_c2048_a9ff2b,1,[N/A],[N/A],213,40960,34.94,31
2026-08-26T00:19:27.461718+00:00,20260825T235526Z_heavy_c2048_a9ff2b,2,[N/A],[N/A],213,40960,35.40,31
2026-08-26T00:19:28.537396+00:00,20260825T235526Z_heavy_c2048_a9ff2b,0,[N/A],[N/A],12818,40960,171.43,63
2026-08-26T00:19:28.537396+00:00,20260825T235526Z_heavy_c2048_a9ff2b,1,[N/A],[N/A],213,40960,34.83,31
2026-08-26T00:19:28.537396+00:00,20260825T235526Z_heavy_c2048_a9ff2b,2,[N/A],[N/A],213,40960,35.38,31
2026-08-26T00:19:29.613735+00:00,20260825T235526Z_heavy_c2048_a9ff2b,0,[N/A],[N/A],12818,40960,193.74,63
2026-08-26T00:19:29.613735+00:00,20260825T235526Z_heavy_c2048_a9ff2b,1,[N/A],[N/A],213,40960,34.84,31
2026-08-26T00:19:29.613735+00:00,20260825T235526Z_heavy_c2048_a9ff2b,2,[N/A],[N/A],213,40960,35.47,31
2026-08-26T00:19:30.685688+00:00,20260825T235526Z_heavy_c2048_a9ff2b,0,[N/A],[N/A],12818,40960,176.52,63
2026-08-26T00:19:30.685688+00:00,20260825T235526Z_heavy_c2048_a9ff2b,1,[N/A],[N/A],213,40960,34.93,31
2026-08-26T00:19:30.685688+00:00,20260825T235526Z_heavy_c2048_a9ff2b,2,[N/A],[N/A],213,40960,35.38,31
2026-08-26T00:19:31.743197+00:00,20260825T235526Z_heavy_c2048_a9ff2b,0,[N/A],[N/A],12818,40960,165.30,63
2026-08-26T00:19:31.743197+00:00,20260825T235526Z_heavy_c2048_a9ff2b,1,[N/A],[N/A],213,40960,34.83,31
2026-08-26T00:19:31.743197+00:00,20260825T235526Z_heavy_c2048_a9ff2b,2,[N/A],[N/A],213,40960,35.38,31
2026-08-26T00:19:32.830530+00:00,20260825T235526Z_heavy_c2048_a9ff2b,0,[N/A],[N/A],12818,40960,166.68,63
2026-08-26T00:19:32.830530+00:00,20260825T235526Z_heavy_c2048_a9ff2b,1,[N/A],[N/A],213,40960,34.84,31
2026-08-26T00:19:32.830530+00:00,20260825T235526Z_heavy_c2048_a9ff2b,2,[N/A],[N/A],213,40960,35.38,31
2026-08-26T00:19:33.897657+00:00,20260825T235526Z_heavy_c2048_a9ff2b,0,[N/A],[N/A],12818,40960,187.63,63
2026-08-26T00:19:33.897657+00:00,20260825T235526Z_heavy_c2048_a9ff2b,1,[N/A],[N/A],213,40960,35.33,31
2026-08-26T00:19:33.897657+00:00,20260825T235526Z_heavy_c2048_a9ff2b,2,[N/A],[N/A],213,40960,35.86,31
2026-08-26T00:19:34.970042+00:00,20260825T235526Z_heavy_c2048_a9ff2b,0,[N/A],[N/A],12818,40960,149.84,62
2026-08-26T00:19:34.970042+00:00,20260825T235526Z_heavy_c2048_a9ff2b,1,[N/A],[N/A],213,40960,34.83,31
2026-08-26T00:19:34.970042+00:00,20260825T235526Z_heavy_c2048_a9ff2b,2,[N/A],[N/A],213,40960,35.29,31
2026-08-26T00:19:36.059047+00:00,20260825T235526Z_heavy_c2048_a9ff2b,0,[N/A],[N/A],12818,40960,141.65,61
2026-08-26T00:19:36.059047+00:00,20260825T235526Z_heavy_c2048_a9ff2b,1,[N/A],[N/A],213,40960,34.95,31
2026-08-26T00:19:36.059047+00:00,20260825T235526Z_heavy_c2048_a9ff2b,2,[N/A],[N/A],213,40960,35.30,31
2026-08-26T00:19:37.136390+00:00,20260825T235526Z_heavy_c2048_a9ff2b,0,[N/A],[N/A],12818,40960,138.75,60
2026-08-26T00:19:37.136390+00:00,20260825T235526Z_heavy_c2048_a9ff2b,1,[N/A],[N/A],213,40960,34.86,31
2026-08-26T00:19:37.136390+00:00,20260825T235526Z_heavy_c2048_a9ff2b,2,[N/A],[N/A],213,40960,35.40,31
2026-08-26T00:19:38.201487+00:00,20260825T235526Z_heavy_c2048_a9ff2b,0,[N/A],[N/A],12818,40960,138.64,60
2026-08-26T00:19:38.201487+00:00,20260825T235526Z_heavy_c2048_a9ff2b,1,[N/A],[N/A],213,40960,34.85,31
2026-08-26T00:19:38.201487+00:00,20260825T235526Z_heavy_c2048_a9ff2b,2,[N/A],[N/A],213,40960,35.30,31
2026-08-26T00:19:39.271133+00:00,20260825T235526Z_heavy_c2048_a9ff2b,0,[N/A],[N/A],12818,40960,132.86,60
2026-08-26T00:19:39.271133+00:00,20260825T235526Z_heavy_c2048_a9ff2b,1,[N/A],[N/A],213,40960,34.86,31
2026-08-26T00:19:39.271133+00:00,20260825T235526Z_heavy_c2048_a9ff2b,2,[N/A],[N/A],213,40960,35.30,31
2026-08-26T00:19:40.344140+00:00,20260825T235526Z_heavy_c2048_a9ff2b,0,[N/A],[N/A],12818,40960,137.07,60
2026-08-26T00:19:40.344140+00:00,20260825T235526Z_heavy_c2048_a9ff2b,1,[N/A],[N/A],213,40960,35.04,31
2026-08-26T00:19:40.344140+00:00,20260825T235526Z_heavy_c2048_a9ff2b,2,[N/A],[N/A],213,40960,35.40,31
2026-08-26T00:19:41.410650+00:00,20260825T235526Z_heavy_c2048_a9ff2b,0,[N/A],[N/A],12818,40960,135.60,60
2026-08-26T00:19:41.410650+00:00,20260825T235526Z_heavy_c2048_a9ff2b,1,[N/A],[N/A],213,40960,35.05,31
2026-08-26T00:19:41.410650+00:00,20260825T235526Z_heavy_c2048_a9ff2b,2,[N/A],[N/A],213,40960,35.40,31
2026-08-26T00:19:42.477252+00:00,20260825T235526Z_heavy_c2048_a9ff2b,0,[N/A],[N/A],12818,40960,129.34,59
2026-08-26T00:19:42.477252+00:00,20260825T235526Z_heavy_c2048_a9ff2b,1,[N/A],[N/A],213,40960,35.05,31
2026-08-26T00:19:42.477252+00:00,20260825T235526Z_heavy_c2048_a9ff2b,2,[N/A],[N/A],213,40960,35.30,31
2026-08-26T00:19:43.546047+00:00,20260825T235526Z_heavy_c2048_a9ff2b,0,[N/A],[N/A],12818,40960,140.40,60
2026-08-26T00:19:43.546047+00:00,20260825T235526Z_heavy_c2048_a9ff2b,1,[N/A],[N/A],213,40960,34.95,31
2026-08-26T00:19:43.546047+00:00,20260825T235526Z_heavy_c2048_a9ff2b,2,[N/A],[N/A],213,40960,35.30,31
2026-08-26T00:19:44.611362+00:00,20260825T235526Z_heavy_c2048_a9ff2b,0,[N/A],[N/A],12818,40960,131.05,59
2026-08-26T00:19:44.611362+00:00,20260825T235526Z_heavy_c2048_a9ff2b,1,[N/A],[N/A],213,40960,34.86,31
2026-08-26T00:19:44.611362+00:00,20260825T235526Z_heavy_c2048_a9ff2b,2,[N/A],[N/A],213,40960,35.30,31
2026-08-26T00:19:45.676375+00:00,20260825T235526Z_heavy_c2048_a9ff2b,0,[N/A],[N/A],12818,40960,69.57,57
2026-08-26T00:19:45.676375+00:00,20260825T235526Z_heavy_c2048_a9ff2b,1,[N/A],[N/A],213,40960,34.98,31
2026-08-26T00:19:45.676375+00:00,20260825T235526Z_heavy_c2048_a9ff2b,2,[N/A],[N/A],213,40960,35.42,31
2026-08-26T00:19:46.743462+00:00,20260825T235526Z_heavy_c2048_a9ff2b,0,[N/A],[N/A],12818,40960,67.12,56
2026-08-26T00:19:46.743462+00:00,20260825T235526Z_heavy_c2048_a9ff2b,1,[N/A],[N/A],213,40960,34.98,31
2026-08-26T00:19:46.743462+00:00,20260825T235526Z_heavy_c2048_a9ff2b,2,[N/A],[N/A],213,40960,35.33,31
2026-08-26T00:19:47.809019+00:00,20260825T235526Z_heavy_c2048_a9ff2b,0,[N/A],[N/A],12818,40960,41.89,55
2026-08-26T00:19:47.809019+00:00,20260825T235526Z_heavy_c2048_a9ff2b,1,[N/A],[N/A],213,40960,34.98,31
2026-08-26T00:19:47.809019+00:00,20260825T235526Z_heavy_c2048_a9ff2b,2,[N/A],[N/A],213,40960,35.32,31
2026-08-26T00:19:48.876317+00:00,20260825T235526Z_heavy_c2048_a9ff2b,0,[N/A],[N/A],12818,40960,41.52,54
2026-08-26T00:19:48.876317+00:00,20260825T235526Z_heavy_c2048_a9ff2b,1,[N/A],[N/A],213,40960,34.98,31
2026-08-26T00:19:48.876317+00:00,20260825T235526Z_heavy_c2048_a9ff2b,2,[N/A],[N/A],213,40960,35.42,31
2026-08-26T00:19:49.945540+00:00,20260825T235526Z_heavy_c2048_a9ff2b,0,[N/A],[N/A],12818,40960,41.41,54
2026-08-26T00:19:49.945540+00:00,20260825T235526Z_heavy_c2048_a9ff2b,1,[N/A],[N/A],213,40960,34.98,31
2026-08-26T00:19:49.945540+00:00,20260825T235526Z_heavy_c2048_a9ff2b,2,[N/A],[N/A],213,40960,35.33,31
2026-08-26T00:19:51.014327+00:00,20260825T235526Z_heavy_c2048_a9ff2b,0,[N/A],[N/A],12818,40960,41.10,53
2026-08-26T00:19:51.014327+00:00,20260825T235526Z_heavy_c2048_a9ff2b,1,[N/A],[N/A],213,40960,34.88,31
2026-08-26T00:19:51.014327+00:00,20260825T235526Z_heavy_c2048_a9ff2b,2,[N/A],[N/A],213,40960,35.33,31
2026-08-26T00:19:52.084483+00:00,20260825T235526Z_heavy_c2048_a9ff2b,0,[N/A],[N/A],12818,40960,41.10,53
2026-08-26T00:19:52.084483+00:00,20260825T235526Z_heavy_c2048_a9ff2b,1,[N/A],[N/A],213,40960,34.88,31
2026-08-26T00:19:52.084483+00:00,20260825T235526Z_heavy_c2048_a9ff2b,2,[N/A],[N/A],213,40960,35.42,31
2026-08-26T00:19:53.152669+00:00,20260825T235526Z_heavy_c2048_a9ff2b,0,[N/A],[N/A],12818,40960,41.11,53
2026-08-26T00:19:53.152669+00:00,20260825T235526Z_heavy_c2048_a9ff2b,1,[N/A],[N/A],213,40960,34.88,31
2026-08-26T00:19:53.152669+00:00,20260825T235526Z_heavy_c2048_a9ff2b,2,[N/A],[N/A],213,40960,35.43,31
2026-08-26T00:19:54.223258+00:00,20260825T235526Z_heavy_c2048_a9ff2b,0,[N/A],[N/A],12818,40960,40.71,52
2026-08-26T00:19:54.223258+00:00,20260825T235526Z_heavy_c2048_a9ff2b,1,[N/A],[N/A],213,40960,34.88,31
2026-08-26T00:19:54.223258+00:00,20260825T235526Z_heavy_c2048_a9ff2b,2,[N/A],[N/A],213,40960,35.33,31
2026-08-26T00:19:55.293235+00:00,20260825T235526Z_heavy_c2048_a9ff2b,0,[N/A],[N/A],12818,40960,40.62,52
2026-08-26T00:19:55.293235+00:00,20260825T235526Z_heavy_c2048_a9ff2b,1,[N/A],[N/A],213,40960,35.18,31
2026-08-26T00:19:55.293235+00:00,20260825T235526Z_heavy_c2048_a9ff2b,2,[N/A],[N/A],213,40960,35.42,31
2026-08-26T00:19:56.361595+00:00,20260825T235526Z_heavy_c2048_a9ff2b,0,[N/A],[N/A],12818,40960,40.61,51
2026-08-26T00:19:56.361595+00:00,20260825T235526Z_heavy_c2048_a9ff2b,1,[N/A],[N/A],213,40960,34.88,31
2026-08-26T00:19:56.361595+00:00,20260825T235526Z_heavy_c2048_a9ff2b,2,[N/A],[N/A],213,40960,35.43,31
2026-08-26T00:19:57.431308+00:00,20260825T235526Z_heavy_c2048_a9ff2b,0,[N/A],[N/A],12818,40960,40.71,51
2026-08-26T00:19:57.431308+00:00,20260825T235526Z_heavy_c2048_a9ff2b,1,[N/A],[N/A],213,40960,34.98,31
2026-08-26T00:19:57.431308+00:00,20260825T235526Z_heavy_c2048_a9ff2b,2,[N/A],[N/A],213,40960,35.33,31
2026-08-26T00:19:58.498464+00:00,20260825T235526Z_heavy_c2048_a9ff2b,0,[N/A],[N/A],12818,40960,40.62,51
2026-08-26T00:19:58.498464+00:00,20260825T235526Z_heavy_c2048_a9ff2b,1,[N/A],[N/A],213,40960,35.17,31
2026-08-26T00:19:58.498464+00:00,20260825T235526Z_heavy_c2048_a9ff2b,2,[N/A],[N/A],213,40960,35.52,31
2026-08-26T00:19:59.579659+00:00,20260825T235526Z_heavy_c2048_a9ff2b,0,[N/A],[N/A],12818,40960,40.71,51
2026-08-26T00:19:59.579659+00:00,20260825T235526Z_heavy_c2048_a9ff2b,1,[N/A],[N/A],213,40960,34.78,31
2026-08-26T00:19:59.579659+00:00,20260825T235526Z_heavy_c2048_a9ff2b,2,[N/A],[N/A],213,40960,35.33,31
2026-08-26T00:20:00.647790+00:00,20260825T235526Z_heavy_c2048_a9ff2b,0,[N/A],[N/A],12818,40960,40.42,50
2026-08-26T00:20:00.647790+00:00,20260825T235526Z_heavy_c2048_a9ff2b,1,[N/A],[N/A],213,40960,34.88,31
2026-08-26T00:20:00.647790+00:00,20260825T235526Z_heavy_c2048_a9ff2b,2,[N/A],[N/A],213,40960,35.33,31
2026-08-26T00:20:01.718068+00:00,20260825T235526Z_heavy_c2048_a9ff2b,0,[N/A],[N/A],12818,40960,40.21,50
2026-08-26T00:20:01.718068+00:00,20260825T235526Z_heavy_c2048_a9ff2b,1,[N/A],[N/A],213,40960,34.88,31
2026-08-26T00:20:01.718068+00:00,20260825T235526Z_heavy_c2048_a9ff2b,2,[N/A],[N/A],213,40960,35.42,31
2026-08-26T00:20:02.809964+00:00,20260825T235526Z_heavy_c2048_a9ff2b,0,[N/A],[N/A],12818,40960,40.12,50
2026-08-26T00:20:02.809964+00:00,20260825T235526Z_heavy_c2048_a9ff2b,1,[N/A],[N/A],213,40960,34.88,31
2026-08-26T00:20:02.809964+00:00,20260825T235526Z_heavy_c2048_a9ff2b,2,[N/A],[N/A],213,40960,35.33,31
2026-08-26T00:20:03.881543+00:00,20260825T235526Z_heavy_c2048_a9ff2b,0,[N/A],[N/A],12818,40960,40.32,49
2026-08-26T00:20:03.881543+00:00,20260825T235526Z_heavy_c2048_a9ff2b,1,[N/A],[N/A],213,40960,34.88,31
2026-08-26T00:20:03.881543+00:00,20260825T235526Z_heavy_c2048_a9ff2b,2,[N/A],[N/A],213,40960,35.33,31
2026-08-26T00:20:04.951270+00:00,20260825T235526Z_heavy_c2048_a9ff2b,0,[N/A],[N/A],12818,40960,40.03,49
2026-08-26T00:20:04.951270+00:00,20260825T235526Z_heavy_c2048_a9ff2b,1,[N/A],[N/A],213,40960,35.08,31
2026-08-26T00:20:04.951270+00:00,20260825T235526Z_heavy_c2048_a9ff2b,2,[N/A],[N/A],213,40960,35.33,31
2026-08-26T00:20:06.021507+00:00,20260825T235526Z_heavy_c2048_a9ff2b,0,[N/A],[N/A],12818,40960,39.83,49
2026-08-26T00:20:06.021507+00:00,20260825T235526Z_heavy_c2048_a9ff2b,1,[N/A],[N/A],213,40960,34.88,31
2026-08-26T00:20:06.021507+00:00,20260825T235526Z_heavy_c2048_a9ff2b,2,[N/A],[N/A],213,40960,35.33,31
2026-08-26T00:20:07.091278+00:00,20260825T235526Z_heavy_c2048_a9ff2b,0,[N/A],[N/A],12818,40960,40.42,49
2026-08-26T00:20:07.091278+00:00,20260825T235526Z_heavy_c2048_a9ff2b,1,[N/A],[N/A],213,40960,34.78,31
2026-08-26T00:20:07.091278+00:00,20260825T235526Z_heavy_c2048_a9ff2b,2,[N/A],[N/A],213,40960,35.42,31
2026-08-26T00:20:08.160338+00:00,20260825T235526Z_heavy_c2048_a9ff2b,0,[N/A],[N/A],12818,40960,39.54,48
2026-08-26T00:20:08.160338+00:00,20260825T235526Z_heavy_c2048_a9ff2b,1,[N/A],[N/A],213,40960,34.98,31
2026-08-26T00:20:08.160338+00:00,20260825T235526Z_heavy_c2048_a9ff2b,2,[N/A],[N/A],213,40960,35.42,31
2026-08-26T00:20:09.227897+00:00,20260825T235526Z_heavy_c2048_a9ff2b,0,[N/A],[N/A],12818,40960,39.54,48
2026-08-26T00:20:09.227897+00:00,20260825T235526Z_heavy_c2048_a9ff2b,1,[N/A],[N/A],213,40960,34.98,31
2026-08-26T00:20:09.227897+00:00,20260825T235526Z_heavy_c2048_a9ff2b,2,[N/A],[N/A],213,40960,35.33,31
2026-08-26T00:20:10.300455+00:00,20260825T235526Z_heavy_c2048_a9ff2b,0,[N/A],[N/A],12818,40960,39.44,48
2026-08-26T00:20:10.300455+00:00,20260825T235526Z_heavy_c2048_a9ff2b,1,[N/A],[N/A],213,40960,34.88,31
2026-08-26T00:20:10.300455+00:00,20260825T235526Z_heavy_c2048_a9ff2b,2,[N/A],[N/A],213,40960,35.43,31
2026-08-26T00:20:11.369610+00:00,20260825T235526Z_heavy_c2048_a9ff2b,0,[N/A],[N/A],12818,40960,39.34,48
2026-08-26T00:20:11.369610+00:00,20260825T235526Z_heavy_c2048_a9ff2b,1,[N/A],[N/A],213,40960,34.98,31
2026-08-26T00:20:11.369610+00:00,20260825T235526Z_heavy_c2048_a9ff2b,2,[N/A],[N/A],213,40960,35.42,31
2026-08-26T00:20:12.441476+00:00,20260825T235526Z_heavy_c2048_a9ff2b,0,[N/A],[N/A],12818,40960,39.25,47
2026-08-26T00:20:12.441476+00:00,20260825T235526Z_heavy_c2048_a9ff2b,1,[N/A],[N/A],213,40960,34.88,31
2026-08-26T00:20:12.441476+00:00,20260825T235526Z_heavy_c2048_a9ff2b,2,[N/A],[N/A],213,40960,35.43,31
2026-08-26T00:20:13.511612+00:00,20260825T235526Z_heavy_c2048_a9ff2b,0,[N/A],[N/A],12818,40960,40.31,47
2026-08-26T00:20:13.511612+00:00,20260825T235526Z_heavy_c2048_a9ff2b,1,[N/A],[N/A],213,40960,34.88,31
2026-08-26T00:20:13.511612+00:00,20260825T235526Z_heavy_c2048_a9ff2b,2,[N/A],[N/A],213,40960,35.33,31
2026-08-26T00:20:14.585971+00:00,20260825T235526Z_heavy_c2048_a9ff2b,0,[N/A],[N/A],12818,40960,39.25,47
2026-08-26T00:20:14.585971+00:00,20260825T235526Z_heavy_c2048_a9ff2b,1,[N/A],[N/A],213,40960,34.88,31
2026-08-26T00:20:14.585971+00:00,20260825T235526Z_heavy_c2048_a9ff2b,2,[N/A],[N/A],213,40960,35.42,31
2026-08-26T00:20:15.656864+00:00,20260825T235526Z_heavy_c2048_a9ff2b,0,[N/A],[N/A],12818,40960,39.04,47
2026-08-26T00:20:15.656864+00:00,20260825T235526Z_heavy_c2048_a9ff2b,1,[N/A],[N/A],213,40960,34.88,31
2026-08-26T00:20:15.656864+00:00,20260825T235526Z_heavy_c2048_a9ff2b,2,[N/A],[N/A],213,40960,35.43,31
2026-08-26T00:20:16.725439+00:00,20260825T235526Z_heavy_c2048_a9ff2b,0,[N/A],[N/A],12818,40960,39.05,46
2026-08-26T00:20:16.725439+00:00,20260825T235526Z_heavy_c2048_a9ff2b,1,[N/A],[N/A],213,40960,34.88,31
2026-08-26T00:20:16.725439+00:00,20260825T235526Z_heavy_c2048_a9ff2b,2,[N/A],[N/A],213,40960,35.42,31
2026-08-26T00:20:17.794773+00:00,20260825T235526Z_heavy_c2048_a9ff2b,0,[N/A],[N/A],12818,40960,38.82,46
2026-08-26T00:20:17.794773+00:00,20260825T235526Z_heavy_c2048_a9ff2b,1,[N/A],[N/A],213,40960,34.98,31
2026-08-26T00:20:17.794773+00:00,20260825T235526Z_heavy_c2048_a9ff2b,2,[N/A],[N/A],213,40960,35.42,31
2026-08-26T00:20:18.861980+00:00,20260825T235526Z_heavy_c2048_a9ff2b,0,[N/A],[N/A],12818,40960,38.94,46
2026-08-26T00:20:18.861980+00:00,20260825T235526Z_heavy_c2048_a9ff2b,1,[N/A],[N/A],213,40960,34.88,31
2026-08-26T00:20:18.861980+00:00,20260825T235526Z_heavy_c2048_a9ff2b,2,[N/A],[N/A],213,40960,35.44,31
2026-08-26T00:20:19.930759+00:00,20260825T235526Z_heavy_c2048_a9ff2b,0,[N/A],[N/A],12818,40960,38.84,46
2026-08-26T00:20:19.930759+00:00,20260825T235526Z_heavy_c2048_a9ff2b,1,[N/A],[N/A],213,40960,34.88,31
2026-08-26T00:20:19.930759+00:00,20260825T235526Z_heavy_c2048_a9ff2b,2,[N/A],[N/A],213,40960,35.42,31
2026-08-26T00:20:21.002823+00:00,20260825T235526Z_heavy_c2048_a9ff2b,0,[N/A],[N/A],12818,40960,38.74,45
2026-08-26T00:20:21.002823+00:00,20260825T235526Z_heavy_c2048_a9ff2b,1,[N/A],[N/A],213,40960,34.88,31
2026-08-26T00:20:21.002823+00:00,20260825T235526Z_heavy_c2048_a9ff2b,2,[N/A],[N/A],213,40960,35.72,31
2026-08-26T00:20:22.071123+00:00,20260825T235526Z_heavy_c2048_a9ff2b,0,[N/A],[N/A],12818,40960,38.95,45
2026-08-26T00:20:22.071123+00:00,20260825T235526Z_heavy_c2048_a9ff2b,1,[N/A],[N/A],213,40960,34.88,31
2026-08-26T00:20:22.071123+00:00,20260825T235526Z_heavy_c2048_a9ff2b,2,[N/A],[N/A],213,40960,35.43,31
2026-08-26T00:20:23.140114+00:00,20260825T235526Z_heavy_c2048_a9ff2b,0,[N/A],[N/A],12818,40960,38.65,45
2026-08-26T00:20:23.140114+00:00,20260825T235526Z_heavy_c2048_a9ff2b,1,[N/A],[N/A],213,40960,34.88,31
2026-08-26T00:20:23.140114+00:00,20260825T235526Z_heavy_c2048_a9ff2b,2,[N/A],[N/A],213,40960,35.33,31
2026-08-26T00:20:24.206833+00:00,20260825T235526Z_heavy_c2048_a9ff2b,0,[N/A],[N/A],12818,40960,38.55,45
2026-08-26T00:20:24.206833+00:00,20260825T235526Z_heavy_c2048_a9ff2b,1,[N/A],[N/A],213,40960,34.88,31
2026-08-26T00:20:24.206833+00:00,20260825T235526Z_heavy_c2048_a9ff2b,2,[N/A],[N/A],213,40960,35.43,31
2026-08-26T00:20:25.275284+00:00,20260825T235526Z_heavy_c2048_a9ff2b,0,[N/A],[N/A],12818,40960,38.64,45
2026-08-26T00:20:25.275284+00:00,20260825T235526Z_heavy_c2048_a9ff2b,1,[N/A],[N/A],213,40960,34.88,31
2026-08-26T00:20:25.275284+00:00,20260825T235526Z_heavy_c2048_a9ff2b,2,[N/A],[N/A],213,40960,35.42,31
2026-08-26T00:20:26.344869+00:00,20260825T235526Z_heavy_c2048_a9ff2b,0,[N/A],[N/A],12818,40960,38.54,44
2026-08-26T00:20:26.344869+00:00,20260825T235526Z_heavy_c2048_a9ff2b,1,[N/A],[N/A],213,40960,34.88,31
2026-08-26T00:20:26.344869+00:00,20260825T235526Z_heavy_c2048_a9ff2b,2,[N/A],[N/A],213,40960,35.42,31
2026-08-26T00:20:27.410956+00:00,20260825T235526Z_heavy_c2048_a9ff2b,0,[N/A],[N/A],12818,40960,38.34,44
2026-08-26T00:20:27.410956+00:00,20260825T235526Z_heavy_c2048_a9ff2b,1,[N/A],[N/A],213,40960,34.88,31
2026-08-26T00:20:27.410956+00:00,20260825T235526Z_heavy_c2048_a9ff2b,2,[N/A],[N/A],213,40960,35.43,31
2026-08-26T00:20:28.479678+00:00,20260825T235526Z_heavy_c2048_a9ff2b,0,[N/A],[N/A],12818,40960,38.34,44
2026-08-26T00:20:28.479678+00:00,20260825T235526Z_heavy_c2048_a9ff2b,1,[N/A],[N/A],213,40960,34.78,31
2026-08-26T00:20:28.479678+00:00,20260825T235526Z_heavy_c2048_a9ff2b,2,[N/A],[N/A],213,40960,35.33,31
2026-08-26T00:20:29.553347+00:00,20260825T235526Z_heavy_c2048_a9ff2b,0,[N/A],[N/A],12818,40960,38.34,44
2026-08-26T00:20:29.553347+00:00,20260825T235526Z_heavy_c2048_a9ff2b,1,[N/A],[N/A],213,40960,34.98,31
2026-08-26T00:20:29.553347+00:00,20260825T235526Z_heavy_c2048_a9ff2b,2,[N/A],[N/A],213,40960,35.42,31
2026-08-26T00:20:30.624294+00:00,20260825T235526Z_heavy_c2048_a9ff2b,0,[N/A],[N/A],12818,40960,38.24,44
2026-08-26T00:20:30.624294+00:00,20260825T235526Z_heavy_c2048_a9ff2b,1,[N/A],[N/A],213,40960,34.88,31
2026-08-26T00:20:30.624294+00:00,20260825T235526Z_heavy_c2048_a9ff2b,2,[N/A],[N/A],213,40960,35.42,31
2026-08-26T00:20:31.692355+00:00,20260825T235526Z_heavy_c2048_a9ff2b,0,[N/A],[N/A],12818,40960,38.15,43
2026-08-26T00:20:31.692355+00:00,20260825T235526Z_heavy_c2048_a9ff2b,1,[N/A],[N/A],213,40960,34.88,31
2026-08-26T00:20:31.692355+00:00,20260825T235526Z_heavy_c2048_a9ff2b,2,[N/A],[N/A],213,40960,35.42,31
2026-08-26T00:20:32.761773+00:00,20260825T235526Z_heavy_c2048_a9ff2b,0,[N/A],[N/A],12818,40960,38.05,43
2026-08-26T00:20:32.761773+00:00,20260825T235526Z_heavy_c2048_a9ff2b,1,[N/A],[N/A],213,40960,34.98,31
2026-08-26T00:20:32.761773+00:00,20260825T235526Z_heavy_c2048_a9ff2b,2,[N/A],[N/A],213,40960,35.42,31
2026-08-26T00:20:33.831572+00:00,20260825T235526Z_heavy_c2048_a9ff2b,0,[N/A],[N/A],12818,40960,38.24,43
2026-08-26T00:20:33.831572+00:00,20260825T235526Z_heavy_c2048_a9ff2b,1,[N/A],[N/A],213,40960,34.88,31
2026-08-26T00:20:33.831572+00:00,20260825T235526Z_heavy_c2048_a9ff2b,2,[N/A],[N/A],213,40960,35.43,31
2026-08-26T00:20:34.899477+00:00,20260825T235526Z_heavy_c2048_a9ff2b,0,[N/A],[N/A],12818,40960,37.95,43
2026-08-26T00:20:34.899477+00:00,20260825T235526Z_heavy_c2048_a9ff2b,1,[N/A],[N/A],213,40960,34.88,31
2026-08-26T00:20:34.899477+00:00,20260825T235526Z_heavy_c2048_a9ff2b,2,[N/A],[N/A],213,40960,35.42,31
2026-08-26T00:20:35.969000+00:00,20260825T235526Z_heavy_c2048_a9ff2b,0,[N/A],[N/A],12818,40960,37.95,43
2026-08-26T00:20:35.969000+00:00,20260825T235526Z_heavy_c2048_a9ff2b,1,[N/A],[N/A],213,40960,35.17,31
2026-08-26T00:20:35.969000+00:00,20260825T235526Z_heavy_c2048_a9ff2b,2,[N/A],[N/A],213,40960,35.62,31
2026-08-26T00:20:37.036645+00:00,20260825T235526Z_heavy_c2048_a9ff2b,0,[N/A],[N/A],12818,40960,37.95,43
2026-08-26T00:20:37.036645+00:00,20260825T235526Z_heavy_c2048_a9ff2b,1,[N/A],[N/A],213,40960,34.88,31
2026-08-26T00:20:37.036645+00:00,20260825T235526Z_heavy_c2048_a9ff2b,2,[N/A],[N/A],213,40960,35.42,31
2026-08-26T00:20:38.108511+00:00,20260825T235526Z_heavy_c2048_a9ff2b,0,[N/A],[N/A],12818,40960,37.85,43
2026-08-26T00:20:38.108511+00:00,20260825T235526Z_heavy_c2048_a9ff2b,1,[N/A],[N/A],213,40960,34.88,31
2026-08-26T00:20:38.108511+00:00,20260825T235526Z_heavy_c2048_a9ff2b,2,[N/A],[N/A],213,40960,35.42,31
2026-08-26T00:20:39.176984+00:00,20260825T235526Z_heavy_c2048_a9ff2b,0,[N/A],[N/A],12818,40960,37.85,42
2026-08-26T00:20:39.176984+00:00,20260825T235526Z_heavy_c2048_a9ff2b,1,[N/A],[N/A],213,40960,35.37,31
2026-08-26T00:20:39.176984+00:00,20260825T235526Z_heavy_c2048_a9ff2b,2,[N/A],[N/A],213,40960,35.81,31
2026-08-26T00:20:40.250732+00:00,20260825T235526Z_heavy_c2048_a9ff2b,0,[N/A],[N/A],12818,40960,37.94,42
2026-08-26T00:20:40.250732+00:00,20260825T235526Z_heavy_c2048_a9ff2b,1,[N/A],[N/A],213,40960,34.88,31
2026-08-26T00:20:40.250732+00:00,20260825T235526Z_heavy_c2048_a9ff2b,2,[N/A],[N/A],213,40960,35.42,31
2026-08-26T00:20:41.319417+00:00,20260825T235526Z_heavy_c2048_a9ff2b,0,[N/A],[N/A],12818,40960,37.76,42
2026-08-26T00:20:41.319417+00:00,20260825T235526Z_heavy_c2048_a9ff2b,1,[N/A],[N/A],213,40960,34.88,31
2026-08-26T00:20:41.319417+00:00,20260825T235526Z_heavy_c2048_a9ff2b,2,[N/A],[N/A],213,40960,35.41,31
2026-08-26T00:20:42.399648+00:00,20260825T235526Z_heavy_c2048_a9ff2b,0,[N/A],[N/A],12818,40960,37.76,42
2026-08-26T00:20:42.399648+00:00,20260825T235526Z_heavy_c2048_a9ff2b,1,[N/A],[N/A],213,40960,34.98,31
2026-08-26T00:20:42.399648+00:00,20260825T235526Z_heavy_c2048_a9ff2b,2,[N/A],[N/A],213,40960,35.33,31
2026-08-26T00:20:43.469057+00:00,20260825T235526Z_heavy_c2048_a9ff2b,0,[N/A],[N/A],12818,40960,37.76,42
2026-08-26T00:20:43.469057+00:00,20260825T235526Z_heavy_c2048_a9ff2b,1,[N/A],[N/A],213,40960,34.88,31
2026-08-26T00:20:43.469057+00:00,20260825T235526Z_heavy_c2048_a9ff2b,2,[N/A],[N/A],213,40960,35.33,31
2026-08-26T00:20:44.545694+00:00,20260825T235526Z_heavy_c2048_a9ff2b,0,[N/A],[N/A],12818,40960,37.66,42
2026-08-26T00:20:44.545694+00:00,20260825T235526Z_heavy_c2048_a9ff2b,1,[N/A],[N/A],213,40960,34.88,31
2026-08-26T00:20:44.545694+00:00,20260825T235526Z_heavy_c2048_a9ff2b,2,[N/A],[N/A],213,40960,35.33,31
2026-08-26T00:20:45.615360+00:00,20260825T235526Z_heavy_c2048_a9ff2b,0,[N/A],[N/A],12818,40960,37.66,41
2026-08-26T00:20:45.615360+00:00,20260825T235526Z_heavy_c2048_a9ff2b,1,[N/A],[N/A],213,40960,34.98,31
2026-08-26T00:20:45.615360+00:00,20260825T235526Z_heavy_c2048_a9ff2b,2,[N/A],[N/A],213,40960,35.42,31
2026-08-26T00:20:46.684062+00:00,20260825T235526Z_heavy_c2048_a9ff2b,0,[N/A],[N/A],12818,40960,37.95,41
2026-08-26T00:20:46.684062+00:00,20260825T235526Z_heavy_c2048_a9ff2b,1,[N/A],[N/A],213,40960,34.88,31
2026-08-26T00:20:46.684062+00:00,20260825T235526Z_heavy_c2048_a9ff2b,2,[N/A],[N/A],213,40960,35.33,31
2026-08-26T00:20:47.754426+00:00,20260825T235526Z_heavy_c2048_a9ff2b,0,[N/A],[N/A],12818,40960,37.86,41
2026-08-26T00:20:47.754426+00:00,20260825T235526Z_heavy_c2048_a9ff2b,1,[N/A],[N/A],213,40960,34.88,31
2026-08-26T00:20:47.754426+00:00,20260825T235526Z_heavy_c2048_a9ff2b,2,[N/A],[N/A],213,40960,35.42,31
2026-08-26T00:20:48.834783+00:00,20260825T235526Z_heavy_c2048_a9ff2b,0,[N/A],[N/A],12818,40960,37.76,41
2026-08-26T00:20:48.834783+00:00,20260825T235526Z_heavy_c2048_a9ff2b,1,[N/A],[N/A],213,40960,34.98,31
2026-08-26T00:20:48.834783+00:00,20260825T235526Z_heavy_c2048_a9ff2b,2,[N/A],[N/A],213,40960,35.42,31
2026-08-26T00:20:49.905693+00:00,20260825T235526Z_heavy_c2048_a9ff2b,0,[N/A],[N/A],12818,40960,37.85,41
2026-08-26T00:20:49.905693+00:00,20260825T235526Z_heavy_c2048_a9ff2b,1,[N/A],[N/A],213,40960,34.88,31
2026-08-26T00:20:49.905693+00:00,20260825T235526Z_heavy_c2048_a9ff2b,2,[N/A],[N/A],213,40960,35.34,31
2026-08-26T00:20:50.975898+00:00,20260825T235526Z_heavy_c2048_a9ff2b,0,[N/A],[N/A],12818,40960,37.76,41
2026-08-26T00:20:50.975898+00:00,20260825T235526Z_heavy_c2048_a9ff2b,1,[N/A],[N/A],213,40960,34.98,31
2026-08-26T00:20:50.975898+00:00,20260825T235526Z_heavy_c2048_a9ff2b,2,[N/A],[N/A],213,40960,35.33,31
2026-08-26T00:20:52.044883+00:00,20260825T235526Z_heavy_c2048_a9ff2b,0,[N/A],[N/A],12818,40960,37.66,41
2026-08-26T00:20:52.044883+00:00,20260825T235526Z_heavy_c2048_a9ff2b,1,[N/A],[N/A],213,40960,34.98,31
2026-08-26T00:20:52.044883+00:00,20260825T235526Z_heavy_c2048_a9ff2b,2,[N/A],[N/A],213,40960,35.42,31
2026-08-26T00:20:53.113461+00:00,20260825T235526Z_heavy_c2048_a9ff2b,0,[N/A],[N/A],12818,40960,37.66,41
2026-08-26T00:20:53.113461+00:00,20260825T235526Z_heavy_c2048_a9ff2b,1,[N/A],[N/A],213,40960,34.98,31
2026-08-26T00:20:53.113461+00:00,20260825T235526Z_heavy_c2048_a9ff2b,2,[N/A],[N/A],213,40960,35.33,31
2026-08-26T00:20:54.185115+00:00,20260825T235526Z_heavy_c2048_a9ff2b,0,[N/A],[N/A],12818,40960,37.35,40
2026-08-26T00:20:54.185115+00:00,20260825T235526Z_heavy_c2048_a9ff2b,1,[N/A],[N/A],213,40960,34.98,31
2026-08-26T00:20:54.185115+00:00,20260825T235526Z_heavy_c2048_a9ff2b,2,[N/A],[N/A],213,40960,35.33,31
2026-08-26T00:20:55.254563+00:00,20260825T235526Z_heavy_c2048_a9ff2b,0,[N/A],[N/A],12818,40960,37.45,40
2026-08-26T00:20:55.254563+00:00,20260825T235526Z_heavy_c2048_a9ff2b,1,[N/A],[N/A],213,40960,34.98,31
2026-08-26T00:20:55.254563+00:00,20260825T235526Z_heavy_c2048_a9ff2b,2,[N/A],[N/A],213,40960,35.42,31
2026-08-26T00:20:56.324876+00:00,20260825T235526Z_heavy_c2048_a9ff2b,0,[N/A],[N/A],12818,40960,37.45,40
2026-08-26T00:20:56.324876+00:00,20260825T235526Z_heavy_c2048_a9ff2b,1,[N/A],[N/A],213,40960,34.98,31
2026-08-26T00:20:56.324876+00:00,20260825T235526Z_heavy_c2048_a9ff2b,2,[N/A],[N/A],213,40960,35.33,31
2026-08-26T00:20:57.393586+00:00,20260825T235526Z_heavy_c2048_a9ff2b,0,[N/A],[N/A],12818,40960,37.35,40
2026-08-26T00:20:57.393586+00:00,20260825T235526Z_heavy_c2048_a9ff2b,1,[N/A],[N/A],213,40960,34.98,31
2026-08-26T00:20:57.393586+00:00,20260825T235526Z_heavy_c2048_a9ff2b,2,[N/A],[N/A],213,40960,35.42,31
2026-08-26T00:20:58.461448+00:00,20260825T235526Z_heavy_c2048_a9ff2b,0,[N/A],[N/A],12818,40960,37.36,40
2026-08-26T00:20:58.461448+00:00,20260825T235526Z_heavy_c2048_a9ff2b,1,[N/A],[N/A],213,40960,35.37,31
2026-08-26T00:20:58.461448+00:00,20260825T235526Z_heavy_c2048_a9ff2b,2,[N/A],[N/A],213,40960,35.81,31
2026-08-26T00:20:59.532676+00:00,20260825T235526Z_heavy_c2048_a9ff2b,0,[N/A],[N/A],12818,40960,37.76,40
2026-08-26T00:20:59.532676+00:00,20260825T235526Z_heavy_c2048_a9ff2b,1,[N/A],[N/A],213,40960,34.88,31
2026-08-26T00:20:59.532676+00:00,20260825T235526Z_heavy_c2048_a9ff2b,2,[N/A],[N/A],213,40960,35.33,31
2026-08-26T00:21:00.599893+00:00,20260825T235526Z_heavy_c2048_a9ff2b,0,[N/A],[N/A],12818,40960,37.26,40
2026-08-26T00:21:00.599893+00:00,20260825T235526Z_heavy_c2048_a9ff2b,1,[N/A],[N/A],213,40960,34.98,31
2026-08-26T00:21:00.599893+00:00,20260825T235526Z_heavy_c2048_a9ff2b,2,[N/A],[N/A],213,40960,35.42,31
2026-08-26T00:21:01.660147+00:00,20260825T235526Z_heavy_c2048_a9ff2b,0,[N/A],[N/A],12818,40960,37.16,40
2026-08-26T00:21:01.660147+00:00,20260825T235526Z_heavy_c2048_a9ff2b,1,[N/A],[N/A],213,40960,34.98,31
2026-08-26T00:21:01.660147+00:00,20260825T235526Z_heavy_c2048_a9ff2b,2,[N/A],[N/A],213,40960,35.33,31
2026-08-26T00:21:02.729495+00:00,20260825T235526Z_heavy_c2048_a9ff2b,0,[N/A],[N/A],12818,40960,37.16,39
2026-08-26T00:21:02.729495+00:00,20260825T235526Z_heavy_c2048_a9ff2b,1,[N/A],[N/A],213,40960,34.98,31
2026-08-26T00:21:02.729495+00:00,20260825T235526Z_heavy_c2048_a9ff2b,2,[N/A],[N/A],213,40960,35.42,31
2026-08-26T00:21:03.799903+00:00,20260825T235526Z_heavy_c2048_a9ff2b,0,[N/A],[N/A],12818,40960,37.16,39
2026-08-26T00:21:03.799903+00:00,20260825T235526Z_heavy_c2048_a9ff2b,1,[N/A],[N/A],213,40960,34.98,31
2026-08-26T00:21:03.799903+00:00,20260825T235526Z_heavy_c2048_a9ff2b,2,[N/A],[N/A],213,40960,35.42,31
2026-08-26T00:21:04.879854+00:00,20260825T235526Z_heavy_c2048_a9ff2b,0,[N/A],[N/A],12818,40960,37.16,39
2026-08-26T00:21:04.879854+00:00,20260825T235526Z_heavy_c2048_a9ff2b,1,[N/A],[N/A],213,40960,34.88,31
2026-08-26T00:21:04.879854+00:00,20260825T235526Z_heavy_c2048_a9ff2b,2,[N/A],[N/A],213,40960,35.33,31
2026-08-26T00:21:05.949016+00:00,20260825T235526Z_heavy_c2048_a9ff2b,0,[N/A],[N/A],12818,40960,37.06,39
2026-08-26T00:21:05.949016+00:00,20260825T235526Z_heavy_c2048_a9ff2b,1,[N/A],[N/A],213,40960,34.88,31
2026-08-26T00:21:05.949016+00:00,20260825T235526Z_heavy_c2048_a9ff2b,2,[N/A],[N/A],213,40960,35.33,31
2026-08-26T00:21:07.019703+00:00,20260825T235526Z_heavy_c2048_a9ff2b,0,[N/A],[N/A],12818,40960,37.06,39
2026-08-26T00:21:07.019703+00:00,20260825T235526Z_heavy_c2048_a9ff2b,1,[N/A],[N/A],213,40960,35.08,31
2026-08-26T00:21:07.019703+00:00,20260825T235526Z_heavy_c2048_a9ff2b,2,[N/A],[N/A],213,40960,35.42,31
2026-08-26T00:21:08.088997+00:00,20260825T235526Z_heavy_c2048_a9ff2b,0,[N/A],[N/A],12818,40960,36.97,39
2026-08-26T00:21:08.088997+00:00,20260825T235526Z_heavy_c2048_a9ff2b,1,[N/A],[N/A],213,40960,34.88,31
2026-08-26T00:21:08.088997+00:00,20260825T235526Z_heavy_c2048_a9ff2b,2,[N/A],[N/A],213,40960,35.33,31
2026-08-26T00:21:09.158723+00:00,20260825T235526Z_heavy_c2048_a9ff2b,0,[N/A],[N/A],12818,40960,37.06,39
2026-08-26T00:21:09.158723+00:00,20260825T235526Z_heavy_c2048_a9ff2b,1,[N/A],[N/A],213,40960,34.88,31
2026-08-26T00:21:09.158723+00:00,20260825T235526Z_heavy_c2048_a9ff2b,2,[N/A],[N/A],213,40960,35.33,31
2026-08-26T00:21:10.228047+00:00,20260825T235526Z_heavy_c2048_a9ff2b,0,[N/A],[N/A],12818,40960,36.97,39
2026-08-26T00:21:10.228047+00:00,20260825T235526Z_heavy_c2048_a9ff2b,1,[N/A],[N/A],213,40960,34.88,31
2026-08-26T00:21:10.228047+00:00,20260825T235526Z_heavy_c2048_a9ff2b,2,[N/A],[N/A],213,40960,35.42,31
2026-08-26T00:21:11.297098+00:00,20260825T235526Z_heavy_c2048_a9ff2b,0,[N/A],[N/A],12818,40960,37.06,39
2026-08-26T00:21:11.297098+00:00,20260825T235526Z_heavy_c2048_a9ff2b,1,[N/A],[N/A],213,40960,34.88,31
2026-08-26T00:21:11.297098+00:00,20260825T235526Z_heavy_c2048_a9ff2b,2,[N/A],[N/A],213,40960,35.33,31
2026-08-26T00:21:12.369581+00:00,20260825T235526Z_heavy_c2048_a9ff2b,0,[N/A],[N/A],12818,40960,36.97,39
2026-08-26T00:21:12.369581+00:00,20260825T235526Z_heavy_c2048_a9ff2b,1,[N/A],[N/A],213,40960,34.88,31
2026-08-26T00:21:12.369581+00:00,20260825T235526Z_heavy_c2048_a9ff2b,2,[N/A],[N/A],213,40960,35.33,31
2026-08-26T00:21:13.438155+00:00,20260825T235526Z_heavy_c2048_a9ff2b,0,[N/A],[N/A],12818,40960,36.97,39
2026-08-26T00:21:13.438155+00:00,20260825T235526Z_heavy_c2048_a9ff2b,1,[N/A],[N/A],213,40960,34.98,31
2026-08-26T00:21:13.438155+00:00,20260825T235526Z_heavy_c2048_a9ff2b,2,[N/A],[N/A],213,40960,35.42,31
2026-08-26T00:21:14.510554+00:00,20260825T235526Z_heavy_c2048_a9ff2b,0,[N/A],[N/A],12818,40960,37.16,38
2026-08-26T00:21:14.510554+00:00,20260825T235526Z_heavy_c2048_a9ff2b,1,[N/A],[N/A],213,40960,34.88,31
2026-08-26T00:21:14.510554+00:00,20260825T235526Z_heavy_c2048_a9ff2b,2,[N/A],[N/A],213,40960,35.33,31
2026-08-26T00:21:15.578741+00:00,20260825T235526Z_heavy_c2048_a9ff2b,0,[N/A],[N/A],12818,40960,36.97,38
2026-08-26T00:21:15.578741+00:00,20260825T235526Z_heavy_c2048_a9ff2b,1,[N/A],[N/A],213,40960,34.88,31
2026-08-26T00:21:15.578741+00:00,20260825T235526Z_heavy_c2048_a9ff2b,2,[N/A],[N/A],213,40960,35.42,31
2026-08-26T00:21:16.649819+00:00,20260825T235526Z_heavy_c2048_a9ff2b,0,[N/A],[N/A],12818,40960,36.97,38
2026-08-26T00:21:16.649819+00:00,20260825T235526Z_heavy_c2048_a9ff2b,1,[N/A],[N/A],213,40960,34.98,31
2026-08-26T00:21:16.649819+00:00,20260825T235526Z_heavy_c2048_a9ff2b,2,[N/A],[N/A],213,40960,35.42,31
2026-08-26T00:21:17.729873+00:00,20260825T235526Z_heavy_c2048_a9ff2b,0,[N/A],[N/A],12818,40960,36.87,38
2026-08-26T00:21:17.729873+00:00,20260825T235526Z_heavy_c2048_a9ff2b,1,[N/A],[N/A],213,40960,34.88,31
2026-08-26T00:21:17.729873+00:00,20260825T235526Z_heavy_c2048_a9ff2b,2,[N/A],[N/A],213,40960,35.42,31
2026-08-26T00:21:18.800269+00:00,20260825T235526Z_heavy_c2048_a9ff2b,0,[N/A],[N/A],12818,40960,36.87,38
2026-08-26T00:21:18.800269+00:00,20260825T235526Z_heavy_c2048_a9ff2b,1,[N/A],[N/A],213,40960,34.88,31
2026-08-26T00:21:18.800269+00:00,20260825T235526Z_heavy_c2048_a9ff2b,2,[N/A],[N/A],213,40960,35.42,31
2026-08-26T00:21:19.869276+00:00,20260825T235526Z_heavy_c2048_a9ff2b,0,[N/A],[N/A],12818,40960,36.87,38
2026-08-26T00:21:19.869276+00:00,20260825T235526Z_heavy_c2048_a9ff2b,1,[N/A],[N/A],213,40960,35.08,31
2026-08-26T00:21:19.869276+00:00,20260825T235526Z_heavy_c2048_a9ff2b,2,[N/A],[N/A],213,40960,35.42,31
2026-08-26T00:21:20.938758+00:00,20260825T235526Z_heavy_c2048_a9ff2b,0,[N/A],[N/A],12818,40960,37.06,38
2026-08-26T00:21:20.938758+00:00,20260825T235526Z_heavy_c2048_a9ff2b,1,[N/A],[N/A],213,40960,34.88,31
2026-08-26T00:21:20.938758+00:00,20260825T235526Z_heavy_c2048_a9ff2b,2,[N/A],[N/A],213,40960,35.33,31
2026-08-26T00:21:22.007478+00:00,20260825T235526Z_heavy_c2048_a9ff2b,0,[N/A],[N/A],12818,40960,36.67,38
2026-08-26T00:21:22.007478+00:00,20260825T235526Z_heavy_c2048_a9ff2b,1,[N/A],[N/A],213,40960,34.98,31
2026-08-26T00:21:22.007478+00:00,20260825T235526Z_heavy_c2048_a9ff2b,2,[N/A],[N/A],213,40960,35.42,31
2026-08-26T00:21:23.087798+00:00,20260825T235526Z_heavy_c2048_a9ff2b,0,[N/A],[N/A],12818,40960,36.87,38
2026-08-26T00:21:23.087798+00:00,20260825T235526Z_heavy_c2048_a9ff2b,1,[N/A],[N/A],213,40960,34.98,31
2026-08-26T00:21:23.087798+00:00,20260825T235526Z_heavy_c2048_a9ff2b,2,[N/A],[N/A],213,40960,35.42,31
2026-08-26T00:21:24.153737+00:00,20260825T235526Z_heavy_c2048_a9ff2b,0,[N/A],[N/A],12818,40960,36.97,38
2026-08-26T00:21:24.153737+00:00,20260825T235526Z_heavy_c2048_a9ff2b,1,[N/A],[N/A],213,40960,34.98,31
2026-08-26T00:21:24.153737+00:00,20260825T235526Z_heavy_c2048_a9ff2b,2,[N/A],[N/A],213,40960,35.43,31
2026-08-26T00:21:25.223103+00:00,20260825T235526Z_heavy_c2048_a9ff2b,0,[N/A],[N/A],12818,40960,36.67,38
2026-08-26T00:21:25.223103+00:00,20260825T235526Z_heavy_c2048_a9ff2b,1,[N/A],[N/A],213,40960,34.88,31
2026-08-26T00:21:25.223103+00:00,20260825T235526Z_heavy_c2048_a9ff2b,2,[N/A],[N/A],213,40960,35.42,31
2026-08-26T00:21:26.303992+00:00,20260825T235526Z_heavy_c2048_a9ff2b,0,[N/A],[N/A],12818,40960,36.67,37
2026-08-26T00:21:26.303992+00:00,20260825T235526Z_heavy_c2048_a9ff2b,1,[N/A],[N/A],213,40960,35.08,31
2026-08-26T00:21:26.303992+00:00,20260825T235526Z_heavy_c2048_a9ff2b,2,[N/A],[N/A],213,40960,35.42,31
2026-08-26T00:21:27.372661+00:00,20260825T235526Z_heavy_c2048_a9ff2b,0,[N/A],[N/A],12818,40960,36.67,37
2026-08-26T00:21:27.372661+00:00,20260825T235526Z_heavy_c2048_a9ff2b,1,[N/A],[N/A],213,40960,34.88,31
2026-08-26T00:21:27.372661+00:00,20260825T235526Z_heavy_c2048_a9ff2b,2,[N/A],[N/A],213,40960,35.43,31
2026-08-26T00:21:28.440284+00:00,20260825T235526Z_heavy_c2048_a9ff2b,0,[N/A],[N/A],12818,40960,36.58,37
2026-08-26T00:21:28.440284+00:00,20260825T235526Z_heavy_c2048_a9ff2b,1,[N/A],[N/A],213,40960,34.88,31
2026-08-26T00:21:28.440284+00:00,20260825T235526Z_heavy_c2048_a9ff2b,2,[N/A],[N/A],213,40960,35.33,31
2026-08-26T00:21:29.508903+00:00,20260825T235526Z_heavy_c2048_a9ff2b,0,[N/A],[N/A],12818,40960,36.67,37
2026-08-26T00:21:29.508903+00:00,20260825T235526Z_heavy_c2048_a9ff2b,1,[N/A],[N/A],213,40960,34.88,31
2026-08-26T00:21:29.508903+00:00,20260825T235526Z_heavy_c2048_a9ff2b,2,[N/A],[N/A],213,40960,35.42,31
2026-08-26T00:21:30.576899+00:00,20260825T235526Z_heavy_c2048_a9ff2b,0,[N/A],[N/A],12818,40960,36.77,37
2026-08-26T00:21:30.576899+00:00,20260825T235526Z_heavy_c2048_a9ff2b,1,[N/A],[N/A],213,40960,34.88,31
2026-08-26T00:21:30.576899+00:00,20260825T235526Z_heavy_c2048_a9ff2b,2,[N/A],[N/A],213,40960,35.43,31
2026-08-26T00:21:31.647600+00:00,20260825T235526Z_heavy_c2048_a9ff2b,0,[N/A],[N/A],12818,40960,36.67,37
2026-08-26T00:21:31.647600+00:00,20260825T235526Z_heavy_c2048_a9ff2b,1,[N/A],[N/A],213,40960,34.98,31
2026-08-26T00:21:31.647600+00:00,20260825T235526Z_heavy_c2048_a9ff2b,2,[N/A],[N/A],213,40960,35.42,31
2026-08-26T00:21:32.716189+00:00,20260825T235526Z_heavy_c2048_a9ff2b,0,[N/A],[N/A],12818,40960,36.67,37
2026-08-26T00:21:32.716189+00:00,20260825T235526Z_heavy_c2048_a9ff2b,1,[N/A],[N/A],213,40960,34.98,31
2026-08-26T00:21:32.716189+00:00,20260825T235526Z_heavy_c2048_a9ff2b,2,[N/A],[N/A],213,40960,35.42,31
2026-08-26T00:21:33.784486+00:00,20260825T235526Z_heavy_c2048_a9ff2b,0,[N/A],[N/A],12818,40960,36.67,37
2026-08-26T00:21:33.784486+00:00,20260825T235526Z_heavy_c2048_a9ff2b,1,[N/A],[N/A],213,40960,34.88,31
2026-08-26T00:21:33.784486+00:00,20260825T235526Z_heavy_c2048_a9ff2b,2,[N/A],[N/A],213,40960,35.43,31
2026-08-26T00:21:34.854016+00:00,20260825T235526Z_heavy_c2048_a9ff2b,0,[N/A],[N/A],12818,40960,36.56,37
2026-08-26T00:21:34.854016+00:00,20260825T235526Z_heavy_c2048_a9ff2b,1,[N/A],[N/A],213,40960,34.88,31
2026-08-26T00:21:34.854016+00:00,20260825T235526Z_heavy_c2048_a9ff2b,2,[N/A],[N/A],213,40960,35.42,31
2026-08-26T00:21:35.926441+00:00,20260825T235526Z_heavy_c2048_a9ff2b,0,[N/A],[N/A],12818,40960,36.67,37
2026-08-26T00:21:35.926441+00:00,20260825T235526Z_heavy_c2048_a9ff2b,1,[N/A],[N/A],213,40960,35.27,31
2026-08-26T00:21:35.926441+00:00,20260825T235526Z_heavy_c2048_a9ff2b,2,[N/A],[N/A],213,40960,35.72,31
2026-08-26T00:21:36.995048+00:00,20260825T235526Z_heavy_c2048_a9ff2b,0,[N/A],[N/A],12818,40960,36.97,37
2026-08-26T00:21:36.995048+00:00,20260825T235526Z_heavy_c2048_a9ff2b,1,[N/A],[N/A],213,40960,34.87,31
2026-08-26T00:21:36.995048+00:00,20260825T235526Z_heavy_c2048_a9ff2b,2,[N/A],[N/A],213,40960,35.43,31
2026-08-26T00:21:38.063650+00:00,20260825T235526Z_heavy_c2048_a9ff2b,0,[N/A],[N/A],12818,40960,36.37,37
2026-08-26T00:21:38.063650+00:00,20260825T235526Z_heavy_c2048_a9ff2b,1,[N/A],[N/A],213,40960,34.88,31
2026-08-26T00:21:38.063650+00:00,20260825T235526Z_heavy_c2048_a9ff2b,2,[N/A],[N/A],213,40960,35.42,31
2026-08-26T00:21:39.133523+00:00,20260825T235526Z_heavy_c2048_a9ff2b,0,[N/A],[N/A],12818,40960,36.57,37
2026-08-26T00:21:39.133523+00:00,20260825T235526Z_heavy_c2048_a9ff2b,1,[N/A],[N/A],213,40960,34.88,31
2026-08-26T00:21:39.133523+00:00,20260825T235526Z_heavy_c2048_a9ff2b,2,[N/A],[N/A],213,40960,35.43,31
2026-08-26T00:21:40.202245+00:00,20260825T235526Z_heavy_c2048_a9ff2b,0,[N/A],[N/A],12818,40960,36.58,37
2026-08-26T00:21:40.202245+00:00,20260825T235526Z_heavy_c2048_a9ff2b,1,[N/A],[N/A],213,40960,34.88,31
2026-08-26T00:21:40.202245+00:00,20260825T235526Z_heavy_c2048_a9ff2b,2,[N/A],[N/A],213,40960,35.33,31
2026-08-26T00:21:41.273688+00:00,20260825T235526Z_heavy_c2048_a9ff2b,0,[N/A],[N/A],12818,40960,36.37,37
2026-08-26T00:21:41.273688+00:00,20260825T235526Z_heavy_c2048_a9ff2b,1,[N/A],[N/A],213,40960,34.98,31
2026-08-26T00:21:41.273688+00:00,20260825T235526Z_heavy_c2048_a9ff2b,2,[N/A],[N/A],213,40960,35.42,31
2026-08-26T00:21:42.358526+00:00,20260825T235526Z_heavy_c2048_a9ff2b,0,[N/A],[N/A],12818,40960,36.47,36
2026-08-26T00:21:42.358526+00:00,20260825T235526Z_heavy_c2048_a9ff2b,1,[N/A],[N/A],213,40960,34.98,31
2026-08-26T00:21:42.358526+00:00,20260825T235526Z_heavy_c2048_a9ff2b,2,[N/A],[N/A],213,40960,35.52,31
2026-08-26T00:21:43.426730+00:00,20260825T235526Z_heavy_c2048_a9ff2b,0,[N/A],[N/A],12818,40960,36.56,36
2026-08-26T00:21:43.426730+00:00,20260825T235526Z_heavy_c2048_a9ff2b,1,[N/A],[N/A],213,40960,34.88,31
2026-08-26T00:21:43.426730+00:00,20260825T235526Z_heavy_c2048_a9ff2b,2,[N/A],[N/A],213,40960,35.44,31
2026-08-26T00:21:44.498251+00:00,20260825T235526Z_heavy_c2048_a9ff2b,0,[N/A],[N/A],12818,40960,36.37,36
2026-08-26T00:21:44.498251+00:00,20260825T235526Z_heavy_c2048_a9ff2b,1,[N/A],[N/A],213,40960,34.88,31
2026-08-26T00:21:44.498251+00:00,20260825T235526Z_heavy_c2048_a9ff2b,2,[N/A],[N/A],213,40960,35.42,31
2026-08-26T00:21:45.568317+00:00,20260825T235526Z_heavy_c2048_a9ff2b,0,[N/A],[N/A],12818,40960,36.27,36
2026-08-26T00:21:45.568317+00:00,20260825T235526Z_heavy_c2048_a9ff2b,1,[N/A],[N/A],213,40960,34.88,31
2026-08-26T00:21:45.568317+00:00,20260825T235526Z_heavy_c2048_a9ff2b,2,[N/A],[N/A],213,40960,35.81,31
2026-08-26T00:21:46.640983+00:00,20260825T235526Z_heavy_c2048_a9ff2b,0,[N/A],[N/A],12818,40960,36.48,36
2026-08-26T00:21:46.640983+00:00,20260825T235526Z_heavy_c2048_a9ff2b,1,[N/A],[N/A],213,40960,34.88,31
2026-08-26T00:21:46.640983+00:00,20260825T235526Z_heavy_c2048_a9ff2b,2,[N/A],[N/A],213,40960,35.43,31
2026-08-26T00:21:47.714888+00:00,20260825T235526Z_heavy_c2048_a9ff2b,0,[N/A],[N/A],12818,40960,36.27,36
2026-08-26T00:21:47.714888+00:00,20260825T235526Z_heavy_c2048_a9ff2b,1,[N/A],[N/A],213,40960,34.98,31
2026-08-26T00:21:47.714888+00:00,20260825T235526Z_heavy_c2048_a9ff2b,2,[N/A],[N/A],213,40960,35.42,31
2026-08-26T00:21:48.783541+00:00,20260825T235526Z_heavy_c2048_a9ff2b,0,[N/A],[N/A],12818,40960,36.37,36
2026-08-26T00:21:48.783541+00:00,20260825T235526Z_heavy_c2048_a9ff2b,1,[N/A],[N/A],213,40960,34.98,31
2026-08-26T00:21:48.783541+00:00,20260825T235526Z_heavy_c2048_a9ff2b,2,[N/A],[N/A],213,40960,35.33,31
2026-08-26T00:21:49.863923+00:00,20260825T235526Z_heavy_c2048_a9ff2b,0,[N/A],[N/A],12818,40960,36.47,36
2026-08-26T00:21:49.863923+00:00,20260825T235526Z_heavy_c2048_a9ff2b,1,[N/A],[N/A],213,40960,34.98,31
2026-08-26T00:21:49.863923+00:00,20260825T235526Z_heavy_c2048_a9ff2b,2,[N/A],[N/A],213,40960,35.33,31
2026-08-26T00:21:50.932258+00:00,20260825T235526Z_heavy_c2048_a9ff2b,0,[N/A],[N/A],12818,40960,36.27,36
2026-08-26T00:21:50.932258+00:00,20260825T235526Z_heavy_c2048_a9ff2b,1,[N/A],[N/A],213,40960,34.88,31
2026-08-26T00:21:50.932258+00:00,20260825T235526Z_heavy_c2048_a9ff2b,2,[N/A],[N/A],213,40960,35.42,31
2026-08-26T00:21:52.004792+00:00,20260825T235526Z_heavy_c2048_a9ff2b,0,[N/A],[N/A],12818,40960,36.37,36
2026-08-26T00:21:52.004792+00:00,20260825T235526Z_heavy_c2048_a9ff2b,1,[N/A],[N/A],213,40960,34.98,31
2026-08-26T00:21:52.004792+00:00,20260825T235526Z_heavy_c2048_a9ff2b,2,[N/A],[N/A],213,40960,35.33,31
2026-08-26T00:21:53.076522+00:00,20260825T235526Z_heavy_c2048_a9ff2b,0,[N/A],[N/A],12818,40960,36.37,36
2026-08-26T00:21:53.076522+00:00,20260825T235526Z_heavy_c2048_a9ff2b,1,[N/A],[N/A],213,40960,34.98,31
2026-08-26T00:21:53.076522+00:00,20260825T235526Z_heavy_c2048_a9ff2b,2,[N/A],[N/A],213,40960,35.44,31
2026-08-26T00:21:54.144548+00:00,20260825T235526Z_heavy_c2048_a9ff2b,0,[N/A],[N/A],12818,40960,36.27,36
2026-08-26T00:21:54.144548+00:00,20260825T235526Z_heavy_c2048_a9ff2b,1,[N/A],[N/A],213,40960,34.98,31
2026-08-26T00:21:54.144548+00:00,20260825T235526Z_heavy_c2048_a9ff2b,2,[N/A],[N/A],213,40960,35.42,31
2026-08-26T00:21:55.218500+00:00,20260825T235526Z_heavy_c2048_a9ff2b,0,[N/A],[N/A],12818,40960,36.27,36
2026-08-26T00:21:55.218500+00:00,20260825T235526Z_heavy_c2048_a9ff2b,1,[N/A],[N/A],213,40960,35.08,31
2026-08-26T00:21:55.218500+00:00,20260825T235526Z_heavy_c2048_a9ff2b,2,[N/A],[N/A],213,40960,35.42,31
2026-08-26T00:21:56.287206+00:00,20260825T235526Z_heavy_c2048_a9ff2b,0,[N/A],[N/A],12818,40960,36.37,36
2026-08-26T00:21:56.287206+00:00,20260825T235526Z_heavy_c2048_a9ff2b,1,[N/A],[N/A],213,40960,34.88,31
2026-08-26T00:21:56.287206+00:00,20260825T235526Z_heavy_c2048_a9ff2b,2,[N/A],[N/A],213,40960,35.33,31
2026-08-26T00:21:57.356691+00:00,20260825T235526Z_heavy_c2048_a9ff2b,0,[N/A],[N/A],12818,40960,36.27,36
2026-08-26T00:21:57.356691+00:00,20260825T235526Z_heavy_c2048_a9ff2b,1,[N/A],[N/A],213,40960,34.88,31
2026-08-26T00:21:57.356691+00:00,20260825T235526Z_heavy_c2048_a9ff2b,2,[N/A],[N/A],213,40960,35.33,31
2026-08-26T00:21:58.425627+00:00,20260825T235526Z_heavy_c2048_a9ff2b,0,[N/A],[N/A],12818,40960,36.17,36
2026-08-26T00:21:58.425627+00:00,20260825T235526Z_heavy_c2048_a9ff2b,1,[N/A],[N/A],213,40960,34.98,31
2026-08-26T00:21:58.425627+00:00,20260825T235526Z_heavy_c2048_a9ff2b,2,[N/A],[N/A],213,40960,35.52,31
2026-08-26T00:21:59.496819+00:00,20260825T235526Z_heavy_c2048_a9ff2b,0,[N/A],[N/A],12818,40960,36.87,36
2026-08-26T00:21:59.496819+00:00,20260825T235526Z_heavy_c2048_a9ff2b,1,[N/A],[N/A],213,40960,34.98,31
2026-08-26T00:21:59.496819+00:00,20260825T235526Z_heavy_c2048_a9ff2b,2,[N/A],[N/A],213,40960,35.33,31
2026-08-26T00:22:00.565891+00:00,20260825T235526Z_heavy_c2048_a9ff2b,0,[N/A],[N/A],12818,40960,35.98,36
2026-08-26T00:22:00.565891+00:00,20260825T235526Z_heavy_c2048_a9ff2b,1,[N/A],[N/A],213,40960,34.98,31
2026-08-26T00:22:00.565891+00:00,20260825T235526Z_heavy_c2048_a9ff2b,2,[N/A],[N/A],213,40960,35.33,31
2026-08-26T00:22:01.621296+00:00,20260825T235526Z_heavy_c2048_a9ff2b,0,[N/A],[N/A],12818,40960,36.27,35
2026-08-26T00:22:01.621296+00:00,20260825T235526Z_heavy_c2048_a9ff2b,1,[N/A],[N/A],213,40960,34.98,31
2026-08-26T00:22:01.621296+00:00,20260825T235526Z_heavy_c2048_a9ff2b,2,[N/A],[N/A],213,40960,35.33,31
2026-08-26T00:22:02.693856+00:00,20260825T235526Z_heavy_c2048_a9ff2b,0,[N/A],[N/A],12818,40960,36.08,35
2026-08-26T00:22:02.693856+00:00,20260825T235526Z_heavy_c2048_a9ff2b,1,[N/A],[N/A],213,40960,34.98,31
2026-08-26T00:22:02.693856+00:00,20260825T235526Z_heavy_c2048_a9ff2b,2,[N/A],[N/A],213,40960,35.33,31
2026-08-26T00:22:03.763172+00:00,20260825T235526Z_heavy_c2048_a9ff2b,0,[N/A],[N/A],12818,40960,35.98,35
2026-08-26T00:22:03.763172+00:00,20260825T235526Z_heavy_c2048_a9ff2b,1,[N/A],[N/A],213,40960,35.08,31
2026-08-26T00:22:03.763172+00:00,20260825T235526Z_heavy_c2048_a9ff2b,2,[N/A],[N/A],213,40960,35.42,31
2026-08-26T00:22:04.833558+00:00,20260825T235526Z_heavy_c2048_a9ff2b,0,[N/A],[N/A],12818,40960,35.98,35
2026-08-26T00:22:04.833558+00:00,20260825T235526Z_heavy_c2048_a9ff2b,1,[N/A],[N/A],213,40960,34.98,31
2026-08-26T00:22:04.833558+00:00,20260825T235526Z_heavy_c2048_a9ff2b,2,[N/A],[N/A],213,40960,35.33,31
2026-08-26T00:22:05.901513+00:00,20260825T235526Z_heavy_c2048_a9ff2b,0,[N/A],[N/A],12818,40960,35.88,35
2026-08-26T00:22:05.901513+00:00,20260825T235526Z_heavy_c2048_a9ff2b,1,[N/A],[N/A],213,40960,34.98,31
2026-08-26T00:22:05.901513+00:00,20260825T235526Z_heavy_c2048_a9ff2b,2,[N/A],[N/A],213,40960,35.33,31
2026-08-26T00:22:06.971464+00:00,20260825T235526Z_heavy_c2048_a9ff2b,0,[N/A],[N/A],12818,40960,35.98,35
2026-08-26T00:22:06.971464+00:00,20260825T235526Z_heavy_c2048_a9ff2b,1,[N/A],[N/A],213,40960,34.98,31
2026-08-26T00:22:06.971464+00:00,20260825T235526Z_heavy_c2048_a9ff2b,2,[N/A],[N/A],213,40960,35.33,31
2026-08-26T00:22:08.059554+00:00,20260825T235526Z_heavy_c2048_a9ff2b,0,[N/A],[N/A],12818,40960,35.98,35
2026-08-26T00:22:08.059554+00:00,20260825T235526Z_heavy_c2048_a9ff2b,1,[N/A],[N/A],213,40960,35.27,31
2026-08-26T00:22:08.059554+00:00,20260825T235526Z_heavy_c2048_a9ff2b,2,[N/A],[N/A],213,40960,35.62,31
2026-08-26T00:22:09.135872+00:00,20260825T235526Z_heavy_c2048_a9ff2b,0,[N/A],[N/A],12818,40960,35.88,35
2026-08-26T00:22:09.135872+00:00,20260825T235526Z_heavy_c2048_a9ff2b,1,[N/A],[N/A],213,40960,34.98,31
2026-08-26T00:22:09.135872+00:00,20260825T235526Z_heavy_c2048_a9ff2b,2,[N/A],[N/A],213,40960,35.43,31
2026-08-26T00:22:10.206078+00:00,20260825T235526Z_heavy_c2048_a9ff2b,0,[N/A],[N/A],12818,40960,35.78,35
2026-08-26T00:22:10.206078+00:00,20260825T235526Z_heavy_c2048_a9ff2b,1,[N/A],[N/A],213,40960,34.98,31
2026-08-26T00:22:10.206078+00:00,20260825T235526Z_heavy_c2048_a9ff2b,2,[N/A],[N/A],213,40960,35.33,31
2026-08-26T00:22:11.275700+00:00,20260825T235526Z_heavy_c2048_a9ff2b,0,[N/A],[N/A],12818,40960,35.88,35
2026-08-26T00:22:11.275700+00:00,20260825T235526Z_heavy_c2048_a9ff2b,1,[N/A],[N/A],213,40960,35.08,31
2026-08-26T00:22:11.275700+00:00,20260825T235526Z_heavy_c2048_a9ff2b,2,[N/A],[N/A],213,40960,35.33,31
2026-08-26T00:22:12.344760+00:00,20260825T235526Z_heavy_c2048_a9ff2b,0,[N/A],[N/A],12818,40960,35.98,35
2026-08-26T00:22:12.344760+00:00,20260825T235526Z_heavy_c2048_a9ff2b,1,[N/A],[N/A],213,40960,34.88,31
2026-08-26T00:22:12.344760+00:00,20260825T235526Z_heavy_c2048_a9ff2b,2,[N/A],[N/A],213,40960,35.33,31
2026-08-26T00:22:13.414874+00:00,20260825T235526Z_heavy_c2048_a9ff2b,0,[N/A],[N/A],12818,40960,35.88,35
2026-08-26T00:22:13.414874+00:00,20260825T235526Z_heavy_c2048_a9ff2b,1,[N/A],[N/A],213,40960,34.88,31
2026-08-26T00:22:13.414874+00:00,20260825T235526Z_heavy_c2048_a9ff2b,2,[N/A],[N/A],213,40960,35.42,31
2026-08-26T00:22:14.485052+00:00,20260825T235526Z_heavy_c2048_a9ff2b,0,[N/A],[N/A],12818,40960,35.98,35
2026-08-26T00:22:14.485052+00:00,20260825T235526Z_heavy_c2048_a9ff2b,1,[N/A],[N/A],213,40960,34.88,31
2026-08-26T00:22:14.485052+00:00,20260825T235526Z_heavy_c2048_a9ff2b,2,[N/A],[N/A],213,40960,35.43,31
2026-08-26T00:22:15.554039+00:00,20260825T235526Z_heavy_c2048_a9ff2b,0,[N/A],[N/A],12818,40960,35.88,35
2026-08-26T00:22:15.554039+00:00,20260825T235526Z_heavy_c2048_a9ff2b,1,[N/A],[N/A],213,40960,34.98,31
2026-08-26T00:22:15.554039+00:00,20260825T235526Z_heavy_c2048_a9ff2b,2,[N/A],[N/A],213,40960,35.43,31
2026-08-26T00:22:16.623145+00:00,20260825T235526Z_heavy_c2048_a9ff2b,0,[N/A],[N/A],12818,40960,35.78,35
2026-08-26T00:22:16.623145+00:00,20260825T235526Z_heavy_c2048_a9ff2b,1,[N/A],[N/A],213,40960,34.98,31
2026-08-26T00:22:16.623145+00:00,20260825T235526Z_heavy_c2048_a9ff2b,2,[N/A],[N/A],213,40960,35.42,31
2026-08-26T00:22:17.693499+00:00,20260825T235526Z_heavy_c2048_a9ff2b,0,[N/A],[N/A],12818,40960,35.98,35
2026-08-26T00:22:17.693499+00:00,20260825T235526Z_heavy_c2048_a9ff2b,1,[N/A],[N/A],213,40960,34.88,31
2026-08-26T00:22:17.693499+00:00,20260825T235526Z_heavy_c2048_a9ff2b,2,[N/A],[N/A],213,40960,35.33,31
2026-08-26T00:22:18.764555+00:00,20260825T235526Z_heavy_c2048_a9ff2b,0,[N/A],[N/A],12818,40960,35.88,35
2026-08-26T00:22:18.764555+00:00,20260825T235526Z_heavy_c2048_a9ff2b,1,[N/A],[N/A],213,40960,34.88,31
2026-08-26T00:22:18.764555+00:00,20260825T235526Z_heavy_c2048_a9ff2b,2,[N/A],[N/A],213,40960,35.43,31
2026-08-26T00:22:19.833556+00:00,20260825T235526Z_heavy_c2048_a9ff2b,0,[N/A],[N/A],12818,40960,35.88,35
2026-08-26T00:22:19.833556+00:00,20260825T235526Z_heavy_c2048_a9ff2b,1,[N/A],[N/A],213,40960,34.98,31
2026-08-26T00:22:19.833556+00:00,20260825T235526Z_heavy_c2048_a9ff2b,2,[N/A],[N/A],213,40960,35.42,31
2026-08-26T00:22:20.901702+00:00,20260825T235526Z_heavy_c2048_a9ff2b,0,[N/A],[N/A],12818,40960,35.88,35
2026-08-26T00:22:20.901702+00:00,20260825T235526Z_heavy_c2048_a9ff2b,1,[N/A],[N/A],213,40960,34.88,31
2026-08-26T00:22:20.901702+00:00,20260825T235526Z_heavy_c2048_a9ff2b,2,[N/A],[N/A],213,40960,35.33,31
2026-08-26T00:22:21.969555+00:00,20260825T235526Z_heavy_c2048_a9ff2b,0,[N/A],[N/A],12818,40960,35.78,35
2026-08-26T00:22:21.969555+00:00,20260825T235526Z_heavy_c2048_a9ff2b,1,[N/A],[N/A],213,40960,34.88,31
2026-08-26T00:22:21.969555+00:00,20260825T235526Z_heavy_c2048_a9ff2b,2,[N/A],[N/A],213,40960,35.33,31
2026-08-26T00:22:23.037720+00:00,20260825T235526Z_heavy_c2048_a9ff2b,0,[N/A],[N/A],12818,40960,35.88,35
2026-08-26T00:22:23.037720+00:00,20260825T235526Z_heavy_c2048_a9ff2b,1,[N/A],[N/A],213,40960,34.88,31
2026-08-26T00:22:23.037720+00:00,20260825T235526Z_heavy_c2048_a9ff2b,2,[N/A],[N/A],213,40960,35.42,31
2026-08-26T00:22:24.106455+00:00,20260825T235526Z_heavy_c2048_a9ff2b,0,[N/A],[N/A],12818,40960,36.37,35
2026-08-26T00:22:24.106455+00:00,20260825T235526Z_heavy_c2048_a9ff2b,1,[N/A],[N/A],213,40960,34.88,31
2026-08-26T00:22:24.106455+00:00,20260825T235526Z_heavy_c2048_a9ff2b,2,[N/A],[N/A],213,40960,35.43,31
2026-08-26T00:22:25.176166+00:00,20260825T235526Z_heavy_c2048_a9ff2b,0,[N/A],[N/A],12818,40960,35.78,35
2026-08-26T00:22:25.176166+00:00,20260825T235526Z_heavy_c2048_a9ff2b,1,[N/A],[N/A],213,40960,34.98,31
2026-08-26T00:22:25.176166+00:00,20260825T235526Z_heavy_c2048_a9ff2b,2,[N/A],[N/A],213,40960,35.42,31
2026-08-26T00:22:26.246587+00:00,20260825T235526Z_heavy_c2048_a9ff2b,0,[N/A],[N/A],12818,40960,35.78,35
2026-08-26T00:22:26.246587+00:00,20260825T235526Z_heavy_c2048_a9ff2b,1,[N/A],[N/A],213,40960,34.98,31
2026-08-26T00:22:26.246587+00:00,20260825T235526Z_heavy_c2048_a9ff2b,2,[N/A],[N/A],213,40960,35.52,31
2026-08-26T00:22:27.317266+00:00,20260825T235526Z_heavy_c2048_a9ff2b,0,[N/A],[N/A],12818,40960,36.77,35
2026-08-26T00:22:27.317266+00:00,20260825T235526Z_heavy_c2048_a9ff2b,1,[N/A],[N/A],213,40960,34.88,31
2026-08-26T00:22:27.317266+00:00,20260825T235526Z_heavy_c2048_a9ff2b,2,[N/A],[N/A],213,40960,35.43,31
2026-08-26T00:22:28.386578+00:00,20260825T235526Z_heavy_c2048_a9ff2b,0,[N/A],[N/A],12818,40960,35.88,35
2026-08-26T00:22:28.386578+00:00,20260825T235526Z_heavy_c2048_a9ff2b,1,[N/A],[N/A],213,40960,34.88,31
2026-08-26T00:22:28.386578+00:00,20260825T235526Z_heavy_c2048_a9ff2b,2,[N/A],[N/A],213,40960,35.42,31
2026-08-26T00:22:29.456546+00:00,20260825T235526Z_heavy_c2048_a9ff2b,0,[N/A],[N/A],12818,40960,35.68,34
2026-08-26T00:22:29.456546+00:00,20260825T235526Z_heavy_c2048_a9ff2b,1,[N/A],[N/A],213,40960,35.28,31
2026-08-26T00:22:29.456546+00:00,20260825T235526Z_heavy_c2048_a9ff2b,2,[N/A],[N/A],213,40960,35.81,31
2026-08-26T00:22:30.527721+00:00,20260825T235526Z_heavy_c2048_a9ff2b,0,[N/A],[N/A],12818,40960,35.68,34
2026-08-26T00:22:30.527721+00:00,20260825T235526Z_heavy_c2048_a9ff2b,1,[N/A],[N/A],213,40960,34.88,31
2026-08-26T00:22:30.527721+00:00,20260825T235526Z_heavy_c2048_a9ff2b,2,[N/A],[N/A],213,40960,35.42,31
2026-08-26T00:22:31.596973+00:00,20260825T235526Z_heavy_c2048_a9ff2b,0,[N/A],[N/A],12818,40960,35.78,34
2026-08-26T00:22:31.596973+00:00,20260825T235526Z_heavy_c2048_a9ff2b,1,[N/A],[N/A],213,40960,34.88,31
2026-08-26T00:22:31.596973+00:00,20260825T235526Z_heavy_c2048_a9ff2b,2,[N/A],[N/A],213,40960,35.33,31
2026-08-26T00:22:32.676411+00:00,20260825T235526Z_heavy_c2048_a9ff2b,0,[N/A],[N/A],12818,40960,35.78,34
2026-08-26T00:22:32.676411+00:00,20260825T235526Z_heavy_c2048_a9ff2b,1,[N/A],[N/A],213,40960,34.98,31
2026-08-26T00:22:32.676411+00:00,20260825T235526Z_heavy_c2048_a9ff2b,2,[N/A],[N/A],213,40960,35.52,31
2026-08-26T00:22:33.746651+00:00,20260825T235526Z_heavy_c2048_a9ff2b,0,[N/A],[N/A],12818,40960,36.27,34
2026-08-26T00:22:33.746651+00:00,20260825T235526Z_heavy_c2048_a9ff2b,1,[N/A],[N/A],213,40960,34.88,31
2026-08-26T00:22:33.746651+00:00,20260825T235526Z_heavy_c2048_a9ff2b,2,[N/A],[N/A],213,40960,35.33,31
2026-08-26T00:22:34.816193+00:00,20260825T235526Z_heavy_c2048_a9ff2b,0,[N/A],[N/A],12818,40960,35.78,34
2026-08-26T00:22:34.816193+00:00,20260825T235526Z_heavy_c2048_a9ff2b,1,[N/A],[N/A],213,40960,34.98,31
2026-08-26T00:22:34.816193+00:00,20260825T235526Z_heavy_c2048_a9ff2b,2,[N/A],[N/A],213,40960,35.42,31
2026-08-26T00:22:35.886682+00:00,20260825T235526Z_heavy_c2048_a9ff2b,0,[N/A],[N/A],12818,40960,35.78,34
2026-08-26T00:22:35.886682+00:00,20260825T235526Z_heavy_c2048_a9ff2b,1,[N/A],[N/A],213,40960,35.08,31
2026-08-26T00:22:35.886682+00:00,20260825T235526Z_heavy_c2048_a9ff2b,2,[N/A],[N/A],213,40960,35.72,31
2026-08-26T00:22:36.956551+00:00,20260825T235526Z_heavy_c2048_a9ff2b,0,[N/A],[N/A],12818,40960,35.78,34
2026-08-26T00:22:36.956551+00:00,20260825T235526Z_heavy_c2048_a9ff2b,1,[N/A],[N/A],213,40960,34.88,31
2026-08-26T00:22:36.956551+00:00,20260825T235526Z_heavy_c2048_a9ff2b,2,[N/A],[N/A],213,40960,35.43,31
2026-08-26T00:22:38.026366+00:00,20260825T235526Z_heavy_c2048_a9ff2b,0,[N/A],[N/A],12818,40960,35.78,34
2026-08-26T00:22:38.026366+00:00,20260825T235526Z_heavy_c2048_a9ff2b,1,[N/A],[N/A],213,40960,34.98,31
2026-08-26T00:22:38.026366+00:00,20260825T235526Z_heavy_c2048_a9ff2b,2,[N/A],[N/A],213,40960,35.33,31
2026-08-26T00:22:39.094925+00:00,20260825T235526Z_heavy_c2048_a9ff2b,0,[N/A],[N/A],12818,40960,35.78,34
2026-08-26T00:22:39.094925+00:00,20260825T235526Z_heavy_c2048_a9ff2b,1,[N/A],[N/A],213,40960,34.98,31
2026-08-26T00:22:39.094925+00:00,20260825T235526Z_heavy_c2048_a9ff2b,2,[N/A],[N/A],213,40960,35.43,31
2026-08-26T00:22:40.165788+00:00,20260825T235526Z_heavy_c2048_a9ff2b,0,[N/A],[N/A],12818,40960,35.68,34
2026-08-26T00:22:40.165788+00:00,20260825T235526Z_heavy_c2048_a9ff2b,1,[N/A],[N/A],213,40960,34.88,31
2026-08-26T00:22:40.165788+00:00,20260825T235526Z_heavy_c2048_a9ff2b,2,[N/A],[N/A],213,40960,35.43,31
2026-08-26T00:22:41.234931+00:00,20260825T235526Z_heavy_c2048_a9ff2b,0,[N/A],[N/A],12818,40960,35.78,34
2026-08-26T00:22:41.234931+00:00,20260825T235526Z_heavy_c2048_a9ff2b,1,[N/A],[N/A],213,40960,34.88,31
2026-08-26T00:22:41.234931+00:00,20260825T235526Z_heavy_c2048_a9ff2b,2,[N/A],[N/A],213,40960,35.52,31
2026-08-26T00:22:42.306427+00:00,20260825T235526Z_heavy_c2048_a9ff2b,0,[N/A],[N/A],12818,40960,35.78,34
2026-08-26T00:22:42.306427+00:00,20260825T235526Z_heavy_c2048_a9ff2b,1,[N/A],[N/A],213,40960,34.98,31
2026-08-26T00:22:42.306427+00:00,20260825T235526Z_heavy_c2048_a9ff2b,2,[N/A],[N/A],213,40960,35.52,31
2026-08-26T00:22:43.386516+00:00,20260825T235526Z_heavy_c2048_a9ff2b,0,[N/A],[N/A],12818,40960,36.56,34
2026-08-26T00:22:43.386516+00:00,20260825T235526Z_heavy_c2048_a9ff2b,1,[N/A],[N/A],213,40960,34.88,31
2026-08-26T00:22:43.386516+00:00,20260825T235526Z_heavy_c2048_a9ff2b,2,[N/A],[N/A],213,40960,35.43,31
2026-08-26T00:22:44.456374+00:00,20260825T235526Z_heavy_c2048_a9ff2b,0,[N/A],[N/A],12818,40960,35.78,34
2026-08-26T00:22:44.456374+00:00,20260825T235526Z_heavy_c2048_a9ff2b,1,[N/A],[N/A],213,40960,34.88,31
2026-08-26T00:22:44.456374+00:00,20260825T235526Z_heavy_c2048_a9ff2b,2,[N/A],[N/A],213,40960,35.42,31
2026-08-26T00:22:45.526328+00:00,20260825T235526Z_heavy_c2048_a9ff2b,0,[N/A],[N/A],12818,40960,35.68,34
2026-08-26T00:22:45.526328+00:00,20260825T235526Z_heavy_c2048_a9ff2b,1,[N/A],[N/A],213,40960,35.18,31
2026-08-26T00:22:45.526328+00:00,20260825T235526Z_heavy_c2048_a9ff2b,2,[N/A],[N/A],213,40960,35.62,31
2026-08-26T00:22:46.599228+00:00,20260825T235526Z_heavy_c2048_a9ff2b,0,[N/A],[N/A],12818,40960,35.78,34
2026-08-26T00:22:46.599228+00:00,20260825T235526Z_heavy_c2048_a9ff2b,1,[N/A],[N/A],213,40960,34.98,31
2026-08-26T00:22:46.599228+00:00,20260825T235526Z_heavy_c2048_a9ff2b,2,[N/A],[N/A],213,40960,35.43,31
2026-08-26T00:22:47.667298+00:00,20260825T235526Z_heavy_c2048_a9ff2b,0,[N/A],[N/A],12818,40960,35.68,34
2026-08-26T00:22:47.667298+00:00,20260825T235526Z_heavy_c2048_a9ff2b,1,[N/A],[N/A],213,40960,34.88,31
2026-08-26T00:22:47.667298+00:00,20260825T235526Z_heavy_c2048_a9ff2b,2,[N/A],[N/A],213,40960,35.42,31
2026-08-26T00:22:48.738216+00:00,20260825T235526Z_heavy_c2048_a9ff2b,0,[N/A],[N/A],12818,40960,35.78,34
2026-08-26T00:22:48.738216+00:00,20260825T235526Z_heavy_c2048_a9ff2b,1,[N/A],[N/A],213,40960,34.88,31
2026-08-26T00:22:48.738216+00:00,20260825T235526Z_heavy_c2048_a9ff2b,2,[N/A],[N/A],213,40960,35.33,31
2026-08-26T00:22:49.809792+00:00,20260825T235526Z_heavy_c2048_a9ff2b,0,[N/A],[N/A],12818,40960,35.68,34
2026-08-26T00:22:49.809792+00:00,20260825T235526Z_heavy_c2048_a9ff2b,1,[N/A],[N/A],213,40960,34.98,31
2026-08-26T00:22:49.809792+00:00,20260825T235526Z_heavy_c2048_a9ff2b,2,[N/A],[N/A],213,40960,35.43,31
2026-08-26T00:22:50.881868+00:00,20260825T235526Z_heavy_c2048_a9ff2b,0,[N/A],[N/A],12818,40960,35.68,34
2026-08-26T00:22:50.881868+00:00,20260825T235526Z_heavy_c2048_a9ff2b,1,[N/A],[N/A],213,40960,34.88,31
2026-08-26T00:22:50.881868+00:00,20260825T235526Z_heavy_c2048_a9ff2b,2,[N/A],[N/A],213,40960,35.42,31
2026-08-26T00:22:51.952664+00:00,20260825T235526Z_heavy_c2048_a9ff2b,0,[N/A],[N/A],12818,40960,35.78,34
2026-08-26T00:22:51.952664+00:00,20260825T235526Z_heavy_c2048_a9ff2b,1,[N/A],[N/A],213,40960,34.88,31
2026-08-26T00:22:51.952664+00:00,20260825T235526Z_heavy_c2048_a9ff2b,2,[N/A],[N/A],213,40960,35.33,31
2026-08-26T00:22:53.024896+00:00,20260825T235526Z_heavy_c2048_a9ff2b,0,[N/A],[N/A],12818,40960,35.78,34
2026-08-26T00:22:53.024896+00:00,20260825T235526Z_heavy_c2048_a9ff2b,1,[N/A],[N/A],213,40960,34.88,31
2026-08-26T00:22:53.024896+00:00,20260825T235526Z_heavy_c2048_a9ff2b,2,[N/A],[N/A],213,40960,35.43,31
2026-08-26T00:22:54.096697+00:00,20260825T235526Z_heavy_c2048_a9ff2b,0,[N/A],[N/A],12818,40960,35.68,34
2026-08-26T00:22:54.096697+00:00,20260825T235526Z_heavy_c2048_a9ff2b,1,[N/A],[N/A],213,40960,34.88,31
2026-08-26T00:22:54.096697+00:00,20260825T235526Z_heavy_c2048_a9ff2b,2,[N/A],[N/A],213,40960,35.42,31
2026-08-26T00:22:55.167995+00:00,20260825T235526Z_heavy_c2048_a9ff2b,0,[N/A],[N/A],12818,40960,35.68,34
2026-08-26T00:22:55.167995+00:00,20260825T235526Z_heavy_c2048_a9ff2b,1,[N/A],[N/A],213,40960,35.37,31
2026-08-26T00:22:55.167995+00:00,20260825T235526Z_heavy_c2048_a9ff2b,2,[N/A],[N/A],213,40960,35.81,31
2026-08-26T00:22:56.241177+00:00,20260825T235526Z_heavy_c2048_a9ff2b,0,[N/A],[N/A],12818,40960,35.78,34
2026-08-26T00:22:56.241177+00:00,20260825T235526Z_heavy_c2048_a9ff2b,1,[N/A],[N/A],213,40960,34.88,31
2026-08-26T00:22:56.241177+00:00,20260825T235526Z_heavy_c2048_a9ff2b,2,[N/A],[N/A],213,40960,35.33,31
2026-08-26T00:22:57.312551+00:00,20260825T235526Z_heavy_c2048_a9ff2b,0,[N/A],[N/A],12818,40960,35.78,34
2026-08-26T00:22:57.312551+00:00,20260825T235526Z_heavy_c2048_a9ff2b,1,[N/A],[N/A],213,40960,34.98,31
2026-08-26T00:22:57.312551+00:00,20260825T235526Z_heavy_c2048_a9ff2b,2,[N/A],[N/A],213,40960,35.33,31
2026-08-26T00:22:58.380775+00:00,20260825T235526Z_heavy_c2048_a9ff2b,0,[N/A],[N/A],12818,40960,35.68,34
2026-08-26T00:22:58.380775+00:00,20260825T235526Z_heavy_c2048_a9ff2b,1,[N/A],[N/A],213,40960,35.37,31
2026-08-26T00:22:58.380775+00:00,20260825T235526Z_heavy_c2048_a9ff2b,2,[N/A],[N/A],213,40960,35.72,31
2026-08-26T00:22:59.454101+00:00,20260825T235526Z_heavy_c2048_a9ff2b,0,[N/A],[N/A],12818,40960,35.78,34
2026-08-26T00:22:59.454101+00:00,20260825T235526Z_heavy_c2048_a9ff2b,1,[N/A],[N/A],213,40960,34.98,31
2026-08-26T00:22:59.454101+00:00,20260825T235526Z_heavy_c2048_a9ff2b,2,[N/A],[N/A],213,40960,35.33,31
2026-08-26T00:23:00.523133+00:00,20260825T235526Z_heavy_c2048_a9ff2b,0,[N/A],[N/A],12818,40960,35.68,34
2026-08-26T00:23:00.523133+00:00,20260825T235526Z_heavy_c2048_a9ff2b,1,[N/A],[N/A],213,40960,34.98,31
2026-08-26T00:23:00.523133+00:00,20260825T235526Z_heavy_c2048_a9ff2b,2,[N/A],[N/A],213,40960,35.33,31
2026-08-26T00:23:01.590003+00:00,20260825T235526Z_heavy_c2048_a9ff2b,0,[N/A],[N/A],12818,40960,35.88,34
2026-08-26T00:23:01.590003+00:00,20260825T235526Z_heavy_c2048_a9ff2b,1,[N/A],[N/A],213,40960,34.98,31
2026-08-26T00:23:01.590003+00:00,20260825T235526Z_heavy_c2048_a9ff2b,2,[N/A],[N/A],213,40960,35.33,31
2026-08-26T00:23:02.661403+00:00,20260825T235526Z_heavy_c2048_a9ff2b,0,[N/A],[N/A],12818,40960,35.78,34
2026-08-26T00:23:02.661403+00:00,20260825T235526Z_heavy_c2048_a9ff2b,1,[N/A],[N/A],213,40960,34.98,31
2026-08-26T00:23:02.661403+00:00,20260825T235526Z_heavy_c2048_a9ff2b,2,[N/A],[N/A],213,40960,35.33,31
2026-08-26T00:23:03.731685+00:00,20260825T235526Z_heavy_c2048_a9ff2b,0,[N/A],[N/A],12818,40960,35.68,34
2026-08-26T00:23:03.731685+00:00,20260825T235526Z_heavy_c2048_a9ff2b,1,[N/A],[N/A],213,40960,34.98,31
2026-08-26T00:23:03.731685+00:00,20260825T235526Z_heavy_c2048_a9ff2b,2,[N/A],[N/A],213,40960,35.33,31
2026-08-26T00:23:04.799761+00:00,20260825T235526Z_heavy_c2048_a9ff2b,0,[N/A],[N/A],12818,40960,35.78,34
2026-08-26T00:23:04.799761+00:00,20260825T235526Z_heavy_c2048_a9ff2b,1,[N/A],[N/A],213,40960,34.98,31
2026-08-26T00:23:04.799761+00:00,20260825T235526Z_heavy_c2048_a9ff2b,2,[N/A],[N/A],213,40960,35.33,31
2026-08-26T00:23:05.868605+00:00,20260825T235526Z_heavy_c2048_a9ff2b,0,[N/A],[N/A],12818,40960,35.68,34
2026-08-26T00:23:05.868605+00:00,20260825T235526Z_heavy_c2048_a9ff2b,1,[N/A],[N/A],213,40960,34.98,31
2026-08-26T00:23:05.868605+00:00,20260825T235526Z_heavy_c2048_a9ff2b,2,[N/A],[N/A],213,40960,35.33,31
2026-08-26T00:23:06.939452+00:00,20260825T235526Z_heavy_c2048_a9ff2b,0,[N/A],[N/A],12818,40960,35.48,34
2026-08-26T00:23:06.939452+00:00,20260825T235526Z_heavy_c2048_a9ff2b,1,[N/A],[N/A],213,40960,34.98,31
2026-08-26T00:23:06.939452+00:00,20260825T235526Z_heavy_c2048_a9ff2b,2,[N/A],[N/A],213,40960,35.42,31
2026-08-26T00:23:08.010728+00:00,20260825T235526Z_heavy_c2048_a9ff2b,0,[N/A],[N/A],12818,40960,35.59,34
2026-08-26T00:23:08.010728+00:00,20260825T235526Z_heavy_c2048_a9ff2b,1,[N/A],[N/A],213,40960,34.98,31
2026-08-26T00:23:08.010728+00:00,20260825T235526Z_heavy_c2048_a9ff2b,2,[N/A],[N/A],213,40960,35.33,31
2026-08-26T00:23:09.079493+00:00,20260825T235526Z_heavy_c2048_a9ff2b,0,[N/A],[N/A],12818,40960,35.48,34
2026-08-26T00:23:09.079493+00:00,20260825T235526Z_heavy_c2048_a9ff2b,1,[N/A],[N/A],213,40960,35.08,31
2026-08-26T00:23:09.079493+00:00,20260825T235526Z_heavy_c2048_a9ff2b,2,[N/A],[N/A],213,40960,35.33,31
2026-08-26T00:23:10.148692+00:00,20260825T235526Z_heavy_c2048_a9ff2b,0,[N/A],[N/A],12818,40960,35.48,33
2026-08-26T00:23:10.148692+00:00,20260825T235526Z_heavy_c2048_a9ff2b,1,[N/A],[N/A],213,40960,35.08,31
2026-08-26T00:23:10.148692+00:00,20260825T235526Z_heavy_c2048_a9ff2b,2,[N/A],[N/A],213,40960,35.42,31
2026-08-26T00:23:11.216490+00:00,20260825T235526Z_heavy_c2048_a9ff2b,0,[N/A],[N/A],12818,40960,35.98,33
2026-08-26T00:23:11.216490+00:00,20260825T235526Z_heavy_c2048_a9ff2b,1,[N/A],[N/A],213,40960,34.98,31
2026-08-26T00:23:11.216490+00:00,20260825T235526Z_heavy_c2048_a9ff2b,2,[N/A],[N/A],213,40960,35.33,31
2026-08-26T00:23:12.285836+00:00,20260825T235526Z_heavy_c2048_a9ff2b,0,[N/A],[N/A],12818,40960,35.49,33
2026-08-26T00:23:12.285836+00:00,20260825T235526Z_heavy_c2048_a9ff2b,1,[N/A],[N/A],213,40960,34.98,31
2026-08-26T00:23:12.285836+00:00,20260825T235526Z_heavy_c2048_a9ff2b,2,[N/A],[N/A],213,40960,35.33,31
2026-08-26T00:23:13.353979+00:00,20260825T235526Z_heavy_c2048_a9ff2b,0,[N/A],[N/A],12818,40960,35.38,33
2026-08-26T00:23:13.353979+00:00,20260825T235526Z_heavy_c2048_a9ff2b,1,[N/A],[N/A],213,40960,35.08,31
2026-08-26T00:23:13.353979+00:00,20260825T235526Z_heavy_c2048_a9ff2b,2,[N/A],[N/A],213,40960,35.42,31
2026-08-26T00:23:14.423130+00:00,20260825T235526Z_heavy_c2048_a9ff2b,0,[N/A],[N/A],12818,40960,35.38,33
2026-08-26T00:23:14.423130+00:00,20260825T235526Z_heavy_c2048_a9ff2b,1,[N/A],[N/A],213,40960,34.98,31
2026-08-26T00:23:14.423130+00:00,20260825T235526Z_heavy_c2048_a9ff2b,2,[N/A],[N/A],213,40960,35.33,31
2026-08-26T00:23:15.492972+00:00,20260825T235526Z_heavy_c2048_a9ff2b,0,[N/A],[N/A],12818,40960,35.48,33
2026-08-26T00:23:15.492972+00:00,20260825T235526Z_heavy_c2048_a9ff2b,1,[N/A],[N/A],213,40960,34.98,31
2026-08-26T00:23:15.492972+00:00,20260825T235526Z_heavy_c2048_a9ff2b,2,[N/A],[N/A],213,40960,35.33,31
2026-08-26T00:23:16.566658+00:00,20260825T235526Z_heavy_c2048_a9ff2b,0,[N/A],[N/A],12818,40960,35.48,33
2026-08-26T00:23:16.566658+00:00,20260825T235526Z_heavy_c2048_a9ff2b,1,[N/A],[N/A],213,40960,34.98,31
2026-08-26T00:23:16.566658+00:00,20260825T235526Z_heavy_c2048_a9ff2b,2,[N/A],[N/A],213,40960,35.42,31
2026-08-26T00:23:17.635232+00:00,20260825T235526Z_heavy_c2048_a9ff2b,0,[N/A],[N/A],12818,40960,35.48,33
2026-08-26T00:23:17.635232+00:00,20260825T235526Z_heavy_c2048_a9ff2b,1,[N/A],[N/A],213,40960,34.98,31
2026-08-26T00:23:17.635232+00:00,20260825T235526Z_heavy_c2048_a9ff2b,2,[N/A],[N/A],213,40960,35.33,31
2026-08-26T00:23:18.704761+00:00,20260825T235526Z_heavy_c2048_a9ff2b,0,[N/A],[N/A],12818,40960,35.38,33
2026-08-26T00:23:18.704761+00:00,20260825T235526Z_heavy_c2048_a9ff2b,1,[N/A],[N/A],213,40960,34.88,31
2026-08-26T00:23:18.704761+00:00,20260825T235526Z_heavy_c2048_a9ff2b,2,[N/A],[N/A],213,40960,35.33,31
2026-08-26T00:23:19.773042+00:00,20260825T235526Z_heavy_c2048_a9ff2b,0,[N/A],[N/A],12818,40960,35.59,33
2026-08-26T00:23:19.773042+00:00,20260825T235526Z_heavy_c2048_a9ff2b,1,[N/A],[N/A],213,40960,35.28,31
2026-08-26T00:23:19.773042+00:00,20260825T235526Z_heavy_c2048_a9ff2b,2,[N/A],[N/A],213,40960,35.42,31
2026-08-26T00:23:20.846616+00:00,20260825T235526Z_heavy_c2048_a9ff2b,0,[N/A],[N/A],12818,40960,35.48,33
2026-08-26T00:23:20.846616+00:00,20260825T235526Z_heavy_c2048_a9ff2b,1,[N/A],[N/A],213,40960,34.88,31
2026-08-26T00:23:20.846616+00:00,20260825T235526Z_heavy_c2048_a9ff2b,2,[N/A],[N/A],213,40960,35.33,31
2026-08-26T00:23:21.915497+00:00,20260825T235526Z_heavy_c2048_a9ff2b,0,[N/A],[N/A],12818,40960,35.49,33
2026-08-26T00:23:21.915497+00:00,20260825T235526Z_heavy_c2048_a9ff2b,1,[N/A],[N/A],213,40960,34.88,31
2026-08-26T00:23:21.915497+00:00,20260825T235526Z_heavy_c2048_a9ff2b,2,[N/A],[N/A],213,40960,35.33,31
2026-08-26T00:23:22.984494+00:00,20260825T235526Z_heavy_c2048_a9ff2b,0,[N/A],[N/A],12818,40960,35.68,33
2026-08-26T00:23:22.984494+00:00,20260825T235526Z_heavy_c2048_a9ff2b,1,[N/A],[N/A],213,40960,34.98,31
2026-08-26T00:23:22.984494+00:00,20260825T235526Z_heavy_c2048_a9ff2b,2,[N/A],[N/A],213,40960,35.42,31
2026-08-26T00:23:24.052140+00:00,20260825T235526Z_heavy_c2048_a9ff2b,0,[N/A],[N/A],12818,40960,35.48,33
2026-08-26T00:23:24.052140+00:00,20260825T235526Z_heavy_c2048_a9ff2b,1,[N/A],[N/A],213,40960,34.88,31
2026-08-26T00:23:24.052140+00:00,20260825T235526Z_heavy_c2048_a9ff2b,2,[N/A],[N/A],213,40960,35.33,31
2026-08-26T00:23:25.122363+00:00,20260825T235526Z_heavy_c2048_a9ff2b,0,[N/A],[N/A],12818,40960,35.38,33
2026-08-26T00:23:25.122363+00:00,20260825T235526Z_heavy_c2048_a9ff2b,1,[N/A],[N/A],213,40960,35.08,31
2026-08-26T00:23:25.122363+00:00,20260825T235526Z_heavy_c2048_a9ff2b,2,[N/A],[N/A],213,40960,35.33,31
2026-08-26T00:23:26.190583+00:00,20260825T235526Z_heavy_c2048_a9ff2b,0,[N/A],[N/A],12818,40960,35.58,33
2026-08-26T00:23:26.190583+00:00,20260825T235526Z_heavy_c2048_a9ff2b,1,[N/A],[N/A],213,40960,34.88,31
2026-08-26T00:23:26.190583+00:00,20260825T235526Z_heavy_c2048_a9ff2b,2,[N/A],[N/A],213,40960,35.72,31
2026-08-26T00:23:27.260890+00:00,20260825T235526Z_heavy_c2048_a9ff2b,0,[N/A],[N/A],12818,40960,35.48,33
2026-08-26T00:23:27.260890+00:00,20260825T235526Z_heavy_c2048_a9ff2b,1,[N/A],[N/A],213,40960,34.88,31
2026-08-26T00:23:27.260890+00:00,20260825T235526Z_heavy_c2048_a9ff2b,2,[N/A],[N/A],213,40960,35.43,31
2026-08-26T00:23:28.340040+00:00,20260825T235526Z_heavy_c2048_a9ff2b,0,[N/A],[N/A],12818,40960,35.28,33
2026-08-26T00:23:28.340040+00:00,20260825T235526Z_heavy_c2048_a9ff2b,1,[N/A],[N/A],213,40960,34.88,31
2026-08-26T00:23:28.340040+00:00,20260825T235526Z_heavy_c2048_a9ff2b,2,[N/A],[N/A],213,40960,35.33,31
2026-08-26T00:23:29.409647+00:00,20260825T235526Z_heavy_c2048_a9ff2b,0,[N/A],[N/A],12818,40960,35.48,33
2026-08-26T00:23:29.409647+00:00,20260825T235526Z_heavy_c2048_a9ff2b,1,[N/A],[N/A],213,40960,34.97,31
2026-08-26T00:23:29.409647+00:00,20260825T235526Z_heavy_c2048_a9ff2b,2,[N/A],[N/A],213,40960,35.42,31
2026-08-26T00:23:30.491005+00:00,20260825T235526Z_heavy_c2048_a9ff2b,0,[N/A],[N/A],12818,40960,35.48,33
2026-08-26T00:23:30.491005+00:00,20260825T235526Z_heavy_c2048_a9ff2b,1,[N/A],[N/A],213,40960,34.88,31
2026-08-26T00:23:30.491005+00:00,20260825T235526Z_heavy_c2048_a9ff2b,2,[N/A],[N/A],213,40960,35.42,31
2026-08-26T00:23:31.559876+00:00,20260825T235526Z_heavy_c2048_a9ff2b,0,[N/A],[N/A],12818,40960,35.38,33
2026-08-26T00:23:31.559876+00:00,20260825T235526Z_heavy_c2048_a9ff2b,1,[N/A],[N/A],213,40960,34.88,31
2026-08-26T00:23:31.559876+00:00,20260825T235526Z_heavy_c2048_a9ff2b,2,[N/A],[N/A],213,40960,35.33,31
2026-08-26T00:23:32.627625+00:00,20260825T235526Z_heavy_c2048_a9ff2b,0,[N/A],[N/A],12818,40960,35.68,33
2026-08-26T00:23:32.627625+00:00,20260825T235526Z_heavy_c2048_a9ff2b,1,[N/A],[N/A],213,40960,34.88,31
2026-08-26T00:23:32.627625+00:00,20260825T235526Z_heavy_c2048_a9ff2b,2,[N/A],[N/A],213,40960,35.33,31
2026-08-26T00:23:33.696567+00:00,20260825T235526Z_heavy_c2048_a9ff2b,0,[N/A],[N/A],12818,40960,35.38,33
2026-08-26T00:23:33.696567+00:00,20260825T235526Z_heavy_c2048_a9ff2b,1,[N/A],[N/A],213,40960,34.88,31
2026-08-26T00:23:33.696567+00:00,20260825T235526Z_heavy_c2048_a9ff2b,2,[N/A],[N/A],213,40960,35.33,31
2026-08-26T00:23:34.767385+00:00,20260825T235526Z_heavy_c2048_a9ff2b,0,[N/A],[N/A],12818,40960,35.48,33
2026-08-26T00:23:34.767385+00:00,20260825T235526Z_heavy_c2048_a9ff2b,1,[N/A],[N/A],213,40960,34.98,31
2026-08-26T00:23:34.767385+00:00,20260825T235526Z_heavy_c2048_a9ff2b,2,[N/A],[N/A],213,40960,35.33,31
2026-08-26T00:23:35.836892+00:00,20260825T235526Z_heavy_c2048_a9ff2b,0,[N/A],[N/A],12818,40960,35.59,33
2026-08-26T00:23:35.836892+00:00,20260825T235526Z_heavy_c2048_a9ff2b,1,[N/A],[N/A],213,40960,34.88,31
2026-08-26T00:23:35.836892+00:00,20260825T235526Z_heavy_c2048_a9ff2b,2,[N/A],[N/A],213,40960,35.42,31
2026-08-26T00:23:36.904986+00:00,20260825T235526Z_heavy_c2048_a9ff2b,0,[N/A],[N/A],12818,40960,35.48,33
2026-08-26T00:23:36.904986+00:00,20260825T235526Z_heavy_c2048_a9ff2b,1,[N/A],[N/A],213,40960,34.87,31
2026-08-26T00:23:36.904986+00:00,20260825T235526Z_heavy_c2048_a9ff2b,2,[N/A],[N/A],213,40960,35.43,31
2026-08-26T00:23:37.975907+00:00,20260825T235526Z_heavy_c2048_a9ff2b,0,[N/A],[N/A],12818,40960,35.48,33
2026-08-26T00:23:37.975907+00:00,20260825T235526Z_heavy_c2048_a9ff2b,1,[N/A],[N/A],213,40960,34.98,31
2026-08-26T00:23:37.975907+00:00,20260825T235526Z_heavy_c2048_a9ff2b,2,[N/A],[N/A],213,40960,35.42,31
2026-08-26T00:23:39.046728+00:00,20260825T235526Z_heavy_c2048_a9ff2b,0,[N/A],[N/A],12818,40960,35.59,33
2026-08-26T00:23:39.046728+00:00,20260825T235526Z_heavy_c2048_a9ff2b,1,[N/A],[N/A],213,40960,34.87,31
2026-08-26T00:23:39.046728+00:00,20260825T235526Z_heavy_c2048_a9ff2b,2,[N/A],[N/A],213,40960,35.52,31
2026-08-26T00:23:40.116069+00:00,20260825T235526Z_heavy_c2048_a9ff2b,0,[N/A],[N/A],12818,40960,35.48,33
2026-08-26T00:23:40.116069+00:00,20260825T235526Z_heavy_c2048_a9ff2b,1,[N/A],[N/A],213,40960,34.88,31
2026-08-26T00:23:40.116069+00:00,20260825T235526Z_heavy_c2048_a9ff2b,2,[N/A],[N/A],213,40960,35.33,31
2026-08-26T00:23:41.197281+00:00,20260825T235526Z_heavy_c2048_a9ff2b,0,[N/A],[N/A],12818,40960,35.38,33
2026-08-26T00:23:41.197281+00:00,20260825T235526Z_heavy_c2048_a9ff2b,1,[N/A],[N/A],213,40960,34.88,31
2026-08-26T00:23:41.197281+00:00,20260825T235526Z_heavy_c2048_a9ff2b,2,[N/A],[N/A],213,40960,35.33,31
2026-08-26T00:23:42.265378+00:00,20260825T235526Z_heavy_c2048_a9ff2b,0,[N/A],[N/A],12818,40960,35.68,33
2026-08-26T00:23:42.265378+00:00,20260825T235526Z_heavy_c2048_a9ff2b,1,[N/A],[N/A],213,40960,34.88,31
2026-08-26T00:23:42.265378+00:00,20260825T235526Z_heavy_c2048_a9ff2b,2,[N/A],[N/A],213,40960,35.42,31
2026-08-26T00:23:43.333447+00:00,20260825T235526Z_heavy_c2048_a9ff2b,0,[N/A],[N/A],12818,40960,35.48,33
2026-08-26T00:23:43.333447+00:00,20260825T235526Z_heavy_c2048_a9ff2b,1,[N/A],[N/A],213,40960,34.98,31
2026-08-26T00:23:43.333447+00:00,20260825T235526Z_heavy_c2048_a9ff2b,2,[N/A],[N/A],213,40960,35.43,31
2026-08-26T00:23:44.400903+00:00,20260825T235526Z_heavy_c2048_a9ff2b,0,[N/A],[N/A],12818,40960,35.48,33
2026-08-26T00:23:44.400903+00:00,20260825T235526Z_heavy_c2048_a9ff2b,1,[N/A],[N/A],213,40960,34.98,31
2026-08-26T00:23:44.400903+00:00,20260825T235526Z_heavy_c2048_a9ff2b,2,[N/A],[N/A],213,40960,35.42,31
2026-08-26T00:23:45.471668+00:00,20260825T235526Z_heavy_c2048_a9ff2b,0,[N/A],[N/A],12818,40960,35.68,33
2026-08-26T00:23:45.471668+00:00,20260825T235526Z_heavy_c2048_a9ff2b,1,[N/A],[N/A],213,40960,34.88,31
2026-08-26T00:23:45.471668+00:00,20260825T235526Z_heavy_c2048_a9ff2b,2,[N/A],[N/A],213,40960,35.42,31
2026-08-26T00:23:46.552465+00:00,20260825T235526Z_heavy_c2048_a9ff2b,0,[N/A],[N/A],12818,40960,35.48,33
2026-08-26T00:23:46.552465+00:00,20260825T235526Z_heavy_c2048_a9ff2b,1,[N/A],[N/A],213,40960,34.98,31
2026-08-26T00:23:46.552465+00:00,20260825T235526Z_heavy_c2048_a9ff2b,2,[N/A],[N/A],213,40960,35.43,31
2026-08-26T00:23:47.623218+00:00,20260825T235526Z_heavy_c2048_a9ff2b,0,[N/A],[N/A],12818,40960,35.48,33
2026-08-26T00:23:47.623218+00:00,20260825T235526Z_heavy_c2048_a9ff2b,1,[N/A],[N/A],213,40960,34.98,31
2026-08-26T00:23:47.623218+00:00,20260825T235526Z_heavy_c2048_a9ff2b,2,[N/A],[N/A],213,40960,35.42,31
2026-08-26T00:23:48.695273+00:00,20260825T235526Z_heavy_c2048_a9ff2b,0,[N/A],[N/A],12818,40960,35.68,33
2026-08-26T00:23:48.695273+00:00,20260825T235526Z_heavy_c2048_a9ff2b,1,[N/A],[N/A],213,40960,34.98,31
2026-08-26T00:23:48.695273+00:00,20260825T235526Z_heavy_c2048_a9ff2b,2,[N/A],[N/A],213,40960,35.42,31
2026-08-26T00:23:49.763912+00:00,20260825T235526Z_heavy_c2048_a9ff2b,0,[N/A],[N/A],12818,40960,35.38,33
2026-08-26T00:23:49.763912+00:00,20260825T235526Z_heavy_c2048_a9ff2b,1,[N/A],[N/A],213,40960,34.98,31
2026-08-26T00:23:49.763912+00:00,20260825T235526Z_heavy_c2048_a9ff2b,2,[N/A],[N/A],213,40960,35.43,31
2026-08-26T00:23:50.831817+00:00,20260825T235526Z_heavy_c2048_a9ff2b,0,[N/A],[N/A],12818,40960,35.48,33
2026-08-26T00:23:50.831817+00:00,20260825T235526Z_heavy_c2048_a9ff2b,1,[N/A],[N/A],213,40960,35.08,31
2026-08-26T00:23:50.831817+00:00,20260825T235526Z_heavy_c2048_a9ff2b,2,[N/A],[N/A],213,40960,35.42,31
2026-08-26T00:23:51.902072+00:00,20260825T235526Z_heavy_c2048_a9ff2b,0,[N/A],[N/A],12818,40960,35.59,33
2026-08-26T00:23:51.902072+00:00,20260825T235526Z_heavy_c2048_a9ff2b,1,[N/A],[N/A],213,40960,34.88,31
2026-08-26T00:23:51.902072+00:00,20260825T235526Z_heavy_c2048_a9ff2b,2,[N/A],[N/A],213,40960,35.62,31
2026-08-26T00:23:52.970325+00:00,20260825T235526Z_heavy_c2048_a9ff2b,0,[N/A],[N/A],12818,40960,35.49,33
2026-08-26T00:23:52.970325+00:00,20260825T235526Z_heavy_c2048_a9ff2b,1,[N/A],[N/A],213,40960,34.98,31
2026-08-26T00:23:52.970325+00:00,20260825T235526Z_heavy_c2048_a9ff2b,2,[N/A],[N/A],213,40960,35.33,31
2026-08-26T00:23:54.039732+00:00,20260825T235526Z_heavy_c2048_a9ff2b,0,[N/A],[N/A],12818,40960,35.38,33
2026-08-26T00:23:54.039732+00:00,20260825T235526Z_heavy_c2048_a9ff2b,1,[N/A],[N/A],213,40960,34.98,31
2026-08-26T00:23:54.039732+00:00,20260825T235526Z_heavy_c2048_a9ff2b,2,[N/A],[N/A],213,40960,35.42,31
2026-08-26T00:23:55.108177+00:00,20260825T235526Z_heavy_c2048_a9ff2b,0,[N/A],[N/A],12818,40960,35.48,33
2026-08-26T00:23:55.108177+00:00,20260825T235526Z_heavy_c2048_a9ff2b,1,[N/A],[N/A],213,40960,34.88,31
2026-08-26T00:23:55.108177+00:00,20260825T235526Z_heavy_c2048_a9ff2b,2,[N/A],[N/A],213,40960,35.33,31
2026-08-26T00:23:56.182521+00:00,20260825T235526Z_heavy_c2048_a9ff2b,0,[N/A],[N/A],12818,40960,35.48,33
2026-08-26T00:23:56.182521+00:00,20260825T235526Z_heavy_c2048_a9ff2b,1,[N/A],[N/A],213,40960,34.88,31
2026-08-26T00:23:56.182521+00:00,20260825T235526Z_heavy_c2048_a9ff2b,2,[N/A],[N/A],213,40960,35.43,31
2026-08-26T00:23:57.254081+00:00,20260825T235526Z_heavy_c2048_a9ff2b,0,[N/A],[N/A],12818,40960,35.48,33
2026-08-26T00:23:57.254081+00:00,20260825T235526Z_heavy_c2048_a9ff2b,1,[N/A],[N/A],213,40960,34.98,31
2026-08-26T00:23:57.254081+00:00,20260825T235526Z_heavy_c2048_a9ff2b,2,[N/A],[N/A],213,40960,35.42,31
2026-08-26T00:23:58.323046+00:00,20260825T235526Z_heavy_c2048_a9ff2b,0,[N/A],[N/A],12818,40960,35.58,33
2026-08-26T00:23:58.323046+00:00,20260825T235526Z_heavy_c2048_a9ff2b,1,[N/A],[N/A],213,40960,34.88,31
2026-08-26T00:23:58.323046+00:00,20260825T235526Z_heavy_c2048_a9ff2b,2,[N/A],[N/A],213,40960,35.43,31
2026-08-26T00:23:59.394640+00:00,20260825T235526Z_heavy_c2048_a9ff2b,0,[N/A],[N/A],12818,40960,35.49,33
2026-08-26T00:23:59.394640+00:00,20260825T235526Z_heavy_c2048_a9ff2b,1,[N/A],[N/A],213,40960,34.88,31
2026-08-26T00:23:59.394640+00:00,20260825T235526Z_heavy_c2048_a9ff2b,2,[N/A],[N/A],213,40960,35.43,31
2026-08-26T00:24:00.462403+00:00,20260825T235526Z_heavy_c2048_a9ff2b,0,[N/A],[N/A],12818,40960,35.48,33
2026-08-26T00:24:00.462403+00:00,20260825T235526Z_heavy_c2048_a9ff2b,1,[N/A],[N/A],213,40960,34.98,31
2026-08-26T00:24:00.462403+00:00,20260825T235526Z_heavy_c2048_a9ff2b,2,[N/A],[N/A],213,40960,35.52,31
2026-08-26T00:24:01.533603+00:00,20260825T235526Z_heavy_c2048_a9ff2b,0,[N/A],[N/A],12818,40960,35.59,33
2026-08-26T00:24:01.533603+00:00,20260825T235526Z_heavy_c2048_a9ff2b,1,[N/A],[N/A],213,40960,34.98,31
2026-08-26T00:24:01.533603+00:00,20260825T235526Z_heavy_c2048_a9ff2b,2,[N/A],[N/A],213,40960,35.42,31
2026-08-26T00:24:02.614148+00:00,20260825T235526Z_heavy_c2048_a9ff2b,0,[N/A],[N/A],12818,40960,35.48,33
2026-08-26T00:24:02.614148+00:00,20260825T235526Z_heavy_c2048_a9ff2b,1,[N/A],[N/A],213,40960,34.88,31
2026-08-26T00:24:02.614148+00:00,20260825T235526Z_heavy_c2048_a9ff2b,2,[N/A],[N/A],213,40960,35.33,31
2026-08-26T00:24:03.695406+00:00,20260825T235526Z_heavy_c2048_a9ff2b,0,[N/A],[N/A],12818,40960,35.59,33
2026-08-26T00:24:03.695406+00:00,20260825T235526Z_heavy_c2048_a9ff2b,1,[N/A],[N/A],213,40960,34.98,31
2026-08-26T00:24:03.695406+00:00,20260825T235526Z_heavy_c2048_a9ff2b,2,[N/A],[N/A],213,40960,35.33,31
2026-08-26T00:24:04.763411+00:00,20260825T235526Z_heavy_c2048_a9ff2b,0,[N/A],[N/A],12818,40960,35.59,33
2026-08-26T00:24:04.763411+00:00,20260825T235526Z_heavy_c2048_a9ff2b,1,[N/A],[N/A],213,40960,34.98,31
2026-08-26T00:24:04.763411+00:00,20260825T235526Z_heavy_c2048_a9ff2b,2,[N/A],[N/A],213,40960,35.33,31
2026-08-26T00:24:05.833676+00:00,20260825T235526Z_heavy_c2048_a9ff2b,0,[N/A],[N/A],12818,40960,35.48,33
2026-08-26T00:24:05.833676+00:00,20260825T235526Z_heavy_c2048_a9ff2b,1,[N/A],[N/A],213,40960,34.98,31
2026-08-26T00:24:05.833676+00:00,20260825T235526Z_heavy_c2048_a9ff2b,2,[N/A],[N/A],213,40960,35.33,31
2026-08-26T00:24:06.904613+00:00,20260825T235526Z_heavy_c2048_a9ff2b,0,[N/A],[N/A],12818,40960,35.38,33
2026-08-26T00:24:06.904613+00:00,20260825T235526Z_heavy_c2048_a9ff2b,1,[N/A],[N/A],213,40960,34.98,31
2026-08-26T00:24:06.904613+00:00,20260825T235526Z_heavy_c2048_a9ff2b,2,[N/A],[N/A],213,40960,35.33,31
2026-08-26T00:24:07.972748+00:00,20260825T235526Z_heavy_c2048_a9ff2b,0,[N/A],[N/A],12818,40960,35.59,33
2026-08-26T00:24:07.972748+00:00,20260825T235526Z_heavy_c2048_a9ff2b,1,[N/A],[N/A],213,40960,34.98,31
2026-08-26T00:24:07.972748+00:00,20260825T235526Z_heavy_c2048_a9ff2b,2,[N/A],[N/A],213,40960,35.42,31
2026-08-26T00:24:09.041363+00:00,20260825T235526Z_heavy_c2048_a9ff2b,0,[N/A],[N/A],12818,40960,35.49,33
2026-08-26T00:24:09.041363+00:00,20260825T235526Z_heavy_c2048_a9ff2b,1,[N/A],[N/A],213,40960,34.98,31
2026-08-26T00:24:09.041363+00:00,20260825T235526Z_heavy_c2048_a9ff2b,2,[N/A],[N/A],213,40960,35.33,31
2026-08-26T00:24:10.109044+00:00,20260825T235526Z_heavy_c2048_a9ff2b,0,[N/A],[N/A],12818,40960,35.48,33
2026-08-26T00:24:10.109044+00:00,20260825T235526Z_heavy_c2048_a9ff2b,1,[N/A],[N/A],213,40960,35.08,31
2026-08-26T00:24:10.109044+00:00,20260825T235526Z_heavy_c2048_a9ff2b,2,[N/A],[N/A],213,40960,35.33,31
2026-08-26T00:24:11.181945+00:00,20260825T235526Z_heavy_c2048_a9ff2b,0,[N/A],[N/A],12818,40960,35.58,33
2026-08-26T00:24:11.181945+00:00,20260825T235526Z_heavy_c2048_a9ff2b,1,[N/A],[N/A],213,40960,34.98,31
2026-08-26T00:24:11.181945+00:00,20260825T235526Z_heavy_c2048_a9ff2b,2,[N/A],[N/A],213,40960,35.33,31
2026-08-26T00:24:12.250732+00:00,20260825T235526Z_heavy_c2048_a9ff2b,0,[N/A],[N/A],12818,40960,35.48,33
2026-08-26T00:24:12.250732+00:00,20260825T235526Z_heavy_c2048_a9ff2b,1,[N/A],[N/A],213,40960,34.98,31
2026-08-26T00:24:12.250732+00:00,20260825T235526Z_heavy_c2048_a9ff2b,2,[N/A],[N/A],213,40960,35.33,31
2026-08-26T00:24:13.319757+00:00,20260825T235526Z_heavy_c2048_a9ff2b,0,[N/A],[N/A],12818,40960,35.48,33
2026-08-26T00:24:13.319757+00:00,20260825T235526Z_heavy_c2048_a9ff2b,1,[N/A],[N/A],213,40960,35.08,31
2026-08-26T00:24:13.319757+00:00,20260825T235526Z_heavy_c2048_a9ff2b,2,[N/A],[N/A],213,40960,35.33,31
2026-08-26T00:24:14.388165+00:00,20260825T235526Z_heavy_c2048_a9ff2b,0,[N/A],[N/A],12818,40960,36.45,33
2026-08-26T00:24:14.388165+00:00,20260825T235526Z_heavy_c2048_a9ff2b,1,[N/A],[N/A],213,40960,34.98,31
2026-08-26T00:24:14.388165+00:00,20260825T235526Z_heavy_c2048_a9ff2b,2,[N/A],[N/A],213,40960,35.42,31
2026-08-26T00:24:15.460855+00:00,20260825T235526Z_heavy_c2048_a9ff2b,0,[N/A],[N/A],12818,40960,35.27,33
2026-08-26T00:24:15.460855+00:00,20260825T235526Z_heavy_c2048_a9ff2b,1,[N/A],[N/A],213,40960,34.98,31
2026-08-26T00:24:15.460855+00:00,20260825T235526Z_heavy_c2048_a9ff2b,2,[N/A],[N/A],213,40960,35.34,31
2026-08-26T00:24:16.529594+00:00,20260825T235526Z_heavy_c2048_a9ff2b,0,[N/A],[N/A],12818,40960,35.28,33
2026-08-26T00:24:16.529594+00:00,20260825T235526Z_heavy_c2048_a9ff2b,1,[N/A],[N/A],213,40960,34.98,31
2026-08-26T00:24:16.529594+00:00,20260825T235526Z_heavy_c2048_a9ff2b,2,[N/A],[N/A],213,40960,35.42,31
2026-08-26T00:24:17.598896+00:00,20260825T235526Z_heavy_c2048_a9ff2b,0,[N/A],[N/A],12818,40960,35.27,33
2026-08-26T00:24:17.598896+00:00,20260825T235526Z_heavy_c2048_a9ff2b,1,[N/A],[N/A],213,40960,34.98,31
2026-08-26T00:24:17.598896+00:00,20260825T235526Z_heavy_c2048_a9ff2b,2,[N/A],[N/A],213,40960,35.72,31
2026-08-26T00:24:18.669399+00:00,20260825T235526Z_heavy_c2048_a9ff2b,0,[N/A],[N/A],12818,40960,35.28,33
2026-08-26T00:24:18.669399+00:00,20260825T235526Z_heavy_c2048_a9ff2b,1,[N/A],[N/A],213,40960,34.98,31
2026-08-26T00:24:18.669399+00:00,20260825T235526Z_heavy_c2048_a9ff2b,2,[N/A],[N/A],213,40960,35.43,31
2026-08-26T00:24:19.740762+00:00,20260825T235526Z_heavy_c2048_a9ff2b,0,[N/A],[N/A],12818,40960,35.28,33
2026-08-26T00:24:19.740762+00:00,20260825T235526Z_heavy_c2048_a9ff2b,1,[N/A],[N/A],213,40960,35.08,31
2026-08-26T00:24:19.740762+00:00,20260825T235526Z_heavy_c2048_a9ff2b,2,[N/A],[N/A],213,40960,35.33,31
2026-08-26T00:24:20.810324+00:00,20260825T235526Z_heavy_c2048_a9ff2b,0,[N/A],[N/A],12818,40960,35.28,33
2026-08-26T00:24:20.810324+00:00,20260825T235526Z_heavy_c2048_a9ff2b,1,[N/A],[N/A],213,40960,34.98,31
2026-08-26T00:24:20.810324+00:00,20260825T235526Z_heavy_c2048_a9ff2b,2,[N/A],[N/A],213,40960,35.33,31
2026-08-26T00:24:21.878713+00:00,20260825T235526Z_heavy_c2048_a9ff2b,0,[N/A],[N/A],12818,40960,35.17,33
2026-08-26T00:24:21.878713+00:00,20260825T235526Z_heavy_c2048_a9ff2b,1,[N/A],[N/A],213,40960,34.88,31
2026-08-26T00:24:21.878713+00:00,20260825T235526Z_heavy_c2048_a9ff2b,2,[N/A],[N/A],213,40960,35.33,31
2026-08-26T00:24:22.947065+00:00,20260825T235526Z_heavy_c2048_a9ff2b,0,[N/A],[N/A],12818,40960,35.38,33
2026-08-26T00:24:22.947065+00:00,20260825T235526Z_heavy_c2048_a9ff2b,1,[N/A],[N/A],213,40960,35.28,31
2026-08-26T00:24:22.947065+00:00,20260825T235526Z_heavy_c2048_a9ff2b,2,[N/A],[N/A],213,40960,35.33,31
2026-08-26T00:24:24.021469+00:00,20260825T235526Z_heavy_c2048_a9ff2b,0,[N/A],[N/A],12818,40960,35.28,33
2026-08-26T00:24:24.021469+00:00,20260825T235526Z_heavy_c2048_a9ff2b,1,[N/A],[N/A],213,40960,34.98,31
2026-08-26T00:24:24.021469+00:00,20260825T235526Z_heavy_c2048_a9ff2b,2,[N/A],[N/A],213,40960,35.81,31
2026-08-26T00:24:25.096326+00:00,20260825T235526Z_heavy_c2048_a9ff2b,0,[N/A],[N/A],12818,40960,35.38,33
2026-08-26T00:24:25.096326+00:00,20260825T235526Z_heavy_c2048_a9ff2b,1,[N/A],[N/A],213,40960,34.98,31
2026-08-26T00:24:25.096326+00:00,20260825T235526Z_heavy_c2048_a9ff2b,2,[N/A],[N/A],213,40960,35.33,31
2026-08-26T00:24:26.164671+00:00,20260825T235526Z_heavy_c2048_a9ff2b,0,[N/A],[N/A],12818,40960,35.38,33
2026-08-26T00:24:26.164671+00:00,20260825T235526Z_heavy_c2048_a9ff2b,1,[N/A],[N/A],213,40960,35.27,31
2026-08-26T00:24:26.164671+00:00,20260825T235526Z_heavy_c2048_a9ff2b,2,[N/A],[N/A],213,40960,35.42,31
2026-08-26T00:24:27.236169+00:00,20260825T235526Z_heavy_c2048_a9ff2b,0,[N/A],[N/A],12818,40960,35.17,33
2026-08-26T00:24:27.236169+00:00,20260825T235526Z_heavy_c2048_a9ff2b,1,[N/A],[N/A],213,40960,34.88,31
2026-08-26T00:24:27.236169+00:00,20260825T235526Z_heavy_c2048_a9ff2b,2,[N/A],[N/A],213,40960,35.33,31
2026-08-26T00:24:28.304960+00:00,20260825T235526Z_heavy_c2048_a9ff2b,0,[N/A],[N/A],12818,40960,35.28,33
2026-08-26T00:24:28.304960+00:00,20260825T235526Z_heavy_c2048_a9ff2b,1,[N/A],[N/A],213,40960,34.88,31
2026-08-26T00:24:28.304960+00:00,20260825T235526Z_heavy_c2048_a9ff2b,2,[N/A],[N/A],213,40960,35.33,31
2026-08-26T00:24:29.373239+00:00,20260825T235526Z_heavy_c2048_a9ff2b,0,[N/A],[N/A],12818,40960,35.38,33
2026-08-26T00:24:29.373239+00:00,20260825T235526Z_heavy_c2048_a9ff2b,1,[N/A],[N/A],213,40960,34.88,31
2026-08-26T00:24:29.373239+00:00,20260825T235526Z_heavy_c2048_a9ff2b,2,[N/A],[N/A],213,40960,35.42,31
2026-08-26T00:24:30.441226+00:00,20260825T235526Z_heavy_c2048_a9ff2b,0,[N/A],[N/A],12818,40960,35.28,33
2026-08-26T00:24:30.441226+00:00,20260825T235526Z_heavy_c2048_a9ff2b,1,[N/A],[N/A],213,40960,34.87,31
2026-08-26T00:24:30.441226+00:00,20260825T235526Z_heavy_c2048_a9ff2b,2,[N/A],[N/A],213,40960,35.33,31
2026-08-26T00:24:31.500154+00:00,20260825T235526Z_heavy_c2048_a9ff2b,0,[N/A],[N/A],12818,40960,35.28,33
2026-08-26T00:24:31.500154+00:00,20260825T235526Z_heavy_c2048_a9ff2b,1,[N/A],[N/A],213,40960,34.77,31
2026-08-26T00:24:31.500154+00:00,20260825T235526Z_heavy_c2048_a9ff2b,2,[N/A],[N/A],213,40960,35.33,31
2026-08-26T00:24:32.568658+00:00,20260825T235526Z_heavy_c2048_a9ff2b,0,[N/A],[N/A],12818,40960,35.27,33
2026-08-26T00:24:32.568658+00:00,20260825T235526Z_heavy_c2048_a9ff2b,1,[N/A],[N/A],213,40960,34.88,31
2026-08-26T00:24:32.568658+00:00,20260825T235526Z_heavy_c2048_a9ff2b,2,[N/A],[N/A],213,40960,35.52,31
2026-08-26T00:24:33.637352+00:00,20260825T235526Z_heavy_c2048_a9ff2b,0,[N/A],[N/A],12818,40960,35.27,33
2026-08-26T00:24:33.637352+00:00,20260825T235526Z_heavy_c2048_a9ff2b,1,[N/A],[N/A],213,40960,34.88,31
2026-08-26T00:24:33.637352+00:00,20260825T235526Z_heavy_c2048_a9ff2b,2,[N/A],[N/A],213,40960,35.33,31
2026-08-26T00:24:34.717513+00:00,20260825T235526Z_heavy_c2048_a9ff2b,0,[N/A],[N/A],12818,40960,35.27,33
2026-08-26T00:24:34.717513+00:00,20260825T235526Z_heavy_c2048_a9ff2b,1,[N/A],[N/A],213,40960,34.98,31
2026-08-26T00:24:34.717513+00:00,20260825T235526Z_heavy_c2048_a9ff2b,2,[N/A],[N/A],213,40960,35.42,31
2026-08-26T00:24:35.786439+00:00,20260825T235526Z_heavy_c2048_a9ff2b,0,[N/A],[N/A],12818,40960,36.27,33
2026-08-26T00:24:35.786439+00:00,20260825T235526Z_heavy_c2048_a9ff2b,1,[N/A],[N/A],213,40960,34.88,31
2026-08-26T00:24:35.786439+00:00,20260825T235526Z_heavy_c2048_a9ff2b,2,[N/A],[N/A],213,40960,35.42,31
2026-08-26T00:24:36.854543+00:00,20260825T235526Z_heavy_c2048_a9ff2b,0,[N/A],[N/A],12818,40960,35.17,33
2026-08-26T00:24:36.854543+00:00,20260825T235526Z_heavy_c2048_a9ff2b,1,[N/A],[N/A],213,40960,34.98,31
2026-08-26T00:24:36.854543+00:00,20260825T235526Z_heavy_c2048_a9ff2b,2,[N/A],[N/A],213,40960,35.33,31
2026-08-26T00:24:37.925673+00:00,20260825T235526Z_heavy_c2048_a9ff2b,0,[N/A],[N/A],12818,40960,35.38,32
2026-08-26T00:24:37.925673+00:00,20260825T235526Z_heavy_c2048_a9ff2b,1,[N/A],[N/A],213,40960,34.98,31
2026-08-26T00:24:37.925673+00:00,20260825T235526Z_heavy_c2048_a9ff2b,2,[N/A],[N/A],213,40960,35.33,31
2026-08-26T00:24:38.994835+00:00,20260825T235526Z_heavy_c2048_a9ff2b,0,[N/A],[N/A],12818,40960,35.38,33
2026-08-26T00:24:38.994835+00:00,20260825T235526Z_heavy_c2048_a9ff2b,1,[N/A],[N/A],213,40960,34.88,31
2026-08-26T00:24:38.994835+00:00,20260825T235526Z_heavy_c2048_a9ff2b,2,[N/A],[N/A],213,40960,35.72,31
2026-08-26T00:24:40.064648+00:00,20260825T235526Z_heavy_c2048_a9ff2b,0,[N/A],[N/A],12818,40960,35.28,32
2026-08-26T00:24:40.064648+00:00,20260825T235526Z_heavy_c2048_a9ff2b,1,[N/A],[N/A],213,40960,34.88,31
2026-08-26T00:24:40.064648+00:00,20260825T235526Z_heavy_c2048_a9ff2b,2,[N/A],[N/A],213,40960,35.33,31
2026-08-26T00:24:41.134552+00:00,20260825T235526Z_heavy_c2048_a9ff2b,0,[N/A],[N/A],12818,40960,35.28,32
2026-08-26T00:24:41.134552+00:00,20260825T235526Z_heavy_c2048_a9ff2b,1,[N/A],[N/A],213,40960,34.98,31
2026-08-26T00:24:41.134552+00:00,20260825T235526Z_heavy_c2048_a9ff2b,2,[N/A],[N/A],213,40960,35.33,31
2026-08-26T00:24:42.207061+00:00,20260825T235526Z_heavy_c2048_a9ff2b,0,[N/A],[N/A],12818,40960,35.38,32
2026-08-26T00:24:42.207061+00:00,20260825T235526Z_heavy_c2048_a9ff2b,1,[N/A],[N/A],213,40960,34.88,31
2026-08-26T00:24:42.207061+00:00,20260825T235526Z_heavy_c2048_a9ff2b,2,[N/A],[N/A],213,40960,35.42,31
2026-08-26T00:24:43.291289+00:00,20260825T235526Z_heavy_c2048_a9ff2b,0,[N/A],[N/A],12818,40960,35.27,32
2026-08-26T00:24:43.291289+00:00,20260825T235526Z_heavy_c2048_a9ff2b,1,[N/A],[N/A],213,40960,34.87,31
2026-08-26T00:24:43.291289+00:00,20260825T235526Z_heavy_c2048_a9ff2b,2,[N/A],[N/A],213,40960,35.33,31
2026-08-26T00:24:44.359731+00:00,20260825T235526Z_heavy_c2048_a9ff2b,0,[N/A],[N/A],12818,40960,35.27,32
2026-08-26T00:24:44.359731+00:00,20260825T235526Z_heavy_c2048_a9ff2b,1,[N/A],[N/A],213,40960,34.98,31
2026-08-26T00:24:44.359731+00:00,20260825T235526Z_heavy_c2048_a9ff2b,2,[N/A],[N/A],213,40960,35.42,31
2026-08-26T00:24:45.429167+00:00,20260825T235526Z_heavy_c2048_a9ff2b,0,[N/A],[N/A],12818,40960,35.38,32
2026-08-26T00:24:45.429167+00:00,20260825T235526Z_heavy_c2048_a9ff2b,1,[N/A],[N/A],213,40960,34.88,31
2026-08-26T00:24:45.429167+00:00,20260825T235526Z_heavy_c2048_a9ff2b,2,[N/A],[N/A],213,40960,35.42,31
2026-08-26T00:24:46.500293+00:00,20260825T235526Z_heavy_c2048_a9ff2b,0,[N/A],[N/A],12818,40960,35.28,32
2026-08-26T00:24:46.500293+00:00,20260825T235526Z_heavy_c2048_a9ff2b,1,[N/A],[N/A],213,40960,34.88,31
2026-08-26T00:24:46.500293+00:00,20260825T235526Z_heavy_c2048_a9ff2b,2,[N/A],[N/A],213,40960,35.43,31
2026-08-26T00:24:47.571057+00:00,20260825T235526Z_heavy_c2048_a9ff2b,0,[N/A],[N/A],12818,40960,35.28,32
2026-08-26T00:24:47.571057+00:00,20260825T235526Z_heavy_c2048_a9ff2b,1,[N/A],[N/A],213,40960,34.98,31
2026-08-26T00:24:47.571057+00:00,20260825T235526Z_heavy_c2048_a9ff2b,2,[N/A],[N/A],213,40960,35.42,31
2026-08-26T00:24:48.642628+00:00,20260825T235526Z_heavy_c2048_a9ff2b,0,[N/A],[N/A],12818,40960,35.48,32
2026-08-26T00:24:48.642628+00:00,20260825T235526Z_heavy_c2048_a9ff2b,1,[N/A],[N/A],213,40960,34.88,31
2026-08-26T00:24:48.642628+00:00,20260825T235526Z_heavy_c2048_a9ff2b,2,[N/A],[N/A],213,40960,35.42,31
2026-08-26T00:24:49.711622+00:00,20260825T235526Z_heavy_c2048_a9ff2b,0,[N/A],[N/A],12818,40960,35.38,32
2026-08-26T00:24:49.711622+00:00,20260825T235526Z_heavy_c2048_a9ff2b,1,[N/A],[N/A],213,40960,34.88,31
2026-08-26T00:24:49.711622+00:00,20260825T235526Z_heavy_c2048_a9ff2b,2,[N/A],[N/A],213,40960,35.33,31
2026-08-26T00:24:50.780743+00:00,20260825T235526Z_heavy_c2048_a9ff2b,0,[N/A],[N/A],12818,40960,35.38,32
2026-08-26T00:24:50.780743+00:00,20260825T235526Z_heavy_c2048_a9ff2b,1,[N/A],[N/A],213,40960,34.88,31
2026-08-26T00:24:50.780743+00:00,20260825T235526Z_heavy_c2048_a9ff2b,2,[N/A],[N/A],213,40960,35.42,31
2026-08-26T00:24:51.850496+00:00,20260825T235526Z_heavy_c2048_a9ff2b,0,[N/A],[N/A],12818,40960,35.28,32
2026-08-26T00:24:51.850496+00:00,20260825T235526Z_heavy_c2048_a9ff2b,1,[N/A],[N/A],213,40960,34.88,31
2026-08-26T00:24:51.850496+00:00,20260825T235526Z_heavy_c2048_a9ff2b,2,[N/A],[N/A],213,40960,35.62,31
2026-08-26T00:24:52.918076+00:00,20260825T235526Z_heavy_c2048_a9ff2b,0,[N/A],[N/A],12818,40960,35.38,32
2026-08-26T00:24:52.918076+00:00,20260825T235526Z_heavy_c2048_a9ff2b,1,[N/A],[N/A],213,40960,34.98,31
2026-08-26T00:24:52.918076+00:00,20260825T235526Z_heavy_c2048_a9ff2b,2,[N/A],[N/A],213,40960,35.43,31
2026-08-26T00:24:53.986938+00:00,20260825T235526Z_heavy_c2048_a9ff2b,0,[N/A],[N/A],12818,40960,35.38,32
2026-08-26T00:24:53.986938+00:00,20260825T235526Z_heavy_c2048_a9ff2b,1,[N/A],[N/A],213,40960,35.08,31
2026-08-26T00:24:53.986938+00:00,20260825T235526Z_heavy_c2048_a9ff2b,2,[N/A],[N/A],213,40960,35.42,31
2026-08-26T00:24:55.055875+00:00,20260825T235526Z_heavy_c2048_a9ff2b,0,[N/A],[N/A],12818,40960,35.38,32
2026-08-26T00:24:55.055875+00:00,20260825T235526Z_heavy_c2048_a9ff2b,1,[N/A],[N/A],213,40960,34.88,31
2026-08-26T00:24:55.055875+00:00,20260825T235526Z_heavy_c2048_a9ff2b,2,[N/A],[N/A],213,40960,35.33,31
2026-08-26T00:24:56.123946+00:00,20260825T235526Z_heavy_c2048_a9ff2b,0,[N/A],[N/A],12818,40960,35.38,32
2026-08-26T00:24:56.123946+00:00,20260825T235526Z_heavy_c2048_a9ff2b,1,[N/A],[N/A],213,40960,34.88,31
2026-08-26T00:24:56.123946+00:00,20260825T235526Z_heavy_c2048_a9ff2b,2,[N/A],[N/A],213,40960,35.43,31
2026-08-26T00:24:57.194133+00:00,20260825T235526Z_heavy_c2048_a9ff2b,0,[N/A],[N/A],12818,40960,35.48,32
2026-08-26T00:24:57.194133+00:00,20260825T235526Z_heavy_c2048_a9ff2b,1,[N/A],[N/A],213,40960,34.78,31
2026-08-26T00:24:57.194133+00:00,20260825T235526Z_heavy_c2048_a9ff2b,2,[N/A],[N/A],213,40960,35.42,31
2026-08-26T00:24:58.262762+00:00,20260825T235526Z_heavy_c2048_a9ff2b,0,[N/A],[N/A],12818,40960,35.38,32
2026-08-26T00:24:58.262762+00:00,20260825T235526Z_heavy_c2048_a9ff2b,1,[N/A],[N/A],213,40960,34.88,31
2026-08-26T00:24:58.262762+00:00,20260825T235526Z_heavy_c2048_a9ff2b,2,[N/A],[N/A],213,40960,35.43,31
2026-08-26T00:24:59.331669+00:00,20260825T235526Z_heavy_c2048_a9ff2b,0,[N/A],[N/A],12818,40960,35.38,32
2026-08-26T00:24:59.331669+00:00,20260825T235526Z_heavy_c2048_a9ff2b,1,[N/A],[N/A],213,40960,35.08,31
2026-08-26T00:24:59.331669+00:00,20260825T235526Z_heavy_c2048_a9ff2b,2,[N/A],[N/A],213,40960,35.42,31
2026-08-26T00:25:00.400745+00:00,20260825T235526Z_heavy_c2048_a9ff2b,0,[N/A],[N/A],12818,40960,35.48,32
2026-08-26T00:25:00.400745+00:00,20260825T235526Z_heavy_c2048_a9ff2b,1,[N/A],[N/A],213,40960,34.88,31
2026-08-26T00:25:00.400745+00:00,20260825T235526Z_heavy_c2048_a9ff2b,2,[N/A],[N/A],213,40960,35.42,31
2026-08-26T00:25:01.468683+00:00,20260825T235526Z_heavy_c2048_a9ff2b,0,[N/A],[N/A],12818,40960,35.38,32
2026-08-26T00:25:01.468683+00:00,20260825T235526Z_heavy_c2048_a9ff2b,1,[N/A],[N/A],213,40960,34.88,31
2026-08-26T00:25:01.468683+00:00,20260825T235526Z_heavy_c2048_a9ff2b,2,[N/A],[N/A],213,40960,35.33,31
2026-08-26T00:25:02.550044+00:00,20260825T235526Z_heavy_c2048_a9ff2b,0,[N/A],[N/A],12818,40960,35.38,32
2026-08-26T00:25:02.550044+00:00,20260825T235526Z_heavy_c2048_a9ff2b,1,[N/A],[N/A],213,40960,35.08,31
2026-08-26T00:25:02.550044+00:00,20260825T235526Z_heavy_c2048_a9ff2b,2,[N/A],[N/A],213,40960,35.42,31
2026-08-26T00:25:03.617529+00:00,20260825T235526Z_heavy_c2048_a9ff2b,0,[N/A],[N/A],12818,40960,35.48,32
2026-08-26T00:25:03.617529+00:00,20260825T235526Z_heavy_c2048_a9ff2b,1,[N/A],[N/A],213,40960,34.88,31
2026-08-26T00:25:03.617529+00:00,20260825T235526Z_heavy_c2048_a9ff2b,2,[N/A],[N/A],213,40960,35.42,31
2026-08-26T00:25:04.686165+00:00,20260825T235526Z_heavy_c2048_a9ff2b,0,[N/A],[N/A],12818,40960,35.38,32
2026-08-26T00:25:04.686165+00:00,20260825T235526Z_heavy_c2048_a9ff2b,1,[N/A],[N/A],213,40960,34.98,31
2026-08-26T00:25:04.686165+00:00,20260825T235526Z_heavy_c2048_a9ff2b,2,[N/A],[N/A],213,40960,35.33,31
2026-08-26T00:25:05.755650+00:00,20260825T235526Z_heavy_c2048_a9ff2b,0,[N/A],[N/A],12818,40960,35.38,32
2026-08-26T00:25:05.755650+00:00,20260825T235526Z_heavy_c2048_a9ff2b,1,[N/A],[N/A],213,40960,35.08,31
2026-08-26T00:25:05.755650+00:00,20260825T235526Z_heavy_c2048_a9ff2b,2,[N/A],[N/A],213,40960,35.42,31
2026-08-26T00:25:06.824179+00:00,20260825T235526Z_heavy_c2048_a9ff2b,0,[N/A],[N/A],12818,40960,35.48,32
2026-08-26T00:25:06.824179+00:00,20260825T235526Z_heavy_c2048_a9ff2b,1,[N/A],[N/A],213,40960,34.98,31
2026-08-26T00:25:06.824179+00:00,20260825T235526Z_heavy_c2048_a9ff2b,2,[N/A],[N/A],213,40960,35.42,31
2026-08-26T00:25:07.892545+00:00,20260825T235526Z_heavy_c2048_a9ff2b,0,[N/A],[N/A],12818,40960,35.38,32
2026-08-26T00:25:07.892545+00:00,20260825T235526Z_heavy_c2048_a9ff2b,1,[N/A],[N/A],213,40960,34.98,31
2026-08-26T00:25:07.892545+00:00,20260825T235526Z_heavy_c2048_a9ff2b,2,[N/A],[N/A],213,40960,35.43,31
2026-08-26T00:25:08.960172+00:00,20260825T235526Z_heavy_c2048_a9ff2b,0,[N/A],[N/A],12818,40960,35.38,32
2026-08-26T00:25:08.960172+00:00,20260825T235526Z_heavy_c2048_a9ff2b,1,[N/A],[N/A],213,40960,34.98,31
2026-08-26T00:25:08.960172+00:00,20260825T235526Z_heavy_c2048_a9ff2b,2,[N/A],[N/A],213,40960,35.43,31
2026-08-26T00:25:10.029480+00:00,20260825T235526Z_heavy_c2048_a9ff2b,0,[N/A],[N/A],12818,40960,35.38,32
2026-08-26T00:25:10.029480+00:00,20260825T235526Z_heavy_c2048_a9ff2b,1,[N/A],[N/A],213,40960,34.88,31
2026-08-26T00:25:10.029480+00:00,20260825T235526Z_heavy_c2048_a9ff2b,2,[N/A],[N/A],213,40960,35.33,31
2026-08-26T00:25:11.099696+00:00,20260825T235526Z_heavy_c2048_a9ff2b,0,[N/A],[N/A],12818,40960,35.48,32
2026-08-26T00:25:11.099696+00:00,20260825T235526Z_heavy_c2048_a9ff2b,1,[N/A],[N/A],213,40960,34.98,31
2026-08-26T00:25:11.099696+00:00,20260825T235526Z_heavy_c2048_a9ff2b,2,[N/A],[N/A],213,40960,35.34,31
2026-08-26T00:25:12.168898+00:00,20260825T235526Z_heavy_c2048_a9ff2b,0,[N/A],[N/A],12818,40960,35.59,32
2026-08-26T00:25:12.168898+00:00,20260825T235526Z_heavy_c2048_a9ff2b,1,[N/A],[N/A],213,40960,35.08,31
2026-08-26T00:25:12.168898+00:00,20260825T235526Z_heavy_c2048_a9ff2b,2,[N/A],[N/A],213,40960,35.33,31
2026-08-26T00:25:13.237896+00:00,20260825T235526Z_heavy_c2048_a9ff2b,0,[N/A],[N/A],12818,40960,35.48,32
2026-08-26T00:25:13.237896+00:00,20260825T235526Z_heavy_c2048_a9ff2b,1,[N/A],[N/A],213,40960,34.98,31
2026-08-26T00:25:13.237896+00:00,20260825T235526Z_heavy_c2048_a9ff2b,2,[N/A],[N/A],213,40960,35.72,31
2026-08-26T00:25:14.309050+00:00,20260825T235526Z_heavy_c2048_a9ff2b,0,[N/A],[N/A],12818,40960,35.48,32
2026-08-26T00:25:14.309050+00:00,20260825T235526Z_heavy_c2048_a9ff2b,1,[N/A],[N/A],213,40960,34.98,31
2026-08-26T00:25:14.309050+00:00,20260825T235526Z_heavy_c2048_a9ff2b,2,[N/A],[N/A],213,40960,35.33,31
2026-08-26T00:25:15.380218+00:00,20260825T235526Z_heavy_c2048_a9ff2b,0,[N/A],[N/A],12818,40960,35.48,32
2026-08-26T00:25:15.380218+00:00,20260825T235526Z_heavy_c2048_a9ff2b,1,[N/A],[N/A],213,40960,35.28,31
2026-08-26T00:25:15.380218+00:00,20260825T235526Z_heavy_c2048_a9ff2b,2,[N/A],[N/A],213,40960,35.42,31
2026-08-26T00:25:16.450478+00:00,20260825T235526Z_heavy_c2048_a9ff2b,0,[N/A],[N/A],12818,40960,35.38,32
2026-08-26T00:25:16.450478+00:00,20260825T235526Z_heavy_c2048_a9ff2b,1,[N/A],[N/A],213,40960,34.98,31
2026-08-26T00:25:16.450478+00:00,20260825T235526Z_heavy_c2048_a9ff2b,2,[N/A],[N/A],213,40960,35.72,31
2026-08-26T00:25:17.519834+00:00,20260825T235526Z_heavy_c2048_a9ff2b,0,[N/A],[N/A],12818,40960,35.38,32
2026-08-26T00:25:17.519834+00:00,20260825T235526Z_heavy_c2048_a9ff2b,1,[N/A],[N/A],213,40960,34.98,31
2026-08-26T00:25:17.519834+00:00,20260825T235526Z_heavy_c2048_a9ff2b,2,[N/A],[N/A],213,40960,35.33,31
2026-08-26T00:25:18.588418+00:00,20260825T235526Z_heavy_c2048_a9ff2b,0,[N/A],[N/A],12818,40960,35.38,32
2026-08-26T00:25:18.588418+00:00,20260825T235526Z_heavy_c2048_a9ff2b,1,[N/A],[N/A],213,40960,35.08,31
2026-08-26T00:25:18.588418+00:00,20260825T235526Z_heavy_c2048_a9ff2b,2,[N/A],[N/A],213,40960,35.42,31
2026-08-26T00:25:19.660496+00:00,20260825T235526Z_heavy_c2048_a9ff2b,0,[N/A],[N/A],12818,40960,35.38,32
2026-08-26T00:25:19.660496+00:00,20260825T235526Z_heavy_c2048_a9ff2b,1,[N/A],[N/A],213,40960,34.98,31
2026-08-26T00:25:19.660496+00:00,20260825T235526Z_heavy_c2048_a9ff2b,2,[N/A],[N/A],213,40960,35.33,31
2026-08-26T00:25:20.728796+00:00,20260825T235526Z_heavy_c2048_a9ff2b,0,[N/A],[N/A],12818,40960,35.38,32
2026-08-26T00:25:20.728796+00:00,20260825T235526Z_heavy_c2048_a9ff2b,1,[N/A],[N/A],213,40960,35.08,31
2026-08-26T00:25:20.728796+00:00,20260825T235526Z_heavy_c2048_a9ff2b,2,[N/A],[N/A],213,40960,35.33,31
2026-08-26T00:25:21.796811+00:00,20260825T235526Z_heavy_c2048_a9ff2b,0,[N/A],[N/A],12818,40960,35.28,32
2026-08-26T00:25:21.796811+00:00,20260825T235526Z_heavy_c2048_a9ff2b,1,[N/A],[N/A],213,40960,34.88,31
2026-08-26T00:25:21.796811+00:00,20260825T235526Z_heavy_c2048_a9ff2b,2,[N/A],[N/A],213,40960,35.42,31
2026-08-26T00:25:22.865827+00:00,20260825T235526Z_heavy_c2048_a9ff2b,0,[N/A],[N/A],12818,40960,35.17,32
2026-08-26T00:25:22.865827+00:00,20260825T235526Z_heavy_c2048_a9ff2b,1,[N/A],[N/A],213,40960,34.98,31
2026-08-26T00:25:22.865827+00:00,20260825T235526Z_heavy_c2048_a9ff2b,2,[N/A],[N/A],213,40960,35.33,31
2026-08-26T00:25:23.935745+00:00,20260825T235526Z_heavy_c2048_a9ff2b,0,[N/A],[N/A],12818,40960,35.07,32
2026-08-26T00:25:23.935745+00:00,20260825T235526Z_heavy_c2048_a9ff2b,1,[N/A],[N/A],213,40960,35.08,31
2026-08-26T00:25:23.935745+00:00,20260825T235526Z_heavy_c2048_a9ff2b,2,[N/A],[N/A],213,40960,35.33,31
2026-08-26T00:25:25.005016+00:00,20260825T235526Z_heavy_c2048_a9ff2b,0,[N/A],[N/A],12818,40960,36.07,32
2026-08-26T00:25:25.005016+00:00,20260825T235526Z_heavy_c2048_a9ff2b,1,[N/A],[N/A],213,40960,34.98,31
2026-08-26T00:25:25.005016+00:00,20260825T235526Z_heavy_c2048_a9ff2b,2,[N/A],[N/A],213,40960,35.33,31
2026-08-26T00:25:26.076289+00:00,20260825T235526Z_heavy_c2048_a9ff2b,0,[N/A],[N/A],12818,40960,35.17,32
2026-08-26T00:25:26.076289+00:00,20260825T235526Z_heavy_c2048_a9ff2b,1,[N/A],[N/A],213,40960,34.98,31
2026-08-26T00:25:26.076289+00:00,20260825T235526Z_heavy_c2048_a9ff2b,2,[N/A],[N/A],213,40960,35.33,31
2026-08-26T00:25:27.145116+00:00,20260825T235526Z_heavy_c2048_a9ff2b,0,[N/A],[N/A],12818,40960,35.27,32
2026-08-26T00:25:27.145116+00:00,20260825T235526Z_heavy_c2048_a9ff2b,1,[N/A],[N/A],213,40960,34.98,31
2026-08-26T00:25:27.145116+00:00,20260825T235526Z_heavy_c2048_a9ff2b,2,[N/A],[N/A],213,40960,35.42,31
2026-08-26T00:25:28.213913+00:00,20260825T235526Z_heavy_c2048_a9ff2b,0,[N/A],[N/A],12818,40960,35.17,32
2026-08-26T00:25:28.213913+00:00,20260825T235526Z_heavy_c2048_a9ff2b,1,[N/A],[N/A],213,40960,35.08,31
2026-08-26T00:25:28.213913+00:00,20260825T235526Z_heavy_c2048_a9ff2b,2,[N/A],[N/A],213,40960,35.33,31
2026-08-26T00:25:29.284972+00:00,20260825T235526Z_heavy_c2048_a9ff2b,0,[N/A],[N/A],12818,40960,35.17,32
2026-08-26T00:25:29.284972+00:00,20260825T235526Z_heavy_c2048_a9ff2b,1,[N/A],[N/A],213,40960,35.08,31
2026-08-26T00:25:29.284972+00:00,20260825T235526Z_heavy_c2048_a9ff2b,2,[N/A],[N/A],213,40960,35.33,31
2026-08-26T00:25:30.354305+00:00,20260825T235526Z_heavy_c2048_a9ff2b,0,[N/A],[N/A],12818,40960,35.38,32
2026-08-26T00:25:30.354305+00:00,20260825T235526Z_heavy_c2048_a9ff2b,1,[N/A],[N/A],213,40960,34.98,31
2026-08-26T00:25:30.354305+00:00,20260825T235526Z_heavy_c2048_a9ff2b,2,[N/A],[N/A],213,40960,35.42,31
2026-08-26T00:25:31.411155+00:00,20260825T235526Z_heavy_c2048_a9ff2b,0,[N/A],[N/A],12818,40960,35.17,32
2026-08-26T00:25:31.411155+00:00,20260825T235526Z_heavy_c2048_a9ff2b,1,[N/A],[N/A],213,40960,34.98,31
2026-08-26T00:25:31.411155+00:00,20260825T235526Z_heavy_c2048_a9ff2b,2,[N/A],[N/A],213,40960,35.33,31
2026-08-26T00:25:32.483947+00:00,20260825T235526Z_heavy_c2048_a9ff2b,0,[N/A],[N/A],12818,40960,35.17,32
2026-08-26T00:25:32.483947+00:00,20260825T235526Z_heavy_c2048_a9ff2b,1,[N/A],[N/A],213,40960,34.88,31
2026-08-26T00:25:32.483947+00:00,20260825T235526Z_heavy_c2048_a9ff2b,2,[N/A],[N/A],213,40960,35.33,31
2026-08-26T00:25:33.552602+00:00,20260825T235526Z_heavy_c2048_a9ff2b,0,[N/A],[N/A],12818,40960,35.28,32
2026-08-26T00:25:33.552602+00:00,20260825T235526Z_heavy_c2048_a9ff2b,1,[N/A],[N/A],213,40960,34.98,31
2026-08-26T00:25:33.552602+00:00,20260825T235526Z_heavy_c2048_a9ff2b,2,[N/A],[N/A],213,40960,35.42,31
2026-08-26T00:25:34.622745+00:00,20260825T235526Z_heavy_c2048_a9ff2b,0,[N/A],[N/A],12818,40960,35.17,32
2026-08-26T00:25:34.622745+00:00,20260825T235526Z_heavy_c2048_a9ff2b,1,[N/A],[N/A],213,40960,34.88,31
2026-08-26T00:25:34.622745+00:00,20260825T235526Z_heavy_c2048_a9ff2b,2,[N/A],[N/A],213,40960,35.33,31
2026-08-26T00:25:35.693305+00:00,20260825T235526Z_heavy_c2048_a9ff2b,0,[N/A],[N/A],12818,40960,35.17,32
2026-08-26T00:25:35.693305+00:00,20260825T235526Z_heavy_c2048_a9ff2b,1,[N/A],[N/A],213,40960,34.98,31
2026-08-26T00:25:35.693305+00:00,20260825T235526Z_heavy_c2048_a9ff2b,2,[N/A],[N/A],213,40960,35.33,31
2026-08-26T00:25:36.762606+00:00,20260825T235526Z_heavy_c2048_a9ff2b,0,[N/A],[N/A],12818,40960,35.27,32
2026-08-26T00:25:36.762606+00:00,20260825T235526Z_heavy_c2048_a9ff2b,1,[N/A],[N/A],213,40960,34.88,31
2026-08-26T00:25:36.762606+00:00,20260825T235526Z_heavy_c2048_a9ff2b,2,[N/A],[N/A],213,40960,35.42,31
2026-08-26T00:25:37.832286+00:00,20260825T235526Z_heavy_c2048_a9ff2b,0,[N/A],[N/A],12818,40960,35.17,32
2026-08-26T00:25:37.832286+00:00,20260825T235526Z_heavy_c2048_a9ff2b,1,[N/A],[N/A],213,40960,34.88,31
2026-08-26T00:25:37.832286+00:00,20260825T235526Z_heavy_c2048_a9ff2b,2,[N/A],[N/A],213,40960,35.33,31
2026-08-26T00:25:38.902908+00:00,20260825T235526Z_heavy_c2048_a9ff2b,0,[N/A],[N/A],12818,40960,35.17,32
2026-08-26T00:25:38.902908+00:00,20260825T235526Z_heavy_c2048_a9ff2b,1,[N/A],[N/A],213,40960,35.08,31
2026-08-26T00:25:38.902908+00:00,20260825T235526Z_heavy_c2048_a9ff2b,2,[N/A],[N/A],213,40960,35.33,31
2026-08-26T00:25:39.971881+00:00,20260825T235526Z_heavy_c2048_a9ff2b,0,[N/A],[N/A],12818,40960,35.26,32
2026-08-26T00:25:39.971881+00:00,20260825T235526Z_heavy_c2048_a9ff2b,1,[N/A],[N/A],213,40960,35.08,31
2026-08-26T00:25:39.971881+00:00,20260825T235526Z_heavy_c2048_a9ff2b,2,[N/A],[N/A],213,40960,35.42,31
2026-08-26T00:25:41.041730+00:00,20260825T235526Z_heavy_c2048_a9ff2b,0,[N/A],[N/A],12818,40960,35.27,32
2026-08-26T00:25:41.041730+00:00,20260825T235526Z_heavy_c2048_a9ff2b,1,[N/A],[N/A],213,40960,34.88,31
2026-08-26T00:25:41.041730+00:00,20260825T235526Z_heavy_c2048_a9ff2b,2,[N/A],[N/A],213,40960,35.33,31
2026-08-26T00:25:42.111087+00:00,20260825T235526Z_heavy_c2048_a9ff2b,0,[N/A],[N/A],12818,40960,35.17,32
2026-08-26T00:25:42.111087+00:00,20260825T235526Z_heavy_c2048_a9ff2b,1,[N/A],[N/A],213,40960,34.88,31
2026-08-26T00:25:42.111087+00:00,20260825T235526Z_heavy_c2048_a9ff2b,2,[N/A],[N/A],213,40960,35.33,31
2026-08-26T00:25:43.193328+00:00,20260825T235526Z_heavy_c2048_a9ff2b,0,[N/A],[N/A],12818,40960,35.38,32
2026-08-26T00:25:43.193328+00:00,20260825T235526Z_heavy_c2048_a9ff2b,1,[N/A],[N/A],213,40960,34.88,31
2026-08-26T00:25:43.193328+00:00,20260825T235526Z_heavy_c2048_a9ff2b,2,[N/A],[N/A],213,40960,35.42,31
2026-08-26T00:25:44.262870+00:00,20260825T235526Z_heavy_c2048_a9ff2b,0,[N/A],[N/A],12818,40960,35.88,32
2026-08-26T00:25:44.262870+00:00,20260825T235526Z_heavy_c2048_a9ff2b,1,[N/A],[N/A],213,40960,34.98,31
2026-08-26T00:25:44.262870+00:00,20260825T235526Z_heavy_c2048_a9ff2b,2,[N/A],[N/A],213,40960,35.63,31
2026-08-26T00:25:45.334520+00:00,20260825T235526Z_heavy_c2048_a9ff2b,0,[N/A],[N/A],12818,40960,35.27,32
2026-08-26T00:25:45.334520+00:00,20260825T235526Z_heavy_c2048_a9ff2b,1,[N/A],[N/A],213,40960,34.98,31
2026-08-26T00:25:45.334520+00:00,20260825T235526Z_heavy_c2048_a9ff2b,2,[N/A],[N/A],213,40960,35.43,31
2026-08-26T00:25:46.403261+00:00,20260825T235526Z_heavy_c2048_a9ff2b,0,[N/A],[N/A],12818,40960,35.27,32
2026-08-26T00:25:46.403261+00:00,20260825T235526Z_heavy_c2048_a9ff2b,1,[N/A],[N/A],213,40960,34.98,31
2026-08-26T00:25:46.403261+00:00,20260825T235526Z_heavy_c2048_a9ff2b,2,[N/A],[N/A],213,40960,35.42,31
2026-08-26T00:25:47.472941+00:00,20260825T235526Z_heavy_c2048_a9ff2b,0,[N/A],[N/A],12818,40960,35.17,32
2026-08-26T00:25:47.472941+00:00,20260825T235526Z_heavy_c2048_a9ff2b,1,[N/A],[N/A],213,40960,34.98,31
2026-08-26T00:25:47.472941+00:00,20260825T235526Z_heavy_c2048_a9ff2b,2,[N/A],[N/A],213,40960,35.33,31
2026-08-26T00:25:48.541716+00:00,20260825T235526Z_heavy_c2048_a9ff2b,0,[N/A],[N/A],12818,40960,35.27,32
2026-08-26T00:25:48.541716+00:00,20260825T235526Z_heavy_c2048_a9ff2b,1,[N/A],[N/A],213,40960,35.08,31
2026-08-26T00:25:48.541716+00:00,20260825T235526Z_heavy_c2048_a9ff2b,2,[N/A],[N/A],213,40960,35.42,31
2026-08-26T00:25:49.613863+00:00,20260825T235526Z_heavy_c2048_a9ff2b,0,[N/A],[N/A],12818,40960,35.49,32
2026-08-26T00:25:49.613863+00:00,20260825T235526Z_heavy_c2048_a9ff2b,1,[N/A],[N/A],213,40960,34.88,31
2026-08-26T00:25:49.613863+00:00,20260825T235526Z_heavy_c2048_a9ff2b,2,[N/A],[N/A],213,40960,35.42,31
2026-08-26T00:25:50.682604+00:00,20260825T235526Z_heavy_c2048_a9ff2b,0,[N/A],[N/A],12818,40960,35.17,32
2026-08-26T00:25:50.682604+00:00,20260825T235526Z_heavy_c2048_a9ff2b,1,[N/A],[N/A],213,40960,34.98,31
2026-08-26T00:25:50.682604+00:00,20260825T235526Z_heavy_c2048_a9ff2b,2,[N/A],[N/A],213,40960,35.43,31
2026-08-26T00:25:51.750262+00:00,20260825T235526Z_heavy_c2048_a9ff2b,0,[N/A],[N/A],12818,40960,35.27,32
2026-08-26T00:25:51.750262+00:00,20260825T235526Z_heavy_c2048_a9ff2b,1,[N/A],[N/A],213,40960,34.98,31
2026-08-26T00:25:51.750262+00:00,20260825T235526Z_heavy_c2048_a9ff2b,2,[N/A],[N/A],213,40960,35.42,31
2026-08-26T00:25:52.819333+00:00,20260825T235526Z_heavy_c2048_a9ff2b,0,[N/A],[N/A],12818,40960,35.17,32
2026-08-26T00:25:52.819333+00:00,20260825T235526Z_heavy_c2048_a9ff2b,1,[N/A],[N/A],213,40960,34.88,31
2026-08-26T00:25:52.819333+00:00,20260825T235526Z_heavy_c2048_a9ff2b,2,[N/A],[N/A],213,40960,35.42,31
2026-08-26T00:25:53.890711+00:00,20260825T235526Z_heavy_c2048_a9ff2b,0,[N/A],[N/A],12818,40960,35.27,32
2026-08-26T00:25:53.890711+00:00,20260825T235526Z_heavy_c2048_a9ff2b,1,[N/A],[N/A],213,40960,34.88,31
2026-08-26T00:25:53.890711+00:00,20260825T235526Z_heavy_c2048_a9ff2b,2,[N/A],[N/A],213,40960,35.43,31
2026-08-26T00:25:54.960045+00:00,20260825T235526Z_heavy_c2048_a9ff2b,0,[N/A],[N/A],12818,40960,35.27,32
2026-08-26T00:25:54.960045+00:00,20260825T235526Z_heavy_c2048_a9ff2b,1,[N/A],[N/A],213,40960,35.08,31
2026-08-26T00:25:54.960045+00:00,20260825T235526Z_heavy_c2048_a9ff2b,2,[N/A],[N/A],213,40960,35.33,31
2026-08-26T00:25:56.027751+00:00,20260825T235526Z_heavy_c2048_a9ff2b,0,[N/A],[N/A],12818,40960,35.17,32
2026-08-26T00:25:56.027751+00:00,20260825T235526Z_heavy_c2048_a9ff2b,1,[N/A],[N/A],213,40960,34.98,31
2026-08-26T00:25:56.027751+00:00,20260825T235526Z_heavy_c2048_a9ff2b,2,[N/A],[N/A],213,40960,35.42,31
2026-08-26T00:25:57.096930+00:00,20260825T235526Z_heavy_c2048_a9ff2b,0,[N/A],[N/A],12818,40960,35.17,32
2026-08-26T00:25:57.096930+00:00,20260825T235526Z_heavy_c2048_a9ff2b,1,[N/A],[N/A],213,40960,34.88,31
2026-08-26T00:25:57.096930+00:00,20260825T235526Z_heavy_c2048_a9ff2b,2,[N/A],[N/A],213,40960,35.43,31
2026-08-26T00:25:58.169550+00:00,20260825T235526Z_heavy_c2048_a9ff2b,0,[N/A],[N/A],12818,40960,35.38,32
2026-08-26T00:25:58.169550+00:00,20260825T235526Z_heavy_c2048_a9ff2b,1,[N/A],[N/A],213,40960,34.98,31
2026-08-26T00:25:58.169550+00:00,20260825T235526Z_heavy_c2048_a9ff2b,2,[N/A],[N/A],213,40960,35.42,31
2026-08-26T00:25:59.237204+00:00,20260825T235526Z_heavy_c2048_a9ff2b,0,[N/A],[N/A],12818,40960,35.27,32
2026-08-26T00:25:59.237204+00:00,20260825T235526Z_heavy_c2048_a9ff2b,1,[N/A],[N/A],213,40960,34.98,31
2026-08-26T00:25:59.237204+00:00,20260825T235526Z_heavy_c2048_a9ff2b,2,[N/A],[N/A],213,40960,35.52,31
2026-08-26T00:26:00.304823+00:00,20260825T235526Z_heavy_c2048_a9ff2b,0,[N/A],[N/A],12818,40960,35.17,32
2026-08-26T00:26:00.304823+00:00,20260825T235526Z_heavy_c2048_a9ff2b,1,[N/A],[N/A],213,40960,34.98,31
2026-08-26T00:26:00.304823+00:00,20260825T235526Z_heavy_c2048_a9ff2b,2,[N/A],[N/A],213,40960,35.42,31
2026-08-26T00:26:01.364705+00:00,20260825T235526Z_heavy_c2048_a9ff2b,0,[N/A],[N/A],12818,40960,36.17,32
2026-08-26T00:26:01.364705+00:00,20260825T235526Z_heavy_c2048_a9ff2b,1,[N/A],[N/A],213,40960,34.98,31
2026-08-26T00:26:01.364705+00:00,20260825T235526Z_heavy_c2048_a9ff2b,2,[N/A],[N/A],213,40960,35.42,31
2026-08-26T00:26:02.434626+00:00,20260825T235526Z_heavy_c2048_a9ff2b,0,[N/A],[N/A],12818,40960,35.27,32
2026-08-26T00:26:02.434626+00:00,20260825T235526Z_heavy_c2048_a9ff2b,1,[N/A],[N/A],213,40960,34.88,31
2026-08-26T00:26:02.434626+00:00,20260825T235526Z_heavy_c2048_a9ff2b,2,[N/A],[N/A],213,40960,35.33,31
2026-08-26T00:26:03.504681+00:00,20260825T235526Z_heavy_c2048_a9ff2b,0,[N/A],[N/A],12818,40960,35.27,32
2026-08-26T00:26:03.504681+00:00,20260825T235526Z_heavy_c2048_a9ff2b,1,[N/A],[N/A],213,40960,34.98,31
2026-08-26T00:26:03.504681+00:00,20260825T235526Z_heavy_c2048_a9ff2b,2,[N/A],[N/A],213,40960,35.43,31
2026-08-26T00:26:04.574175+00:00,20260825T235526Z_heavy_c2048_a9ff2b,0,[N/A],[N/A],12818,40960,35.38,32
2026-08-26T00:26:04.574175+00:00,20260825T235526Z_heavy_c2048_a9ff2b,1,[N/A],[N/A],213,40960,34.88,31
2026-08-26T00:26:04.574175+00:00,20260825T235526Z_heavy_c2048_a9ff2b,2,[N/A],[N/A],213,40960,35.42,31
2026-08-26T00:26:05.644615+00:00,20260825T235526Z_heavy_c2048_a9ff2b,0,[N/A],[N/A],12818,40960,35.38,32
2026-08-26T00:26:05.644615+00:00,20260825T235526Z_heavy_c2048_a9ff2b,1,[N/A],[N/A],213,40960,34.88,31
2026-08-26T00:26:05.644615+00:00,20260825T235526Z_heavy_c2048_a9ff2b,2,[N/A],[N/A],213,40960,35.43,31
2026-08-26T00:26:06.714193+00:00,20260825T235526Z_heavy_c2048_a9ff2b,0,[N/A],[N/A],12818,40960,35.27,32
2026-08-26T00:26:06.714193+00:00,20260825T235526Z_heavy_c2048_a9ff2b,1,[N/A],[N/A],213,40960,34.98,31
2026-08-26T00:26:06.714193+00:00,20260825T235526Z_heavy_c2048_a9ff2b,2,[N/A],[N/A],213,40960,35.42,31
2026-08-26T00:26:07.781701+00:00,20260825T235526Z_heavy_c2048_a9ff2b,0,[N/A],[N/A],12818,40960,35.27,32
2026-08-26T00:26:07.781701+00:00,20260825T235526Z_heavy_c2048_a9ff2b,1,[N/A],[N/A],213,40960,34.88,31
2026-08-26T00:26:07.781701+00:00,20260825T235526Z_heavy_c2048_a9ff2b,2,[N/A],[N/A],213,40960,35.42,31
2026-08-26T00:26:08.851698+00:00,20260825T235526Z_heavy_c2048_a9ff2b,0,[N/A],[N/A],12818,40960,35.38,32
2026-08-26T00:26:08.851698+00:00,20260825T235526Z_heavy_c2048_a9ff2b,1,[N/A],[N/A],213,40960,34.98,31
2026-08-26T00:26:08.851698+00:00,20260825T235526Z_heavy_c2048_a9ff2b,2,[N/A],[N/A],213,40960,35.43,31
2026-08-26T00:26:09.926689+00:00,20260825T235526Z_heavy_c2048_a9ff2b,0,[N/A],[N/A],12818,40960,35.28,32
2026-08-26T00:26:09.926689+00:00,20260825T235526Z_heavy_c2048_a9ff2b,1,[N/A],[N/A],213,40960,34.98,31
2026-08-26T00:26:09.926689+00:00,20260825T235526Z_heavy_c2048_a9ff2b,2,[N/A],[N/A],213,40960,35.42,31
2026-08-26T00:26:10.995096+00:00,20260825T235526Z_heavy_c2048_a9ff2b,0,[N/A],[N/A],12818,40960,35.38,32
2026-08-26T00:26:10.995096+00:00,20260825T235526Z_heavy_c2048_a9ff2b,1,[N/A],[N/A],213,40960,34.98,31
2026-08-26T00:26:10.995096+00:00,20260825T235526Z_heavy_c2048_a9ff2b,2,[N/A],[N/A],213,40960,35.42,31
2026-08-26T00:26:12.065712+00:00,20260825T235526Z_heavy_c2048_a9ff2b,0,[N/A],[N/A],12818,40960,35.17,32
2026-08-26T00:26:12.065712+00:00,20260825T235526Z_heavy_c2048_a9ff2b,1,[N/A],[N/A],213,40960,34.88,31
2026-08-26T00:26:12.065712+00:00,20260825T235526Z_heavy_c2048_a9ff2b,2,[N/A],[N/A],213,40960,35.43,31
2026-08-26T00:26:13.139559+00:00,20260825T235526Z_heavy_c2048_a9ff2b,0,[N/A],[N/A],12818,40960,35.38,32
2026-08-26T00:26:13.139559+00:00,20260825T235526Z_heavy_c2048_a9ff2b,1,[N/A],[N/A],213,40960,34.98,31
2026-08-26T00:26:13.139559+00:00,20260825T235526Z_heavy_c2048_a9ff2b,2,[N/A],[N/A],213,40960,35.42,31
2026-08-26T00:26:14.207886+00:00,20260825T235526Z_heavy_c2048_a9ff2b,0,[N/A],[N/A],12818,40960,35.68,32
2026-08-26T00:26:14.207886+00:00,20260825T235526Z_heavy_c2048_a9ff2b,1,[N/A],[N/A],213,40960,34.98,31
2026-08-26T00:26:14.207886+00:00,20260825T235526Z_heavy_c2048_a9ff2b,2,[N/A],[N/A],213,40960,35.42,31
2026-08-26T00:26:15.280961+00:00,20260825T235526Z_heavy_c2048_a9ff2b,0,[N/A],[N/A],12818,40960,35.38,32
2026-08-26T00:26:15.280961+00:00,20260825T235526Z_heavy_c2048_a9ff2b,1,[N/A],[N/A],213,40960,34.98,31
2026-08-26T00:26:15.280961+00:00,20260825T235526Z_heavy_c2048_a9ff2b,2,[N/A],[N/A],213,40960,35.33,31
2026-08-26T00:26:16.354233+00:00,20260825T235526Z_heavy_c2048_a9ff2b,0,[N/A],[N/A],12818,40960,35.49,32
2026-08-26T00:26:16.354233+00:00,20260825T235526Z_heavy_c2048_a9ff2b,1,[N/A],[N/A],213,40960,34.88,31
2026-08-26T00:26:16.354233+00:00,20260825T235526Z_heavy_c2048_a9ff2b,2,[N/A],[N/A],213,40960,35.33,31
2026-08-26T00:26:17.422359+00:00,20260825T235526Z_heavy_c2048_a9ff2b,0,[N/A],[N/A],12818,40960,35.27,32
2026-08-26T00:26:17.422359+00:00,20260825T235526Z_heavy_c2048_a9ff2b,1,[N/A],[N/A],213,40960,34.98,31
2026-08-26T00:26:17.422359+00:00,20260825T235526Z_heavy_c2048_a9ff2b,2,[N/A],[N/A],213,40960,35.42,31
2026-08-26T00:26:18.494631+00:00,20260825T235526Z_heavy_c2048_a9ff2b,0,[N/A],[N/A],12818,40960,35.38,32
2026-08-26T00:26:18.494631+00:00,20260825T235526Z_heavy_c2048_a9ff2b,1,[N/A],[N/A],213,40960,34.88,31
2026-08-26T00:26:18.494631+00:00,20260825T235526Z_heavy_c2048_a9ff2b,2,[N/A],[N/A],213,40960,35.33,31
2026-08-26T00:26:19.563334+00:00,20260825T235526Z_heavy_c2048_a9ff2b,0,[N/A],[N/A],12818,40960,35.59,32
2026-08-26T00:26:19.563334+00:00,20260825T235526Z_heavy_c2048_a9ff2b,1,[N/A],[N/A],213,40960,35.08,31
2026-08-26T00:26:19.563334+00:00,20260825T235526Z_heavy_c2048_a9ff2b,2,[N/A],[N/A],213,40960,35.33,31
2026-08-26T00:26:20.633250+00:00,20260825T235526Z_heavy_c2048_a9ff2b,0,[N/A],[N/A],12818,40960,35.38,32
2026-08-26T00:26:20.633250+00:00,20260825T235526Z_heavy_c2048_a9ff2b,1,[N/A],[N/A],213,40960,34.98,31
2026-08-26T00:26:20.633250+00:00,20260825T235526Z_heavy_c2048_a9ff2b,2,[N/A],[N/A],213,40960,35.33,31
2026-08-26T00:26:21.702817+00:00,20260825T235526Z_heavy_c2048_a9ff2b,0,[N/A],[N/A],12818,40960,35.38,32
2026-08-26T00:26:21.702817+00:00,20260825T235526Z_heavy_c2048_a9ff2b,1,[N/A],[N/A],213,40960,34.87,31
2026-08-26T00:26:21.702817+00:00,20260825T235526Z_heavy_c2048_a9ff2b,2,[N/A],[N/A],213,40960,35.24,31
2026-08-26T00:26:22.771449+00:00,20260825T235526Z_heavy_c2048_a9ff2b,0,[N/A],[N/A],12818,40960,35.48,32
2026-08-26T00:26:22.771449+00:00,20260825T235526Z_heavy_c2048_a9ff2b,1,[N/A],[N/A],213,40960,35.08,31
2026-08-26T00:26:22.771449+00:00,20260825T235526Z_heavy_c2048_a9ff2b,2,[N/A],[N/A],213,40960,35.33,31
2026-08-26T00:26:23.840233+00:00,20260825T235526Z_heavy_c2048_a9ff2b,0,[N/A],[N/A],12818,40960,35.38,32
2026-08-26T00:26:23.840233+00:00,20260825T235526Z_heavy_c2048_a9ff2b,1,[N/A],[N/A],213,40960,34.98,31
2026-08-26T00:26:23.840233+00:00,20260825T235526Z_heavy_c2048_a9ff2b,2,[N/A],[N/A],213,40960,35.62,31
2026-08-26T00:26:24.908637+00:00,20260825T235526Z_heavy_c2048_a9ff2b,0,[N/A],[N/A],12818,40960,35.38,32
2026-08-26T00:26:24.908637+00:00,20260825T235526Z_heavy_c2048_a9ff2b,1,[N/A],[N/A],213,40960,35.08,31
2026-08-26T00:26:24.908637+00:00,20260825T235526Z_heavy_c2048_a9ff2b,2,[N/A],[N/A],213,40960,35.33,31
2026-08-26T00:26:25.977503+00:00,20260825T235526Z_heavy_c2048_a9ff2b,0,[N/A],[N/A],12818,40960,35.68,32
2026-08-26T00:26:25.977503+00:00,20260825T235526Z_heavy_c2048_a9ff2b,1,[N/A],[N/A],213,40960,35.08,31
2026-08-26T00:26:25.977503+00:00,20260825T235526Z_heavy_c2048_a9ff2b,2,[N/A],[N/A],213,40960,35.33,31
2026-08-26T00:26:27.046744+00:00,20260825T235526Z_heavy_c2048_a9ff2b,0,[N/A],[N/A],12818,40960,35.38,32
2026-08-26T00:26:27.046744+00:00,20260825T235526Z_heavy_c2048_a9ff2b,1,[N/A],[N/A],213,40960,34.98,31
2026-08-26T00:26:27.046744+00:00,20260825T235526Z_heavy_c2048_a9ff2b,2,[N/A],[N/A],213,40960,35.42,31
2026-08-26T00:26:28.114059+00:00,20260825T235526Z_heavy_c2048_a9ff2b,0,[N/A],[N/A],12818,40960,35.17,32
2026-08-26T00:26:28.114059+00:00,20260825T235526Z_heavy_c2048_a9ff2b,1,[N/A],[N/A],213,40960,34.98,31
2026-08-26T00:26:28.114059+00:00,20260825T235526Z_heavy_c2048_a9ff2b,2,[N/A],[N/A],213,40960,35.33,31
2026-08-26T00:26:29.182774+00:00,20260825T235526Z_heavy_c2048_a9ff2b,0,[N/A],[N/A],12818,40960,36.46,32
2026-08-26T00:26:29.182774+00:00,20260825T235526Z_heavy_c2048_a9ff2b,1,[N/A],[N/A],213,40960,35.17,31
2026-08-26T00:26:29.182774+00:00,20260825T235526Z_heavy_c2048_a9ff2b,2,[N/A],[N/A],213,40960,35.62,31
2026-08-26T00:26:30.267608+00:00,20260825T235526Z_heavy_c2048_a9ff2b,0,[N/A],[N/A],12818,40960,35.17,32
2026-08-26T00:26:30.267608+00:00,20260825T235526Z_heavy_c2048_a9ff2b,1,[N/A],[N/A],213,40960,34.98,31
2026-08-26T00:26:30.267608+00:00,20260825T235526Z_heavy_c2048_a9ff2b,2,[N/A],[N/A],213,40960,35.52,31
2026-08-26T00:26:31.340221+00:00,20260825T235526Z_heavy_c2048_a9ff2b,0,[N/A],[N/A],12818,40960,35.17,32
2026-08-26T00:26:31.340221+00:00,20260825T235526Z_heavy_c2048_a9ff2b,1,[N/A],[N/A],213,40960,34.98,31
2026-08-26T00:26:31.340221+00:00,20260825T235526Z_heavy_c2048_a9ff2b,2,[N/A],[N/A],213,40960,35.33,31
2026-08-26T00:26:32.409918+00:00,20260825T235526Z_heavy_c2048_a9ff2b,0,[N/A],[N/A],12818,40960,35.17,32
2026-08-26T00:26:32.409918+00:00,20260825T235526Z_heavy_c2048_a9ff2b,1,[N/A],[N/A],213,40960,35.08,31
2026-08-26T00:26:32.409918+00:00,20260825T235526Z_heavy_c2048_a9ff2b,2,[N/A],[N/A],213,40960,35.33,31
2026-08-26T00:26:33.481077+00:00,20260825T235526Z_heavy_c2048_a9ff2b,0,[N/A],[N/A],12818,40960,35.07,32
2026-08-26T00:26:33.481077+00:00,20260825T235526Z_heavy_c2048_a9ff2b,1,[N/A],[N/A],213,40960,34.98,31
2026-08-26T00:26:33.481077+00:00,20260825T235526Z_heavy_c2048_a9ff2b,2,[N/A],[N/A],213,40960,35.62,31
2026-08-26T00:26:34.549627+00:00,20260825T235526Z_heavy_c2048_a9ff2b,0,[N/A],[N/A],12818,40960,35.17,32
2026-08-26T00:26:34.549627+00:00,20260825T235526Z_heavy_c2048_a9ff2b,1,[N/A],[N/A],213,40960,34.98,31
2026-08-26T00:26:34.549627+00:00,20260825T235526Z_heavy_c2048_a9ff2b,2,[N/A],[N/A],213,40960,35.24,31
2026-08-26T00:26:35.619561+00:00,20260825T235526Z_heavy_c2048_a9ff2b,0,[N/A],[N/A],12818,40960,35.49,32
2026-08-26T00:26:35.619561+00:00,20260825T235526Z_heavy_c2048_a9ff2b,1,[N/A],[N/A],213,40960,35.08,31
2026-08-26T00:26:35.619561+00:00,20260825T235526Z_heavy_c2048_a9ff2b,2,[N/A],[N/A],213,40960,35.33,31
2026-08-26T00:26:36.689162+00:00,20260825T235526Z_heavy_c2048_a9ff2b,0,[N/A],[N/A],12818,40960,35.17,32
2026-08-26T00:26:36.689162+00:00,20260825T235526Z_heavy_c2048_a9ff2b,1,[N/A],[N/A],213,40960,34.98,31
2026-08-26T00:26:36.689162+00:00,20260825T235526Z_heavy_c2048_a9ff2b,2,[N/A],[N/A],213,40960,35.33,31
2026-08-26T00:26:37.756676+00:00,20260825T235526Z_heavy_c2048_a9ff2b,0,[N/A],[N/A],12818,40960,35.07,32
2026-08-26T00:26:37.756676+00:00,20260825T235526Z_heavy_c2048_a9ff2b,1,[N/A],[N/A],213,40960,35.08,31
2026-08-26T00:26:37.756676+00:00,20260825T235526Z_heavy_c2048_a9ff2b,2,[N/A],[N/A],213,40960,35.33,31
2026-08-26T00:26:38.825944+00:00,20260825T235526Z_heavy_c2048_a9ff2b,0,[N/A],[N/A],12818,40960,35.17,32
2026-08-26T00:26:38.825944+00:00,20260825T235526Z_heavy_c2048_a9ff2b,1,[N/A],[N/A],213,40960,35.18,31
2026-08-26T00:26:38.825944+00:00,20260825T235526Z_heavy_c2048_a9ff2b,2,[N/A],[N/A],213,40960,35.42,31
2026-08-26T00:26:39.894434+00:00,20260825T235526Z_heavy_c2048_a9ff2b,0,[N/A],[N/A],12818,40960,35.17,32
2026-08-26T00:26:39.894434+00:00,20260825T235526Z_heavy_c2048_a9ff2b,1,[N/A],[N/A],213,40960,34.88,31
2026-08-26T00:26:39.894434+00:00,20260825T235526Z_heavy_c2048_a9ff2b,2,[N/A],[N/A],213,40960,35.33,31
2026-08-26T00:26:40.964049+00:00,20260825T235526Z_heavy_c2048_a9ff2b,0,[N/A],[N/A],12818,40960,35.27,32
2026-08-26T00:26:40.964049+00:00,20260825T235526Z_heavy_c2048_a9ff2b,1,[N/A],[N/A],213,40960,34.98,31
2026-08-26T00:26:40.964049+00:00,20260825T235526Z_heavy_c2048_a9ff2b,2,[N/A],[N/A],213,40960,35.43,31
2026-08-26T00:26:42.037916+00:00,20260825T235526Z_heavy_c2048_a9ff2b,0,[N/A],[N/A],12818,40960,35.17,32
2026-08-26T00:26:42.037916+00:00,20260825T235526Z_heavy_c2048_a9ff2b,1,[N/A],[N/A],213,40960,34.88,31
2026-08-26T00:26:42.037916+00:00,20260825T235526Z_heavy_c2048_a9ff2b,2,[N/A],[N/A],213,40960,35.42,31
2026-08-26T00:26:43.107043+00:00,20260825T235526Z_heavy_c2048_a9ff2b,0,[N/A],[N/A],12818,40960,35.17,32
2026-08-26T00:26:43.107043+00:00,20260825T235526Z_heavy_c2048_a9ff2b,1,[N/A],[N/A],213,40960,34.98,31
2026-08-26T00:26:43.107043+00:00,20260825T235526Z_heavy_c2048_a9ff2b,2,[N/A],[N/A],213,40960,35.33,31
2026-08-26T00:26:44.175723+00:00,20260825T235526Z_heavy_c2048_a9ff2b,0,[N/A],[N/A],12818,40960,35.38,32
2026-08-26T00:26:44.175723+00:00,20260825T235526Z_heavy_c2048_a9ff2b,1,[N/A],[N/A],213,40960,34.98,31
2026-08-26T00:26:44.175723+00:00,20260825T235526Z_heavy_c2048_a9ff2b,2,[N/A],[N/A],213,40960,35.42,31
2026-08-26T00:26:45.256880+00:00,20260825T235526Z_heavy_c2048_a9ff2b,0,[N/A],[N/A],12818,40960,35.17,32
2026-08-26T00:26:45.256880+00:00,20260825T235526Z_heavy_c2048_a9ff2b,1,[N/A],[N/A],213,40960,34.98,31
2026-08-26T00:26:45.256880+00:00,20260825T235526Z_heavy_c2048_a9ff2b,2,[N/A],[N/A],213,40960,35.42,31
2026-08-26T00:26:46.326185+00:00,20260825T235526Z_heavy_c2048_a9ff2b,0,[N/A],[N/A],12818,40960,35.17,32
2026-08-26T00:26:46.326185+00:00,20260825T235526Z_heavy_c2048_a9ff2b,1,[N/A],[N/A],213,40960,34.88,31
2026-08-26T00:26:46.326185+00:00,20260825T235526Z_heavy_c2048_a9ff2b,2,[N/A],[N/A],213,40960,35.52,31
2026-08-26T00:26:47.406510+00:00,20260825T235526Z_heavy_c2048_a9ff2b,0,[N/A],[N/A],12818,40960,35.17,32
2026-08-26T00:26:47.406510+00:00,20260825T235526Z_heavy_c2048_a9ff2b,1,[N/A],[N/A],213,40960,34.88,31
2026-08-26T00:26:47.406510+00:00,20260825T235526Z_heavy_c2048_a9ff2b,2,[N/A],[N/A],213,40960,35.33,31
2026-08-26T00:26:48.475820+00:00,20260825T235526Z_heavy_c2048_a9ff2b,0,[N/A],[N/A],12818,40960,35.88,32
2026-08-26T00:26:48.475820+00:00,20260825T235526Z_heavy_c2048_a9ff2b,1,[N/A],[N/A],213,40960,34.98,31
2026-08-26T00:26:48.475820+00:00,20260825T235526Z_heavy_c2048_a9ff2b,2,[N/A],[N/A],213,40960,35.42,31
2026-08-26T00:26:49.545220+00:00,20260825T235526Z_heavy_c2048_a9ff2b,0,[N/A],[N/A],12818,40960,35.07,32
2026-08-26T00:26:49.545220+00:00,20260825T235526Z_heavy_c2048_a9ff2b,1,[N/A],[N/A],213,40960,34.98,31
2026-08-26T00:26:49.545220+00:00,20260825T235526Z_heavy_c2048_a9ff2b,2,[N/A],[N/A],213,40960,35.81,31
2026-08-26T00:26:50.617827+00:00,20260825T235526Z_heavy_c2048_a9ff2b,0,[N/A],[N/A],12818,40960,35.27,32
2026-08-26T00:26:50.617827+00:00,20260825T235526Z_heavy_c2048_a9ff2b,1,[N/A],[N/A],213,40960,34.98,31
2026-08-26T00:26:50.617827+00:00,20260825T235526Z_heavy_c2048_a9ff2b,2,[N/A],[N/A],213,40960,35.33,31
2026-08-26T00:26:51.686100+00:00,20260825T235526Z_heavy_c2048_a9ff2b,0,[N/A],[N/A],12818,40960,35.27,32
2026-08-26T00:26:51.686100+00:00,20260825T235526Z_heavy_c2048_a9ff2b,1,[N/A],[N/A],213,40960,35.08,31
2026-08-26T00:26:51.686100+00:00,20260825T235526Z_heavy_c2048_a9ff2b,2,[N/A],[N/A],213,40960,35.42,31
2026-08-26T00:26:52.754282+00:00,20260825T235526Z_heavy_c2048_a9ff2b,0,[N/A],[N/A],12818,40960,35.17,32
2026-08-26T00:26:52.754282+00:00,20260825T235526Z_heavy_c2048_a9ff2b,1,[N/A],[N/A],213,40960,34.98,31
2026-08-26T00:26:52.754282+00:00,20260825T235526Z_heavy_c2048_a9ff2b,2,[N/A],[N/A],213,40960,35.43,31
2026-08-26T00:26:53.824652+00:00,20260825T235526Z_heavy_c2048_a9ff2b,0,[N/A],[N/A],12818,40960,35.17,32
2026-08-26T00:26:53.824652+00:00,20260825T235526Z_heavy_c2048_a9ff2b,1,[N/A],[N/A],213,40960,34.88,31
2026-08-26T00:26:53.824652+00:00,20260825T235526Z_heavy_c2048_a9ff2b,2,[N/A],[N/A],213,40960,35.43,31
2026-08-26T00:26:54.894690+00:00,20260825T235526Z_heavy_c2048_a9ff2b,0,[N/A],[N/A],12818,40960,35.17,32
2026-08-26T00:26:54.894690+00:00,20260825T235526Z_heavy_c2048_a9ff2b,1,[N/A],[N/A],213,40960,35.08,31
2026-08-26T00:26:54.894690+00:00,20260825T235526Z_heavy_c2048_a9ff2b,2,[N/A],[N/A],213,40960,35.52,31
2026-08-26T00:26:55.963399+00:00,20260825T235526Z_heavy_c2048_a9ff2b,0,[N/A],[N/A],12818,40960,35.27,32
2026-08-26T00:26:55.963399+00:00,20260825T235526Z_heavy_c2048_a9ff2b,1,[N/A],[N/A],213,40960,34.98,31
2026-08-26T00:26:55.963399+00:00,20260825T235526Z_heavy_c2048_a9ff2b,2,[N/A],[N/A],213,40960,35.43,31
2026-08-26T00:26:57.031861+00:00,20260825T235526Z_heavy_c2048_a9ff2b,0,[N/A],[N/A],12818,40960,35.38,32
2026-08-26T00:26:57.031861+00:00,20260825T235526Z_heavy_c2048_a9ff2b,1,[N/A],[N/A],213,40960,34.88,31
2026-08-26T00:26:57.031861+00:00,20260825T235526Z_heavy_c2048_a9ff2b,2,[N/A],[N/A],213,40960,35.42,31
2026-08-26T00:26:58.099983+00:00,20260825T235526Z_heavy_c2048_a9ff2b,0,[N/A],[N/A],12818,40960,35.17,32
2026-08-26T00:26:58.099983+00:00,20260825T235526Z_heavy_c2048_a9ff2b,1,[N/A],[N/A],213,40960,34.98,31
2026-08-26T00:26:58.099983+00:00,20260825T235526Z_heavy_c2048_a9ff2b,2,[N/A],[N/A],213,40960,35.42,31
2026-08-26T00:26:59.170617+00:00,20260825T235526Z_heavy_c2048_a9ff2b,0,[N/A],[N/A],12818,40960,35.49,32
2026-08-26T00:26:59.170617+00:00,20260825T235526Z_heavy_c2048_a9ff2b,1,[N/A],[N/A],213,40960,34.98,31
2026-08-26T00:26:59.170617+00:00,20260825T235526Z_heavy_c2048_a9ff2b,2,[N/A],[N/A],213,40960,35.43,31
2026-08-26T00:27:00.248955+00:00,20260825T235526Z_heavy_c2048_a9ff2b,0,[N/A],[N/A],12818,40960,35.27,32
2026-08-26T00:27:00.248955+00:00,20260825T235526Z_heavy_c2048_a9ff2b,1,[N/A],[N/A],213,40960,34.88,31
2026-08-26T00:27:00.248955+00:00,20260825T235526Z_heavy_c2048_a9ff2b,2,[N/A],[N/A],213,40960,35.42,31
2026-08-26T00:27:01.306110+00:00,20260825T235526Z_heavy_c2048_a9ff2b,0,[N/A],[N/A],12818,40960,35.17,32
2026-08-26T00:27:01.306110+00:00,20260825T235526Z_heavy_c2048_a9ff2b,1,[N/A],[N/A],213,40960,34.88,31
2026-08-26T00:27:01.306110+00:00,20260825T235526Z_heavy_c2048_a9ff2b,2,[N/A],[N/A],213,40960,35.42,31
2026-08-26T00:27:02.374873+00:00,20260825T235526Z_heavy_c2048_a9ff2b,0,[N/A],[N/A],12818,40960,35.17,32
2026-08-26T00:27:02.374873+00:00,20260825T235526Z_heavy_c2048_a9ff2b,1,[N/A],[N/A],213,40960,34.98,31
2026-08-26T00:27:02.374873+00:00,20260825T235526Z_heavy_c2048_a9ff2b,2,[N/A],[N/A],213,40960,35.43,31
2026-08-26T00:27:03.443824+00:00,20260825T235526Z_heavy_c2048_a9ff2b,0,[N/A],[N/A],12818,40960,35.38,32
2026-08-26T00:27:03.443824+00:00,20260825T235526Z_heavy_c2048_a9ff2b,1,[N/A],[N/A],213,40960,34.88,31
2026-08-26T00:27:03.443824+00:00,20260825T235526Z_heavy_c2048_a9ff2b,2,[N/A],[N/A],213,40960,35.42,31
2026-08-26T00:27:04.513272+00:00,20260825T235526Z_heavy_c2048_a9ff2b,0,[N/A],[N/A],12818,40960,35.17,32
2026-08-26T00:27:04.513272+00:00,20260825T235526Z_heavy_c2048_a9ff2b,1,[N/A],[N/A],213,40960,34.98,31
2026-08-26T00:27:04.513272+00:00,20260825T235526Z_heavy_c2048_a9ff2b,2,[N/A],[N/A],213,40960,35.52,31
2026-08-26T00:27:05.585433+00:00,20260825T235526Z_heavy_c2048_a9ff2b,0,[N/A],[N/A],12818,40960,35.27,32
2026-08-26T00:27:05.585433+00:00,20260825T235526Z_heavy_c2048_a9ff2b,1,[N/A],[N/A],213,40960,34.88,31
2026-08-26T00:27:05.585433+00:00,20260825T235526Z_heavy_c2048_a9ff2b,2,[N/A],[N/A],213,40960,35.33,31
2026-08-26T00:27:06.653669+00:00,20260825T235526Z_heavy_c2048_a9ff2b,0,[N/A],[N/A],12818,40960,35.78,32
2026-08-26T00:27:06.653669+00:00,20260825T235526Z_heavy_c2048_a9ff2b,1,[N/A],[N/A],213,40960,34.98,31
2026-08-26T00:27:06.653669+00:00,20260825T235526Z_heavy_c2048_a9ff2b,2,[N/A],[N/A],213,40960,35.42,31
2026-08-26T00:27:07.722678+00:00,20260825T235526Z_heavy_c2048_a9ff2b,0,[N/A],[N/A],12818,40960,35.27,32
2026-08-26T00:27:07.722678+00:00,20260825T235526Z_heavy_c2048_a9ff2b,1,[N/A],[N/A],213,40960,34.98,31
2026-08-26T00:27:07.722678+00:00,20260825T235526Z_heavy_c2048_a9ff2b,2,[N/A],[N/A],213,40960,35.33,31
2026-08-26T00:27:08.788301+00:00,20260825T235526Z_heavy_c2048_a9ff2b,0,[N/A],[N/A],12818,40960,35.17,32
2026-08-26T00:27:08.788301+00:00,20260825T235526Z_heavy_c2048_a9ff2b,1,[N/A],[N/A],213,40960,34.98,31
2026-08-26T00:27:08.788301+00:00,20260825T235526Z_heavy_c2048_a9ff2b,2,[N/A],[N/A],213,40960,35.43,31
2026-08-26T00:27:09.858352+00:00,20260825T235526Z_heavy_c2048_a9ff2b,0,[N/A],[N/A],12818,40960,35.28,32
2026-08-26T00:27:09.858352+00:00,20260825T235526Z_heavy_c2048_a9ff2b,1,[N/A],[N/A],213,40960,34.98,31
2026-08-26T00:27:09.858352+00:00,20260825T235526Z_heavy_c2048_a9ff2b,2,[N/A],[N/A],213,40960,35.42,31
2026-08-26T00:27:10.927124+00:00,20260825T235526Z_heavy_c2048_a9ff2b,0,[N/A],[N/A],12818,40960,35.28,32
2026-08-26T00:27:10.927124+00:00,20260825T235526Z_heavy_c2048_a9ff2b,1,[N/A],[N/A],213,40960,34.98,31
2026-08-26T00:27:10.927124+00:00,20260825T235526Z_heavy_c2048_a9ff2b,2,[N/A],[N/A],213,40960,35.33,31
2026-08-26T00:27:11.995842+00:00,20260825T235526Z_heavy_c2048_a9ff2b,0,[N/A],[N/A],12818,40960,35.38,32
2026-08-26T00:27:11.995842+00:00,20260825T235526Z_heavy_c2048_a9ff2b,1,[N/A],[N/A],213,40960,34.98,31
2026-08-26T00:27:11.995842+00:00,20260825T235526Z_heavy_c2048_a9ff2b,2,[N/A],[N/A],213,40960,35.43,31
2026-08-26T00:27:13.061574+00:00,20260825T235526Z_heavy_c2048_a9ff2b,0,[N/A],[N/A],12818,40960,35.17,32
2026-08-26T00:27:13.061574+00:00,20260825T235526Z_heavy_c2048_a9ff2b,1,[N/A],[N/A],213,40960,35.37,31
2026-08-26T00:27:13.061574+00:00,20260825T235526Z_heavy_c2048_a9ff2b,2,[N/A],[N/A],213,40960,35.42,31
2026-08-26T00:27:14.130922+00:00,20260825T235526Z_heavy_c2048_a9ff2b,0,[N/A],[N/A],12818,40960,35.38,32
2026-08-26T00:27:14.130922+00:00,20260825T235526Z_heavy_c2048_a9ff2b,1,[N/A],[N/A],213,40960,34.88,31
2026-08-26T00:27:14.130922+00:00,20260825T235526Z_heavy_c2048_a9ff2b,2,[N/A],[N/A],213,40960,35.43,31
2026-08-26T00:27:15.210886+00:00,20260825T235526Z_heavy_c2048_a9ff2b,0,[N/A],[N/A],12818,40960,35.38,32
2026-08-26T00:27:15.210886+00:00,20260825T235526Z_heavy_c2048_a9ff2b,1,[N/A],[N/A],213,40960,34.98,31
2026-08-26T00:27:15.210886+00:00,20260825T235526Z_heavy_c2048_a9ff2b,2,[N/A],[N/A],213,40960,35.43,31
2026-08-26T00:27:16.279428+00:00,20260825T235526Z_heavy_c2048_a9ff2b,0,[N/A],[N/A],12818,40960,35.27,32
2026-08-26T00:27:16.279428+00:00,20260825T235526Z_heavy_c2048_a9ff2b,1,[N/A],[N/A],213,40960,35.18,31
2026-08-26T00:27:16.279428+00:00,20260825T235526Z_heavy_c2048_a9ff2b,2,[N/A],[N/A],213,40960,35.42,31
2026-08-26T00:27:17.349558+00:00,20260825T235526Z_heavy_c2048_a9ff2b,0,[N/A],[N/A],12818,40960,35.27,32
2026-08-26T00:27:17.349558+00:00,20260825T235526Z_heavy_c2048_a9ff2b,1,[N/A],[N/A],213,40960,34.98,31
2026-08-26T00:27:17.349558+00:00,20260825T235526Z_heavy_c2048_a9ff2b,2,[N/A],[N/A],213,40960,35.42,31
2026-08-26T00:27:18.417937+00:00,20260825T235526Z_heavy_c2048_a9ff2b,0,[N/A],[N/A],12818,40960,35.48,32
2026-08-26T00:27:18.417937+00:00,20260825T235526Z_heavy_c2048_a9ff2b,1,[N/A],[N/A],213,40960,34.98,31
2026-08-26T00:27:18.417937+00:00,20260825T235526Z_heavy_c2048_a9ff2b,2,[N/A],[N/A],213,40960,35.42,31
2026-08-26T00:27:19.488269+00:00,20260825T235526Z_heavy_c2048_a9ff2b,0,[N/A],[N/A],12818,40960,35.38,32
2026-08-26T00:27:19.488269+00:00,20260825T235526Z_heavy_c2048_a9ff2b,1,[N/A],[N/A],213,40960,34.98,31
2026-08-26T00:27:19.488269+00:00,20260825T235526Z_heavy_c2048_a9ff2b,2,[N/A],[N/A],213,40960,35.42,31
2026-08-26T00:27:20.557098+00:00,20260825T235526Z_heavy_c2048_a9ff2b,0,[N/A],[N/A],12818,40960,35.28,32
2026-08-26T00:27:20.557098+00:00,20260825T235526Z_heavy_c2048_a9ff2b,1,[N/A],[N/A],213,40960,34.98,31
2026-08-26T00:27:20.557098+00:00,20260825T235526Z_heavy_c2048_a9ff2b,2,[N/A],[N/A],213,40960,35.43,31
2026-08-26T00:27:21.625581+00:00,20260825T235526Z_heavy_c2048_a9ff2b,0,[N/A],[N/A],12818,40960,35.38,32
2026-08-26T00:27:21.625581+00:00,20260825T235526Z_heavy_c2048_a9ff2b,1,[N/A],[N/A],213,40960,34.98,31
2026-08-26T00:27:21.625581+00:00,20260825T235526Z_heavy_c2048_a9ff2b,2,[N/A],[N/A],213,40960,35.42,31
2026-08-26T00:27:22.694274+00:00,20260825T235526Z_heavy_c2048_a9ff2b,0,[N/A],[N/A],12818,40960,35.27,32
2026-08-26T00:27:22.694274+00:00,20260825T235526Z_heavy_c2048_a9ff2b,1,[N/A],[N/A],213,40960,34.98,31
2026-08-26T00:27:22.694274+00:00,20260825T235526Z_heavy_c2048_a9ff2b,2,[N/A],[N/A],213,40960,35.62,31
2026-08-26T00:27:23.762035+00:00,20260825T235526Z_heavy_c2048_a9ff2b,0,[N/A],[N/A],12818,40960,35.28,32
2026-08-26T00:27:23.762035+00:00,20260825T235526Z_heavy_c2048_a9ff2b,1,[N/A],[N/A],213,40960,34.98,31
2026-08-26T00:27:23.762035+00:00,20260825T235526Z_heavy_c2048_a9ff2b,2,[N/A],[N/A],213,40960,35.33,31
2026-08-26T00:27:24.831928+00:00,20260825T235526Z_heavy_c2048_a9ff2b,0,[N/A],[N/A],12818,40960,35.38,32
2026-08-26T00:27:24.831928+00:00,20260825T235526Z_heavy_c2048_a9ff2b,1,[N/A],[N/A],213,40960,34.98,31
2026-08-26T00:27:24.831928+00:00,20260825T235526Z_heavy_c2048_a9ff2b,2,[N/A],[N/A],213,40960,35.33,31
2026-08-26T00:27:25.903703+00:00,20260825T235526Z_heavy_c2048_a9ff2b,0,[N/A],[N/A],12818,40960,35.27,32
2026-08-26T00:27:25.903703+00:00,20260825T235526Z_heavy_c2048_a9ff2b,1,[N/A],[N/A],213,40960,35.08,31
2026-08-26T00:27:25.903703+00:00,20260825T235526Z_heavy_c2048_a9ff2b,2,[N/A],[N/A],213,40960,35.62,31
2026-08-26T00:27:26.974658+00:00,20260825T235526Z_heavy_c2048_a9ff2b,0,[N/A],[N/A],12818,40960,35.38,32
2026-08-26T00:27:26.974658+00:00,20260825T235526Z_heavy_c2048_a9ff2b,1,[N/A],[N/A],213,40960,34.98,31
2026-08-26T00:27:26.974658+00:00,20260825T235526Z_heavy_c2048_a9ff2b,2,[N/A],[N/A],213,40960,35.33,31
2026-08-26T00:27:28.045484+00:00,20260825T235526Z_heavy_c2048_a9ff2b,0,[N/A],[N/A],12818,40960,35.27,32
2026-08-26T00:27:28.045484+00:00,20260825T235526Z_heavy_c2048_a9ff2b,1,[N/A],[N/A],213,40960,35.08,31
2026-08-26T00:27:28.045484+00:00,20260825T235526Z_heavy_c2048_a9ff2b,2,[N/A],[N/A],213,40960,35.42,31
2026-08-26T00:27:29.112993+00:00,20260825T235526Z_heavy_c2048_a9ff2b,0,[N/A],[N/A],12818,40960,35.27,32
2026-08-26T00:27:29.112993+00:00,20260825T235526Z_heavy_c2048_a9ff2b,1,[N/A],[N/A],213,40960,35.08,31
2026-08-26T00:27:29.112993+00:00,20260825T235526Z_heavy_c2048_a9ff2b,2,[N/A],[N/A],213,40960,35.42,31
2026-08-26T00:27:30.190077+00:00,20260825T235526Z_heavy_c2048_a9ff2b,0,[N/A],[N/A],12818,40960,35.49,32
2026-08-26T00:27:30.190077+00:00,20260825T235526Z_heavy_c2048_a9ff2b,1,[N/A],[N/A],213,40960,34.98,31
2026-08-26T00:27:30.190077+00:00,20260825T235526Z_heavy_c2048_a9ff2b,2,[N/A],[N/A],213,40960,35.43,31
2026-08-26T00:27:31.253873+00:00,20260825T235526Z_heavy_c2048_a9ff2b,0,[N/A],[N/A],12818,40960,35.38,32
2026-08-26T00:27:31.253873+00:00,20260825T235526Z_heavy_c2048_a9ff2b,1,[N/A],[N/A],213,40960,35.08,31
2026-08-26T00:27:31.253873+00:00,20260825T235526Z_heavy_c2048_a9ff2b,2,[N/A],[N/A],213,40960,35.42,31
2026-08-26T00:27:32.325170+00:00,20260825T235526Z_heavy_c2048_a9ff2b,0,[N/A],[N/A],12818,40960,35.38,32
2026-08-26T00:27:32.325170+00:00,20260825T235526Z_heavy_c2048_a9ff2b,1,[N/A],[N/A],213,40960,34.98,31
2026-08-26T00:27:32.325170+00:00,20260825T235526Z_heavy_c2048_a9ff2b,2,[N/A],[N/A],213,40960,35.33,31
2026-08-26T00:27:33.393158+00:00,20260825T235526Z_heavy_c2048_a9ff2b,0,[N/A],[N/A],12818,40960,35.48,32
2026-08-26T00:27:33.393158+00:00,20260825T235526Z_heavy_c2048_a9ff2b,1,[N/A],[N/A],213,40960,35.08,31
2026-08-26T00:27:33.393158+00:00,20260825T235526Z_heavy_c2048_a9ff2b,2,[N/A],[N/A],213,40960,35.33,31
2026-08-26T00:27:34.461589+00:00,20260825T235526Z_heavy_c2048_a9ff2b,0,[N/A],[N/A],12818,40960,35.27,32
2026-08-26T00:27:34.461589+00:00,20260825T235526Z_heavy_c2048_a9ff2b,1,[N/A],[N/A],213,40960,35.08,31
2026-08-26T00:27:34.461589+00:00,20260825T235526Z_heavy_c2048_a9ff2b,2,[N/A],[N/A],213,40960,35.42,31
2026-08-26T00:27:35.534317+00:00,20260825T235526Z_heavy_c2048_a9ff2b,0,[N/A],[N/A],12818,40960,35.07,32
2026-08-26T00:27:35.534317+00:00,20260825T235526Z_heavy_c2048_a9ff2b,1,[N/A],[N/A],213,40960,34.98,31
2026-08-26T00:27:35.534317+00:00,20260825T235526Z_heavy_c2048_a9ff2b,2,[N/A],[N/A],213,40960,35.33,31
2026-08-26T00:27:36.604023+00:00,20260825T235526Z_heavy_c2048_a9ff2b,0,[N/A],[N/A],12818,40960,35.27,32
2026-08-26T00:27:36.604023+00:00,20260825T235526Z_heavy_c2048_a9ff2b,1,[N/A],[N/A],213,40960,34.98,31
2026-08-26T00:27:36.604023+00:00,20260825T235526Z_heavy_c2048_a9ff2b,2,[N/A],[N/A],213,40960,35.42,31
2026-08-26T00:27:37.673177+00:00,20260825T235526Z_heavy_c2048_a9ff2b,0,[N/A],[N/A],12818,40960,35.17,32
2026-08-26T00:27:37.673177+00:00,20260825T235526Z_heavy_c2048_a9ff2b,1,[N/A],[N/A],213,40960,35.08,31
2026-08-26T00:27:37.673177+00:00,20260825T235526Z_heavy_c2048_a9ff2b,2,[N/A],[N/A],213,40960,35.42,31
2026-08-26T00:27:38.741555+00:00,20260825T235526Z_heavy_c2048_a9ff2b,0,[N/A],[N/A],12818,40960,35.07,32
2026-08-26T00:27:38.741555+00:00,20260825T235526Z_heavy_c2048_a9ff2b,1,[N/A],[N/A],213,40960,34.98,31
2026-08-26T00:27:38.741555+00:00,20260825T235526Z_heavy_c2048_a9ff2b,2,[N/A],[N/A],213,40960,35.43,31
2026-08-26T00:27:39.810492+00:00,20260825T235526Z_heavy_c2048_a9ff2b,0,[N/A],[N/A],12818,40960,35.27,32
2026-08-26T00:27:39.810492+00:00,20260825T235526Z_heavy_c2048_a9ff2b,1,[N/A],[N/A],213,40960,34.98,31
2026-08-26T00:27:39.810492+00:00,20260825T235526Z_heavy_c2048_a9ff2b,2,[N/A],[N/A],213,40960,35.42,31
2026-08-26T00:27:40.889729+00:00,20260825T235526Z_heavy_c2048_a9ff2b,0,[N/A],[N/A],12818,40960,35.17,32
2026-08-26T00:27:40.889729+00:00,20260825T235526Z_heavy_c2048_a9ff2b,1,[N/A],[N/A],213,40960,35.08,31
2026-08-26T00:27:40.889729+00:00,20260825T235526Z_heavy_c2048_a9ff2b,2,[N/A],[N/A],213,40960,35.42,31
2026-08-26T00:27:41.960247+00:00,20260825T235526Z_heavy_c2048_a9ff2b,0,[N/A],[N/A],12818,40960,35.07,32
2026-08-26T00:27:41.960247+00:00,20260825T235526Z_heavy_c2048_a9ff2b,1,[N/A],[N/A],213,40960,35.08,31
2026-08-26T00:27:41.960247+00:00,20260825T235526Z_heavy_c2048_a9ff2b,2,[N/A],[N/A],213,40960,35.43,31
2026-08-26T00:27:43.028973+00:00,20260825T235526Z_heavy_c2048_a9ff2b,0,[N/A],[N/A],12818,40960,35.27,32
2026-08-26T00:27:43.028973+00:00,20260825T235526Z_heavy_c2048_a9ff2b,1,[N/A],[N/A],213,40960,35.08,31
2026-08-26T00:27:43.028973+00:00,20260825T235526Z_heavy_c2048_a9ff2b,2,[N/A],[N/A],213,40960,35.33,31
2026-08-26T00:27:44.098011+00:00,20260825T235526Z_heavy_c2048_a9ff2b,0,[N/A],[N/A],12818,40960,35.17,32
2026-08-26T00:27:44.098011+00:00,20260825T235526Z_heavy_c2048_a9ff2b,1,[N/A],[N/A],213,40960,35.17,31
2026-08-26T00:27:44.098011+00:00,20260825T235526Z_heavy_c2048_a9ff2b,2,[N/A],[N/A],213,40960,35.33,31
2026-08-26T00:27:45.174086+00:00,20260825T235526Z_heavy_c2048_a9ff2b,0,[N/A],[N/A],12818,40960,35.17,32
2026-08-26T00:27:45.174086+00:00,20260825T235526Z_heavy_c2048_a9ff2b,1,[N/A],[N/A],213,40960,34.98,31
2026-08-26T00:27:45.174086+00:00,20260825T235526Z_heavy_c2048_a9ff2b,2,[N/A],[N/A],213,40960,35.33,31
2026-08-26T00:27:46.244114+00:00,20260825T235526Z_heavy_c2048_a9ff2b,0,[N/A],[N/A],12818,40960,35.27,32
2026-08-26T00:27:46.244114+00:00,20260825T235526Z_heavy_c2048_a9ff2b,1,[N/A],[N/A],213,40960,34.98,31
2026-08-26T00:27:46.244114+00:00,20260825T235526Z_heavy_c2048_a9ff2b,2,[N/A],[N/A],213,40960,35.33,31
2026-08-26T00:27:47.313532+00:00,20260825T235526Z_heavy_c2048_a9ff2b,0,[N/A],[N/A],12818,40960,35.17,32
2026-08-26T00:27:47.313532+00:00,20260825T235526Z_heavy_c2048_a9ff2b,1,[N/A],[N/A],213,40960,34.98,31
2026-08-26T00:27:47.313532+00:00,20260825T235526Z_heavy_c2048_a9ff2b,2,[N/A],[N/A],213,40960,35.42,31
2026-08-26T00:27:48.383066+00:00,20260825T235526Z_heavy_c2048_a9ff2b,0,[N/A],[N/A],12818,40960,35.17,32
2026-08-26T00:27:48.383066+00:00,20260825T235526Z_heavy_c2048_a9ff2b,1,[N/A],[N/A],213,40960,34.98,31
2026-08-26T00:27:48.383066+00:00,20260825T235526Z_heavy_c2048_a9ff2b,2,[N/A],[N/A],213,40960,35.42,31
2026-08-26T00:27:49.463803+00:00,20260825T235526Z_heavy_c2048_a9ff2b,0,[N/A],[N/A],12818,40960,35.28,32
2026-08-26T00:27:49.463803+00:00,20260825T235526Z_heavy_c2048_a9ff2b,1,[N/A],[N/A],213,40960,34.88,31
2026-08-26T00:27:49.463803+00:00,20260825T235526Z_heavy_c2048_a9ff2b,2,[N/A],[N/A],213,40960,35.42,31
2026-08-26T00:27:50.529916+00:00,20260825T235526Z_heavy_c2048_a9ff2b,0,[N/A],[N/A],12818,40960,35.07,32
2026-08-26T00:27:50.529916+00:00,20260825T235526Z_heavy_c2048_a9ff2b,1,[N/A],[N/A],213,40960,34.98,31
2026-08-26T00:27:50.529916+00:00,20260825T235526Z_heavy_c2048_a9ff2b,2,[N/A],[N/A],213,40960,35.42,31
2026-08-26T00:27:51.600348+00:00,20260825T235526Z_heavy_c2048_a9ff2b,0,[N/A],[N/A],12818,40960,35.07,32
2026-08-26T00:27:51.600348+00:00,20260825T235526Z_heavy_c2048_a9ff2b,1,[N/A],[N/A],213,40960,34.88,31
2026-08-26T00:27:51.600348+00:00,20260825T235526Z_heavy_c2048_a9ff2b,2,[N/A],[N/A],213,40960,35.33,31
2026-08-26T00:27:52.681100+00:00,20260825T235526Z_heavy_c2048_a9ff2b,0,[N/A],[N/A],12818,40960,35.38,32
2026-08-26T00:27:52.681100+00:00,20260825T235526Z_heavy_c2048_a9ff2b,1,[N/A],[N/A],213,40960,34.98,31
2026-08-26T00:27:52.681100+00:00,20260825T235526Z_heavy_c2048_a9ff2b,2,[N/A],[N/A],213,40960,35.33,31
2026-08-26T00:27:53.749504+00:00,20260825T235526Z_heavy_c2048_a9ff2b,0,[N/A],[N/A],12818,40960,35.17,32
2026-08-26T00:27:53.749504+00:00,20260825T235526Z_heavy_c2048_a9ff2b,1,[N/A],[N/A],213,40960,34.98,31
2026-08-26T00:27:53.749504+00:00,20260825T235526Z_heavy_c2048_a9ff2b,2,[N/A],[N/A],213,40960,35.42,31
2026-08-26T00:27:54.819038+00:00,20260825T235526Z_heavy_c2048_a9ff2b,0,[N/A],[N/A],12818,40960,35.07,32
2026-08-26T00:27:54.819038+00:00,20260825T235526Z_heavy_c2048_a9ff2b,1,[N/A],[N/A],213,40960,34.98,31
2026-08-26T00:27:54.819038+00:00,20260825T235526Z_heavy_c2048_a9ff2b,2,[N/A],[N/A],213,40960,35.43,31
2026-08-26T00:27:55.887872+00:00,20260825T235526Z_heavy_c2048_a9ff2b,0,[N/A],[N/A],12818,40960,35.17,32
2026-08-26T00:27:55.887872+00:00,20260825T235526Z_heavy_c2048_a9ff2b,1,[N/A],[N/A],213,40960,34.88,31
2026-08-26T00:27:55.887872+00:00,20260825T235526Z_heavy_c2048_a9ff2b,2,[N/A],[N/A],213,40960,35.43,31
2026-08-26T00:27:56.968934+00:00,20260825T235526Z_heavy_c2048_a9ff2b,0,[N/A],[N/A],12818,40960,35.17,32
2026-08-26T00:27:56.968934+00:00,20260825T235526Z_heavy_c2048_a9ff2b,1,[N/A],[N/A],213,40960,35.08,31
2026-08-26T00:27:56.968934+00:00,20260825T235526Z_heavy_c2048_a9ff2b,2,[N/A],[N/A],213,40960,35.42,31
2026-08-26T00:27:58.037500+00:00,20260825T235526Z_heavy_c2048_a9ff2b,0,[N/A],[N/A],12818,40960,35.17,32
2026-08-26T00:27:58.037500+00:00,20260825T235526Z_heavy_c2048_a9ff2b,1,[N/A],[N/A],213,40960,34.88,31
2026-08-26T00:27:58.037500+00:00,20260825T235526Z_heavy_c2048_a9ff2b,2,[N/A],[N/A],213,40960,35.43,31
2026-08-26T00:27:59.106084+00:00,20260825T235526Z_heavy_c2048_a9ff2b,0,[N/A],[N/A],12818,40960,35.38,32
2026-08-26T00:27:59.106084+00:00,20260825T235526Z_heavy_c2048_a9ff2b,1,[N/A],[N/A],213,40960,34.98,31
2026-08-26T00:27:59.106084+00:00,20260825T235526Z_heavy_c2048_a9ff2b,2,[N/A],[N/A],213,40960,35.33,31
2026-08-26T00:28:00.185001+00:00,20260825T235526Z_heavy_c2048_a9ff2b,0,[N/A],[N/A],12818,40960,35.27,32
2026-08-26T00:28:00.185001+00:00,20260825T235526Z_heavy_c2048_a9ff2b,1,[N/A],[N/A],213,40960,34.88,31
2026-08-26T00:28:00.185001+00:00,20260825T235526Z_heavy_c2048_a9ff2b,2,[N/A],[N/A],213,40960,35.43,31
